region,split,year,is_nonveg,longitude,latitude
ME,train,2021,False,-71.04085,45.177345
ME,train,2022,False,-71.03773,45.174397
ME,val,2021,True,-71.03497,44.93567
ME,train,2021,False,-71.03292,44.704964
ME,train,2021,False,-71.02571,45.13752
ME,train,2020,False,-71.02089,45.207546
ME,train,2021,False,-71.018074,45.134693
ME,train,2021,False,-71.01695,45.13484
ME,train,2022,False,-71.00587,44.653584
ME,train,2021,True,-70.99964,45.12625
ME,train,2021,True,-70.9986,44.226486
ME,train,2021,False,-70.99759,45.130665
ME,train,2021,False,-70.99079,44.23131
ME,train,2021,False,-70.987595,44.846684
ME,train,2024,False,-70.986115,43.913837
ME,train,2021,True,-70.985054,44.168476
ME,train,2023,True,-70.98228,44.15741
ME,train,2021,False,-70.98144,44.86344
ME,val,2021,False,-70.98074,44.189262
ME,val,2022,True,-70.97996,44.021095
ME,val,2021,True,-70.97898,44.020874
ME,train,2022,False,-70.97451,44.00722
ME,train,2021,False,-70.97363,44.83429
ME,train,2021,True,-70.97037,43.60378
ME,train,2020,False,-70.968544,43.861366
ME,train,2024,False,-70.96833,43.8334
ME,train,2021,False,-70.966324,43.60102
ME,train,2021,False,-70.96511,44.722557
ME,val,2021,False,-70.96492,43.420967
ME,train,2020,False,-70.96492,43.826088
ME,train,2021,False,-70.963646,44.86119
ME,train,2020,False,-70.96251,43.768246
ME,val,2021,False,-70.962395,43.429993
ME,train,2021,False,-70.9603,43.856373
ME,train,2021,False,-70.95993,44.0225
ME,train,2021,False,-70.95954,44.24217
ME,train,2020,True,-70.95943,44.20713
ME,val,2020,True,-70.95912,43.995358
ME,val,2024,False,-70.95657,43.988617
ME,val,2020,False,-70.9558,43.981422
ME,train,2020,False,-70.95346,45.260216
ME,train,2022,False,-70.95331,44.057884
ME,train,2021,False,-70.952354,43.516182
ME,val,2021,False,-70.950966,43.349663
ME,train,2021,True,-70.946014,44.113194
ME,train,2021,False,-70.94424,43.639305
ME,train,2020,False,-70.94401,43.86625
ME,train,2020,False,-70.94387,43.77717
ME,train,2021,False,-70.943855,43.62784
ME,train,2020,True,-70.940475,43.373665
ME,train,2023,False,-70.93853,43.811874
ME,val,2020,False,-70.93539,44.59492
ME,val,2021,False,-70.93244,44.83574
ME,train,2023,True,-70.931595,44.11629
ME,train,2020,True,-70.9268,43.55737
ME,train,2022,True,-70.92602,44.775257
ME,train,2021,False,-70.92184,43.812813
ME,train,2020,True,-70.92164,44.089382
ME,train,2022,False,-70.920715,44.41248
ME,train,2021,False,-70.918144,43.589928
ME,val,2024,False,-70.917336,43.758453
ME,train,2021,True,-70.914894,43.65119
ME,train,2021,False,-70.91231,43.55603
ME,train,2021,False,-70.911896,44.033108
ME,train,2022,False,-70.90833,44.400967
ME,train,2021,True,-70.90739,43.52437
ME,train,2021,False,-70.905014,44.936695
ME,train,2020,False,-70.90407,43.30805
ME,train,2022,False,-70.90332,43.307777
ME,train,2021,False,-70.90244,43.503788
ME,val,2020,False,-70.89953,43.975716
ME,val,2022,False,-70.89929,43.426937
ME,val,2021,False,-70.898994,43.434746
ME,val,2021,True,-70.898384,43.43471
ME,train,2021,False,-70.89489,43.364494
ME,val,2021,True,-70.89226,43.436863
ME,train,2021,False,-70.88922,44.22282
ME,train,2021,False,-70.88728,44.13552
ME,train,2021,False,-70.88676,43.65263
ME,train,2021,False,-70.8854,43.653244
ME,train,2022,True,-70.88495,44.1408
ME,train,2020,False,-70.884636,44.1344
ME,train,2020,False,-70.884285,44.135315
ME,val,2021,False,-70.88377,43.432583
ME,train,2024,False,-70.882614,43.32245
ME,train,2022,True,-70.88207,43.569946
ME,val,2021,True,-70.88179,43.4381
ME,train,2022,False,-70.877815,44.20067
ME,train,2021,False,-70.87694,43.3991
ME,train,2023,False,-70.87603,44.2164
ME,train,2024,False,-70.87432,43.3481
ME,train,2021,False,-70.872345,44.212006
ME,train,2022,False,-70.86914,44.049267
ME,val,2020,False,-70.86903,44.773186
ME,train,2024,False,-70.86899,43.633263
ME,train,2022,False,-70.868576,43.28481
ME,train,2020,True,-70.868065,44.646847
ME,train,2022,True,-70.867836,44.036842
ME,train,2021,False,-70.86529,43.69033
ME,val,2021,True,-70.86453,43.55271
ME,val,2022,False,-70.864494,44.088703
ME,train,2020,False,-70.86385,44.03975
ME,train,2021,False,-70.863304,43.482147
ME,train,2021,False,-70.86295,43.66052
ME,train,2021,False,-70.861916,43.65972
ME,train,2022,False,-70.86132,44.05428
ME,val,2022,False,-70.86088,44.943356
ME,train,2021,False,-70.86053,43.650166
ME,train,2021,False,-70.858986,43.54668
ME,val,2021,False,-70.85848,44.94455
ME,val,2021,True,-70.85831,43.560753
ME,train,2021,False,-70.8561,43.52891
ME,val,2020,False,-70.85578,45.215565
ME,val,2021,False,-70.85329,43.48633
ME,train,2023,False,-70.85319,44.188328
ME,train,2021,False,-70.85147,43.616196
ME,train,2020,False,-70.848495,43.751015
ME,val,2024,True,-70.84826,44.75039
ME,train,2021,False,-70.848076,43.66122
ME,train,2022,False,-70.84704,43.5836
ME,val,2020,True,-70.8469,44.503284
ME,train,2020,False,-70.846855,43.974594
ME,train,2021,False,-70.84664,43.376305
ME,train,2020,True,-70.843765,44.35863
ME,train,2022,True,-70.84339,45.010906
ME,val,2020,False,-70.83842,44.685192
ME,train,2021,False,-70.83622,43.74283
ME,train,2020,True,-70.82978,43.96966
ME,train,2022,False,-70.82962,44.16698
ME,train,2021,False,-70.82809,43.571922
ME,train,2021,False,-70.82774,45.02733
ME,train,2021,True,-70.827614,43.753994
ME,train,2021,False,-70.82526,43.54957
ME,train,2024,False,-70.82452,44.46068
ME,train,2022,True,-70.82371,43.783062
ME,train,2021,False,-70.82193,45.02753
ME,val,2022,True,-70.82133,43.60369
ME,train,2020,False,-70.82025,43.80809
ME,train,2022,False,-70.81676,43.443058
ME,val,2024,False,-70.81647,44.213486
ME,val,2021,True,-70.81542,44.21248
ME,val,2020,False,-70.81225,43.72724
ME,train,2020,True,-70.812,43.568977
ME,val,2020,True,-70.81173,44.201138
ME,train,2021,False,-70.811485,44.04312
ME,train,2021,False,-70.80949,43.651745
ME,train,2020,False,-70.80929,43.443825
ME,val,2020,True,-70.809135,44.20314
ME,train,2024,False,-70.80408,43.85973
ME,train,2021,False,-70.80171,43.168526
ME,train,2022,True,-70.80137,43.838432
ME,train,2022,True,-70.80122,45.021282
ME,train,2020,False,-70.80064,43.21687
ME,train,2023,False,-70.800026,43.120285
ME,val,2020,False,-70.798996,44.7927
ME,val,2022,True,-70.7979,44.423176
ME,train,2022,False,-70.797226,43.30841
ME,train,2022,True,-70.797165,43.1113
ME,val,2024,False,-70.79699,44.259388
ME,train,2023,True,-70.796776,43.220226
ME,train,2024,False,-70.795685,43.704548
ME,train,2020,False,-70.793846,44.54419
ME,train,2021,False,-70.79308,45.388767
ME,train,2020,False,-70.79247,43.8598
ME,train,2020,False,-70.791435,43.976017
ME,train,2024,True,-70.790695,43.35566
ME,train,2021,False,-70.79036,43.656124
ME,val,2021,False,-70.789276,45.00232
ME,train,2021,True,-70.78768,43.286617
ME,val,2024,True,-70.785995,44.465614
ME,train,2022,False,-70.78591,45.153984
ME,train,2021,True,-70.784325,43.548218
ME,train,2021,False,-70.78389,43.704185
ME,val,2022,False,-70.78125,45.312447
ME,train,2022,False,-70.78013,44.382717
ME,train,2024,False,-70.77941,43.224022
ME,train,2024,True,-70.778015,43.268436
ME,train,2020,True,-70.777664,43.1281
ME,val,2022,True,-70.77317,43.435326
ME,train,2020,True,-70.77203,44.91799
ME,train,2022,False,-70.76888,44.88501
ME,val,2024,True,-70.7679,44.0807
ME,val,2021,True,-70.76755,45.223637
ME,val,2021,True,-70.767395,43.174576
ME,train,2021,True,-70.76626,45.15014
ME,train,2022,True,-70.76456,43.773746
ME,train,2021,False,-70.75854,43.60172
ME,train,2022,True,-70.75738,43.391235
ME,train,2022,True,-70.756424,43.08936
ME,train,2020,False,-70.756065,44.3104
ME,val,2021,False,-70.75505,43.651592
ME,train,2023,False,-70.75416,44.927998
ME,train,2023,False,-70.752235,45.18084
ME,train,2021,False,-70.75054,43.50396
ME,train,2022,True,-70.74785,43.14343
ME,train,2021,False,-70.74782,43.49246
ME,train,2022,False,-70.74616,44.34524
ME,train,2021,False,-70.745766,43.49789
ME,train,2021,False,-70.74569,43.502483
ME,train,2020,False,-70.74564,43.501377
ME,train,2020,False,-70.74562,43.501904
ME,train,2023,False,-70.74489,44.99296
ME,train,2020,False,-70.74489,45.111473
ME,train,2021,False,-70.74464,43.4957
ME,train,2024,True,-70.74379,45.11115
ME,train,2021,True,-70.74352,43.302094
ME,train,2021,False,-70.74302,44.359737
ME,train,2023,False,-70.74287,45.145374
ME,train,2020,True,-70.74244,44.486294
ME,train,2020,False,-70.74037,44.846745
ME,train,2022,False,-70.73998,43.801094
ME,train,2024,True,-70.73971,43.09387
ME,train,2021,False,-70.73856,43.596657
ME,train,2021,False,-70.7384,43.266148
ME,train,2020,True,-70.736275,44.283985
ME,train,2021,False,-70.73625,43.43727
ME,train,2023,True,-70.735344,44.907154
ME,train,2020,False,-70.73492,44.86843
ME,train,2024,True,-70.73392,43.097546
ME,train,2024,False,-70.73209,43.4159
ME,train,2021,False,-70.73163,43.415432
ME,train,2023,False,-70.73056,43.415466
ME,train,2021,False,-70.730515,43.5081
ME,train,2021,False,-70.73033,43.522263
ME,train,2021,False,-70.73005,44.857937
ME,train,2020,True,-70.728355,43.51948
ME,train,2021,True,-70.727196,43.09424
ME,train,2021,False,-70.726875,43.6053
ME,train,2020,True,-70.72611,44.845253
ME,train,2023,False,-70.72541,44.847466
ME,train,2021,True,-70.7236,43.59439
ME,train,2022,False,-70.72233,43.112293
ME,train,2023,False,-70.7218,43.729927
ME,val,2024,False,-70.72067,43.22113
ME,val,2020,False,-70.71993,44.46357
ME,train,2020,False,-70.71941,43.84439
ME,train,2024,True,-70.71919,43.100395
ME,val,2021,False,-70.71893,43.360542
ME,train,2021,False,-70.71889,43.592316
ME,train,2021,False,-70.717224,43.42787
ME,train,2024,True,-70.71608,44.18011
ME,train,2022,False,-70.715904,44.371674
ME,train,2020,False,-70.71533,44.234398
ME,train,2021,False,-70.71526,43.182495
ME,train,2020,False,-70.71317,43.174294
ME,val,2021,False,-70.71111,43.365562
ME,train,2020,False,-70.71069,44.75949
ME,train,2021,False,-70.71007,43.335884
ME,val,2021,True,-70.70782,43.61391
ME,train,2021,False,-70.70683,44.857117
ME,train,2021,True,-70.70471,43.48491
ME,train,2020,False,-70.70327,44.7328
ME,train,2024,True,-70.70042,44.09516
ME,train,2024,False,-70.698074,44.156384
ME,val,2020,False,-70.69649,43.23048
ME,train,2020,False,-70.69247,43.209164
ME,val,2023,False,-70.69241,43.067894
ME,val,2022,False,-70.69231,43.068485
ME,train,2021,False,-70.6923,43.135868
ME,val,2023,False,-70.691956,43.212677
ME,val,2021,False,-70.69172,43.51953
ME,val,2024,False,-70.69136,44.806915
ME,train,2020,False,-70.69111,44.756336
ME,train,2024,False,-70.69019,43.612034
ME,val,2024,True,-70.687126,43.114655
ME,train,2022,True,-70.68695,44.06026
ME,val,2021,False,-70.68675,43.3745
ME,val,2023,False,-70.68664,43.07058
ME,train,2020,True,-70.686485,43.12638
ME,val,2023,False,-70.68603,43.0708
ME,train,2022,False,-70.68445,43.21645
ME,train,2024,False,-70.6844,44.21835
ME,train,2020,False,-70.68427,43.16729
ME,train,2021,True,-70.68395,44.49242
ME,train,2020,False,-70.682915,43.669094
ME,train,2021,False,-70.678314,43.175377
ME,train,2021,False,-70.67698,44.25785
ME,train,2023,False,-70.67484,43.179787
ME,train,2022,False,-70.674644,43.14176
ME,val,2021,False,-70.67452,43.10964
ME,val,2020,False,-70.67391,43.10893
ME,train,2024,False,-70.67332,43.303898
ME,val,2022,False,-70.668655,43.087772
ME,train,2024,False,-70.6677,43.236057
ME,train,2022,False,-70.66348,43.58315
ME,train,2022,False,-70.66313,43.379436
ME,val,2020,True,-70.6629,43.08832
ME,train,2024,False,-70.6629,43.141205
ME,train,2020,False,-70.661064,43.186707
ME,train,2022,True,-70.66079,43.12153
ME,train,2021,False,-70.660255,43.549797
ME,train,2022,False,-70.65978,43.184708
ME,train,2022,True,-70.65595,43.18974
ME,val,2023,False,-70.65295,43.203506
ME,train,2020,False,-70.65241,43.257305
ME,train,2022,True,-70.65153,44.965412
ME,val,2021,True,-70.64818,44.37729
ME,val,2020,False,-70.64715,43.9933
ME,train,2024,False,-70.6467,43.10826
ME,val,2021,False,-70.64605,43.528515
ME,train,2020,False,-70.64554,44.631275
ME,train,2022,True,-70.644615,43.199543
ME,val,2023,True,-70.640564,43.13515
ME,val,2024,True,-70.63777,44.95399
ME,val,2020,False,-70.6359,43.13482
ME,val,2020,True,-70.63548,43.13419
ME,train,2020,False,-70.63535,43.23494
ME,train,2022,False,-70.6324,44.9574
ME,train,2020,False,-70.63175,43.813156
ME,train,2020,False,-70.62952,44.726376
ME,val,2022,True,-70.62906,43.13641
ME,train,2022,False,-70.627884,43.227367
ME,train,2023,False,-70.62523,44.981495
ME,train,2022,False,-70.623695,43.783215
ME,train,2021,False,-70.62201,43.836834
ME,train,2023,False,-70.62166,45.313995
ME,val,2020,False,-70.62125,43.47087
ME,train,2024,False,-70.62095,43.89664
ME,train,2020,False,-70.62064,44.73159
ME,train,2024,True,-70.61683,43.25
ME,train,2022,True,-70.61636,43.352768
ME,train,2023,True,-70.61421,44.89468
ME,val,2024,False,-70.61104,44.514885
ME,train,2021,False,-70.60817,44.089424
ME,train,2024,False,-70.60596,43.390507
ME,val,2020,False,-70.604836,44.268528
ME,train,2021,False,-70.60238,43.27909
ME,train,2020,False,-70.600914,44.21325
ME,train,2021,True,-70.5992,43.24899
ME,train,2022,False,-70.5991,43.408653
ME,val,2020,False,-70.59762,43.4558
ME,train,2020,True,-70.597374,43.360363
ME,train,2020,False,-70.59589,44.83465
ME,train,2021,False,-70.5946,44.926357
ME,train,2020,False,-70.594,44.838177
ME,train,2021,True,-70.59333,44.974392
ME,val,2020,True,-70.59295,43.495388
ME,val,2022,False,-70.59162,43.203716
ME,train,2021,False,-70.59037,44.157932
ME,val,2021,True,-70.58903,43.26264
ME,train,2021,False,-70.58642,43.917515
ME,train,2022,True,-70.58591,44.28393
ME,train,2021,False,-70.58545,44.15502
ME,train,2022,False,-70.584915,44.660667
ME,train,2020,True,-70.58391,43.39431
ME,train,2020,False,-70.58347,43.482704
ME,train,2023,False,-70.58129,44.60159
ME,train,2023,True,-70.5808,43.21993
ME,train,2021,True,-70.579834,44.10036
ME,train,2022,False,-70.57975,43.739983
ME,train,2023,False,-70.57975,43.740402
ME,train,2023,False,-70.57956,43.684944
ME,train,2022,False,-70.579155,43.74006
ME,train,2021,False,-70.57911,45.0644
ME,val,2020,False,-70.577415,44.73495
ME,train,2020,False,-70.57511,44.97499
ME,train,2024,True,-70.57391,43.41242
ME,val,2020,True,-70.57199,43.29097
ME,val,2022,False,-70.57195,43.745296
ME,train,2022,False,-70.57175,43.72822
ME,val,2023,False,-70.57073,43.390797
ME,val,2023,True,-70.57029,43.785004
ME,train,2024,True,-70.56975,45.27063
ME,train,2022,True,-70.56653,43.718815
ME,train,2022,True,-70.56456,43.46173
ME,train,2023,False,-70.56184,44.34275
ME,val,2021,True,-70.559204,44.21971
ME,train,2024,False,-70.558,43.328526
ME,train,2022,False,-70.557976,44.732037
ME,val,2020,False,-70.55724,43.395535
ME,val,2021,False,-70.555405,44.116844
ME,val,2021,True,-70.55533,44.97744
ME,train,2023,False,-70.55262,45.035187
ME,train,2021,True,-70.54867,43.779377
ME,train,2020,False,-70.54722,43.332882
ME,val,2020,False,-70.54684,44.750664
ME,train,2022,False,-70.545616,43.34325
ME,train,2022,False,-70.54527,43.337227
ME,train,2020,False,-70.53564,44.420246
ME,train,2024,False,-70.5346,44.432644
ME,train,2024,False,-70.52955,43.654842
ME,train,2024,True,-70.52854,43.394867
ME,train,2022,False,-70.52738,43.877373
ME,train,2022,True,-70.52685,43.3506
ME,train,2022,False,-70.52619,43.660175
ME,train,2020,True,-70.526,43.636005
ME,train,2024,False,-70.52506,44.280556
ME,train,2023,False,-70.52338,45.134056
ME,train,2021,False,-70.52235,44.90711
ME,train,2023,False,-70.51993,43.346706
ME,train,2020,False,-70.51779,43.363617
ME,train,2020,False,-70.51712,44.042194
ME,train,2022,True,-70.51684,44.859005
ME,train,2020,False,-70.51598,45.181385
ME,train,2022,False,-70.514694,44.078274
ME,train,2020,False,-70.51434,43.76335
ME,train,2022,False,-70.51183,43.383186
ME,train,2020,False,-70.51049,44.607964
ME,train,2020,True,-70.508125,43.34461
ME,train,2021,False,-70.50769,45.179688
ME,val,2021,False,-70.5055,43.609142
ME,train,2020,False,-70.50492,43.459415
ME,train,2024,False,-70.504074,43.358772
ME,train,2022,False,-70.499535,43.3968
ME,train,2021,False,-70.49937,43.376225
ME,train,2024,True,-70.498695,45.246155
ME,train,2024,False,-70.49804,43.535507
ME,train,2021,True,-70.49705,44.150284
ME,train,2021,False,-70.488556,45.596405
ME,train,2021,True,-70.48632,43.36086
ME,train,2022,False,-70.486244,43.363556
ME,train,2023,False,-70.48489,43.792908
ME,val,2023,False,-70.48473,43.82778
ME,train,2023,False,-70.48337,44.016376
ME,train,2024,False,-70.48257,43.915585
ME,val,2023,False,-70.4825,43.830452
ME,train,2020,False,-70.481995,43.489204
ME,train,2021,False,-70.47978,44.677258
ME,train,2024,False,-70.47895,43.990448
ME,train,2023,False,-70.478325,43.47064
ME,train,2021,True,-70.47741,43.35486
ME,train,2024,True,-70.474686,44.7114
ME,train,2024,False,-70.47464,44.71661
ME,train,2023,True,-70.4739,43.47277
ME,train,2021,False,-70.473305,44.480503
ME,train,2022,True,-70.472275,43.387157
ME,train,2022,False,-70.47219,43.36565
ME,train,2021,False,-70.4718,43.671844
ME,train,2021,False,-70.46927,43.58759
ME,train,2024,False,-70.46902,43.433296
ME,train,2021,False,-70.46895,44.219284
ME,train,2020,False,-70.467896,44.000202
ME,train,2021,True,-70.46723,44.214195
ME,train,2021,False,-70.46624,44.162476
ME,train,2024,False,-70.4655,43.587082
ME,val,2022,True,-70.46536,43.84626
ME,train,2023,True,-70.465294,43.405743
ME,train,2021,True,-70.461555,43.57137
ME,train,2020,False,-70.46048,43.380596
ME,train,2020,False,-70.45945,43.38027
ME,train,2022,False,-70.45716,45.14732
ME,val,2023,True,-70.45689,43.84224
ME,train,2022,False,-70.45537,43.632957
ME,val,2020,True,-70.45494,43.755466
ME,train,2021,False,-70.45362,44.256172
ME,train,2022,False,-70.452194,43.67525
ME,train,2020,True,-70.45206,44.858883
ME,train,2022,False,-70.45117,44.362396
ME,train,2022,False,-70.45098,44.36889
ME,train,2022,True,-70.45,43.789574
ME,train,2020,False,-70.44959,43.384514
ME,val,2022,False,-70.449486,45.243847
ME,train,2022,False,-70.44831,43.488003
ME,train,2020,False,-70.44803,43.378994
ME,val,2022,False,-70.44775,44.355064
ME,train,2024,False,-70.44742,44.89249
ME,train,2023,False,-70.447136,43.456432
ME,train,2020,False,-70.44702,43.374985
ME,val,2022,False,-70.44553,45.24395
ME,train,2022,False,-70.44016,43.430305
ME,train,2022,False,-70.43952,44.248962
ME,train,2020,True,-70.438835,43.747482
ME,train,2021,True,-70.437805,43.3723
ME,val,2020,False,-70.43758,45.578583
ME,train,2023,False,-70.437294,43.58219
ME,val,2022,False,-70.43665,45.513466
ME,train,2020,False,-70.436134,45.604843
ME,train,2022,False,-70.433586,43.397842
ME,val,2020,False,-70.43276,43.35528
ME,val,2024,False,-70.43148,43.517216
ME,train,2020,False,-70.43138,43.73724
ME,train,2022,False,-70.42991,43.3964
ME,val,2020,False,-70.42943,44.418827
ME,train,2020,False,-70.4288,43.597584
ME,train,2020,True,-70.42838,44.311974
ME,train,2020,False,-70.428185,43.736107
ME,train,2020,False,-70.426,43.662968
ME,train,2021,True,-70.425934,43.566757
ME,train,2020,True,-70.42551,43.853294
ME,train,2020,False,-70.42442,44.41031
ME,train,2022,False,-70.4242,45.156693
ME,train,2020,False,-70.42244,43.82454
ME,train,2020,True,-70.4208,43.57626
ME,train,2022,False,-70.42076,43.575394
ME,train,2023,False,-70.419075,43.742466
ME,train,2021,False,-70.41901,43.795574
ME,train,2023,False,-70.41878,43.701588
ME,val,2024,False,-70.41682,43.86355
ME,train,2024,False,-70.41599,43.89227
ME,train,2020,False,-70.41551,43.679367
ME,train,2021,False,-70.41525,43.96241
ME,train,2024,False,-70.41508,44.112007
ME,train,2024,False,-70.41347,43.41952
ME,train,2020,True,-70.41338,43.90014
ME,train,2024,True,-70.41138,43.424374
ME,train,2024,False,-70.40961,44.067986
ME,train,2020,False,-70.40744,43.542866
ME,train,2024,True,-70.40717,43.632343
ME,train,2022,False,-70.40666,43.467186
ME,train,2024,True,-70.40439,43.57333
ME,train,2020,False,-70.40204,43.928177
ME,train,2020,False,-70.40132,45.58491
ME,train,2024,True,-70.399185,43.655254
ME,train,2024,False,-70.39916,43.926872
ME,train,2024,True,-70.39778,43.56444
ME,train,2024,False,-70.39675,43.404114
ME,train,2023,False,-70.3962,43.405205
ME,train,2024,True,-70.39339,43.503616
ME,train,2024,True,-70.39305,44.105522
ME,train,2022,False,-70.39255,43.466946
ME,train,2024,False,-70.3915,43.480637
ME,train,2024,True,-70.39081,43.454514
ME,train,2021,False,-70.39071,43.547363
ME,train,2020,False,-70.39028,43.92686
ME,train,2024,False,-70.38947,43.42531
ME,train,2022,False,-70.38899,43.496437
ME,train,2022,False,-70.38856,44.50471
ME,train,2020,False,-70.38819,43.549206
ME,train,2022,False,-70.38691,43.98772
ME,train,2024,False,-70.38656,43.946873
ME,train,2022,True,-70.38605,43.801804
ME,train,2023,False,-70.38503,43.899624
ME,train,2022,False,-70.382935,43.52715
ME,train,2021,False,-70.382576,43.44435
ME,train,2021,True,-70.37958,43.565884
ME,train,2024,True,-70.37899,43.662495
ME,val,2022,True,-70.37846,43.72176
ME,train,2020,True,-70.37619,43.428715
ME,train,2021,False,-70.37517,45.484142
ME,val,2023,False,-70.373184,44.681835
ME,train,2023,False,-70.37153,44.260525
ME,train,2024,False,-70.37146,43.80975
ME,train,2024,False,-70.37108,43.810284
ME,train,2023,False,-70.370384,44.674072
ME,train,2022,False,-70.36757,43.592064
ME,train,2024,False,-70.36653,43.99155
ME,train,2023,True,-70.366,43.67244
ME,train,2024,False,-70.36451,43.674305
ME,train,2022,False,-70.36356,43.88558
ME,train,2021,False,-70.363464,43.73723
ME,train,2020,False,-70.36338,43.97845
ME,train,2021,True,-70.36313,44.856552
ME,train,2020,True,-70.36252,44.014435
ME,train,2024,False,-70.36246,43.98219
ME,train,2024,False,-70.360275,43.76667
ME,train,2022,False,-70.358635,44.30951
ME,train,2021,False,-70.356636,43.796795
ME,train,2022,True,-70.356026,43.667564
ME,train,2021,True,-70.35586,43.57061
ME,train,2021,False,-70.35335,44.040764
ME,train,2020,True,-70.35179,43.5785
ME,train,2024,False,-70.35142,43.745483
ME,train,2022,False,-70.35006,44.588867
ME,val,2024,False,-70.349815,43.70161
ME,train,2020,False,-70.349754,44.087185
ME,train,2020,True,-70.34958,43.54357
ME,train,2024,False,-70.349106,43.744404
ME,train,2024,True,-70.34879,43.54311
ME,val,2024,False,-70.347664,43.724144
ME,train,2022,False,-70.347435,43.752853
ME,train,2024,False,-70.34481,43.57755
ME,train,2024,False,-70.34435,44.025753
ME,train,2021,True,-70.34194,43.767105
ME,train,2021,False,-70.34134,43.781124
ME,train,2020,False,-70.33971,44.378914
ME,train,2020,False,-70.3395,44.381535
ME,train,2022,True,-70.33932,43.612564
ME,train,2020,False,-70.3379,43.581295
ME,train,2024,False,-70.33751,43.581318
ME,val,2023,False,-70.33744,43.92127
ME,train,2021,False,-70.33514,43.97836
ME,val,2020,True,-70.3347,44.096935
ME,val,2020,True,-70.33358,44.08814
ME,train,2021,True,-70.33305,44.352734
ME,train,2021,False,-70.33301,45.598843
ME,train,2023,True,-70.333,43.868725
ME,train,2020,False,-70.33275,45.6951
ME,train,2021,True,-70.33154,44.867653
ME,train,2020,True,-70.33093,44.11892
ME,train,2020,False,-70.329216,44.02184
ME,train,2020,False,-70.32508,45.036777
ME,val,2020,True,-70.32468,43.864784
ME,train,2024,False,-70.32175,43.66711
ME,train,2020,False,-70.32109,44.4091
ME,train,2021,False,-70.32018,45.61524
ME,train,2020,False,-70.31861,43.618828
ME,train,2023,True,-70.31406,44.29922
ME,train,2024,False,-70.31171,43.847282
ME,val,2022,False,-70.31158,43.887775
ME,train,2021,True,-70.31033,43.672634
ME,train,2024,True,-70.30897,45.055107
ME,train,2021,False,-70.3074,43.68379
ME,train,2023,True,-70.30709,43.700424
ME,train,2021,True,-70.30702,43.667797
ME,train,2022,False,-70.30606,43.68359
ME,train,2021,False,-70.30554,43.682835
ME,train,2020,False,-70.30495,43.68354
ME,train,2023,True,-70.30448,43.69096
ME,train,2023,False,-70.304405,43.683945
ME,train,2021,False,-70.30387,43.971195
ME,train,2021,False,-70.303444,43.684216
ME,train,2022,False,-70.30277,43.83128
ME,train,2021,True,-70.301056,44.112854
ME,train,2020,True,-70.30067,43.657337
ME,train,2023,False,-70.29995,43.994396
ME,train,2020,False,-70.298195,44.167152
ME,train,2023,False,-70.297485,43.634415
ME,train,2024,False,-70.29724,43.70168
ME,train,2020,False,-70.29415,43.67749
ME,train,2021,False,-70.293526,43.7606
ME,train,2021,False,-70.29277,43.7739
ME,val,2021,False,-70.29215,44.459785
ME,train,2023,False,-70.291245,44.36278
ME,train,2021,True,-70.29118,44.474262
ME,train,2021,False,-70.28579,45.69113
ME,train,2024,False,-70.28515,43.56364
ME,train,2023,True,-70.284996,43.676483
ME,val,2021,False,-70.28454,43.827694
ME,val,2020,True,-70.284485,43.738163
ME,val,2020,True,-70.284485,43.748577
ME,train,2021,True,-70.282234,43.813004
ME,train,2024,False,-70.28041,44.123165
ME,train,2020,False,-70.280235,43.78819
ME,train,2021,True,-70.28018,43.81433
ME,train,2023,False,-70.27807,44.17199
ME,val,2021,False,-70.2771,43.7605
ME,val,2022,False,-70.27511,43.58493
ME,train,2023,True,-70.27412,44.089336
ME,train,2023,False,-70.27361,45.476315
ME,train,2024,True,-70.27056,44.029728
ME,train,2024,False,-70.270454,44.197998
ME,train,2020,True,-70.269936,43.649944
ME,train,2020,True,-70.26884,43.645893
ME,val,2022,False,-70.26802,43.75299
ME,val,2022,False,-70.26615,45.088245
ME,train,2021,True,-70.266,43.81722
ME,train,2022,False,-70.265854,46.078003
ME,train,2020,False,-70.26549,43.82192
ME,val,2024,False,-70.26333,43.83579
ME,val,2020,False,-70.261406,43.699844
ME,train,2021,False,-70.26052,46.07827
ME,train,2020,True,-70.25988,44.161972
ME,train,2021,False,-70.25779,43.625813
ME,train,2022,False,-70.25635,43.62545
ME,train,2021,False,-70.25596,43.627243
ME,train,2020,False,-70.25594,43.626766
ME,train,2020,False,-70.25515,43.62778
ME,train,2023,False,-70.254906,45.619625
ME,val,2020,False,-70.2538,44.383564
ME,train,2020,False,-70.253555,43.62778
ME,train,2023,True,-70.25287,44.25287
ME,train,2020,True,-70.25279,43.787792
ME,train,2022,False,-70.2516,45.605476
ME,train,2020,False,-70.25015,43.784817
ME,train,2024,False,-70.249756,43.96675
ME,val,2020,False,-70.249374,43.579395
ME,train,2020,True,-70.24914,44.160824
ME,val,2024,False,-70.24817,43.58941
ME,train,2021,False,-70.24795,43.87939
ME,train,2021,False,-70.24756,43.742355
ME,train,2020,True,-70.24736,44.507164
ME,train,2021,True,-70.2459,43.662045
ME,train,2024,False,-70.24548,44.261482
ME,val,2023,True,-70.24506,43.59035
ME,train,2021,False,-70.24474,43.624195
ME,train,2021,True,-70.24444,45.47736
ME,val,2022,False,-70.24392,43.581543
ME,train,2023,False,-70.243835,44.05678
ME,train,2020,False,-70.24285,43.624477
ME,train,2021,False,-70.24273,46.098488
ME,train,2022,False,-70.24272,45.633125
ME,train,2023,True,-70.2421,43.6191
ME,val,2020,False,-70.24183,43.914623
ME,val,2020,True,-70.241516,43.732185
ME,val,2020,False,-70.24136,43.914677
ME,train,2022,True,-70.241135,46.073486
ME,train,2023,False,-70.241066,43.612946
ME,train,2020,True,-70.240746,43.621098
ME,train,2021,True,-70.240166,43.665783
ME,train,2022,False,-70.23965,43.74279
ME,val,2021,False,-70.239334,43.586918
ME,train,2024,False,-70.239204,43.617485
ME,val,2022,False,-70.238815,43.764008
ME,val,2023,False,-70.23881,43.591385
ME,train,2024,True,-70.23851,43.61947
ME,val,2024,False,-70.2374,43.591087
ME,train,2024,True,-70.23601,43.639793
ME,val,2023,False,-70.23574,43.7663
ME,train,2022,False,-70.23563,45.616924
ME,val,2022,False,-70.23484,43.766346
ME,train,2024,True,-70.23437,44.126316
ME,train,2020,True,-70.23429,43.622566
ME,train,2022,True,-70.23416,44.585835
ME,train,2023,False,-70.23194,43.630825
ME,val,2020,False,-70.23133,43.714127
ME,train,2020,True,-70.231186,43.689262
ME,train,2020,True,-70.229614,44.077328
ME,train,2021,True,-70.22816,43.687687
ME,train,2020,True,-70.22814,44.54319
ME,val,2024,False,-70.227875,44.185963
ME,train,2023,False,-70.226845,43.602753
ME,train,2022,True,-70.22665,43.627953
ME,train,2020,False,-70.22593,43.853645
ME,train,2020,False,-70.225655,44.47072
ME,train,2022,False,-70.225464,46.091736
ME,train,2020,False,-70.22436,44.15496
ME,train,2024,True,-70.22266,43.62147
ME,train,2020,False,-70.22242,43.595688
ME,train,2020,True,-70.22197,44.46161
ME,val,2021,True,-70.220856,43.91687
ME,train,2020,False,-70.220604,43.86599
ME,train,2021,True,-70.22021,45.861965
ME,train,2021,False,-70.22005,43.957905
ME,val,2024,False,-70.21962,44.326195
ME,train,2024,False,-70.21857,43.848755
ME,train,2021,True,-70.218346,45.9993
ME,train,2021,True,-70.21694,45.85584
ME,train,2020,False,-70.21646,43.61067
ME,train,2021,False,-70.21525,43.878155
ME,train,2022,True,-70.21462,44.441517
ME,train,2023,True,-70.213974,44.120983
ME,train,2022,False,-70.21279,44.128048
ME,train,2021,True,-70.21276,44.785126
ME,train,2021,False,-70.21236,43.98221
ME,train,2022,True,-70.21223,44.02245
ME,train,2022,True,-70.2117,43.92503
ME,train,2024,False,-70.21138,43.747017
ME,train,2021,False,-70.21128,44.01828
ME,train,2021,True,-70.20927,46.002895
ME,train,2022,False,-70.2082,43.79717
ME,train,2022,True,-70.20716,43.570133
ME,train,2022,False,-70.20603,44.436867
ME,train,2023,False,-70.205,44.436707
ME,val,2022,False,-70.20438,44.872253
ME,train,2022,True,-70.20397,44.61051
ME,val,2023,True,-70.20299,43.823742
ME,train,2022,False,-70.20287,44.94451
ME,val,2020,True,-70.20276,44.054165
ME,train,2022,False,-70.20199,44.840405
ME,train,2020,False,-70.20127,43.75539
ME,train,2021,True,-70.20004,44.079926
ME,train,2022,True,-70.19795,44.02654
ME,train,2020,False,-70.19768,43.795605
ME,train,2022,False,-70.19545,44.857777
ME,val,2024,True,-70.19472,44.092678
ME,train,2022,False,-70.19444,43.971725
ME,train,2022,True,-70.19363,44.03016
ME,train,2021,True,-70.192665,45.99442
ME,train,2022,True,-70.19223,43.79247
ME,train,2020,True,-70.18946,43.8072
ME,val,2023,True,-70.18938,44.039078
ME,train,2022,False,-70.18856,45.649574
ME,train,2023,False,-70.18692,43.653515
ME,train,2022,True,-70.18563,43.93309
ME,val,2022,False,-70.185135,44.056847
ME,train,2023,False,-70.18508,44.410145
ME,train,2023,False,-70.184944,44.409824
ME,train,2022,False,-70.18449,44.40973
ME,val,2022,True,-70.1842,44.22936
ME,train,2024,False,-70.18395,43.660545
ME,train,2020,False,-70.18383,43.94229
ME,val,2024,True,-70.18333,43.867588
ME,train,2020,False,-70.18119,43.65455
ME,train,2024,False,-70.17983,45.583366
ME,train,2024,True,-70.17805,43.798927
ME,train,2021,False,-70.177505,43.900074
ME,train,2022,False,-70.17295,44.11216
ME,train,2021,True,-70.169624,43.951397
ME,train,2021,False,-70.16765,45.22769
ME,train,2024,False,-70.16538,43.684883
ME,train,2020,False,-70.16407,45.231075
ME,train,2021,True,-70.16387,44.066654
ME,train,2020,False,-70.16387,45.128742
ME,train,2020,False,-70.16288,45.22813
ME,train,2020,True,-70.16283,44.06409
ME,val,2022,True,-70.16255,44.10671
ME,train,2021,False,-70.16216,44.301243
ME,train,2023,True,-70.16058,45.110367
ME,train,2023,False,-70.159256,44.618107
ME,train,2021,True,-70.15863,43.690308
ME,train,2022,False,-70.15826,43.689903
ME,train,2021,False,-70.158035,43.68883
ME,val,2021,True,-70.157616,43.930916
ME,train,2023,False,-70.15755,43.689266
ME,train,2024,False,-70.15737,45.19142
ME,train,2021,True,-70.15731,44.673843
ME,train,2020,False,-70.156944,43.68874
ME,val,2020,False,-70.15571,44.66663
ME,train,2022,False,-70.15507,44.398335
ME,train,2021,False,-70.153786,44.07928
ME,train,2022,False,-70.152855,43.824398
ME,train,2020,False,-70.15228,45.256275
ME,val,2021,False,-70.15096,43.75691
ME,train,2023,False,-70.15085,44.673996
ME,train,2023,True,-70.148636,44.67275
ME,val,2024,False,-70.1485,43.93059
ME,train,2021,True,-70.14822,44.66551
ME,train,2022,False,-70.14806,43.800842
ME,val,2022,True,-70.14713,45.560833
ME,train,2022,True,-70.14685,43.96897
ME,train,2021,False,-70.1463,43.96878
ME,train,2020,False,-70.14554,43.85747
ME,train,2021,False,-70.14549,43.958557
ME,train,2023,False,-70.14172,44.61014
ME,train,2021,True,-70.14152,45.217472
ME,train,2022,False,-70.139305,44.613342
ME,val,2021,False,-70.13871,43.7628
ME,val,2021,False,-70.13846,43.765915
ME,val,2020,True,-70.13638,43.758236
ME,val,2020,False,-70.136215,43.76189
ME,val,2024,False,-70.130905,44.960556
ME,train,2024,True,-70.13042,44.111305
ME,train,2022,False,-70.13011,43.825726
ME,train,2022,True,-70.1299,43.81582
ME,train,2021,False,-70.129395,45.224636
ME,train,2020,False,-70.12816,43.81933
ME,train,2024,True,-70.12598,43.760307
ME,train,2021,True,-70.12413,46.00388
ME,train,2024,False,-70.12404,43.650036
ME,train,2021,True,-70.12163,43.911865
ME,val,2021,False,-70.11917,44.96098
ME,train,2021,False,-70.118195,43.81274
ME,val,2020,False,-70.117584,44.556606
ME,train,2021,True,-70.11578,44.91663
ME,val,2020,True,-70.11543,44.501057
ME,train,2022,False,-70.1142,45.670235
ME,train,2020,False,-70.11376,44.04932
ME,train,2024,True,-70.11256,44.19562
ME,val,2022,True,-70.11175,43.849194
ME,train,2021,False,-70.11174,45.613464
ME,train,2024,True,-70.10666,44.005337
ME,train,2020,True,-70.10608,44.037518
ME,train,2024,False,-70.10509,43.835064
ME,train,2020,False,-70.10462,44.054222
ME,train,2021,True,-70.1043,46.35869
ME,val,2020,True,-70.103485,44.54917
ME,train,2023,True,-70.10068,43.829796
ME,train,2020,True,-70.09964,43.84344
ME,val,2021,False,-70.098335,44.56269
ME,val,2024,True,-70.09755,43.856792
ME,train,2021,False,-70.096664,44.71083
ME,train,2021,False,-70.09624,45.78768
ME,train,2020,False,-70.094154,44.242985
ME,train,2021,False,-70.09406,44.485497
ME,train,2021,False,-70.09375,44.77079
ME,train,2020,True,-70.09222,44.150013
ME,val,2021,True,-70.090126,43.91124
ME,train,2020,True,-70.08942,44.51889
ME,val,2021,True,-70.088715,44.633526
ME,train,2020,True,-70.08727,44.52344
ME,train,2024,False,-70.085686,43.842026
ME,train,2022,False,-70.0846,45.367855
ME,train,2020,False,-70.08422,44.423916
ME,train,2020,False,-70.08178,44.75661
ME,train,2020,True,-70.08074,43.849407
ME,val,2021,False,-70.07505,43.97362
ME,train,2021,True,-70.07154,43.90207
ME,train,2021,False,-70.0702,45.607796
ME,train,2023,False,-70.069115,44.701126
ME,train,2024,True,-70.0691,44.178207
ME,train,2024,False,-70.066605,43.946747
ME,val,2024,False,-70.06572,43.827164
ME,train,2020,False,-70.06538,44.53844
ME,train,2021,False,-70.062904,46.387684
ME,train,2023,False,-70.06272,46.2496
ME,train,2021,False,-70.06265,44.227837
ME,train,2021,False,-70.060326,46.075207
ME,train,2021,True,-70.06008,45.041023
ME,train,2023,True,-70.05891,44.23537
ME,train,2021,False,-70.056404,45.54552
ME,train,2022,True,-70.05637,45.69704
ME,train,2024,False,-70.05538,44.104134
ME,train,2020,True,-70.05503,44.547295
ME,val,2024,True,-70.05326,43.989746
ME,val,2021,False,-70.05246,43.711697
ME,val,2020,True,-70.05049,43.997234
ME,train,2020,False,-70.0495,44.321114
ME,train,2021,True,-70.04776,43.94529
ME,train,2022,True,-70.04687,45.676903
ME,val,2023,False,-70.046776,43.996834
ME,train,2020,False,-70.04599,44.110924
ME,val,2022,False,-70.04535,44.81247
ME,train,2021,False,-70.04273,43.73841
ME,train,2020,True,-70.04263,44.47533
ME,train,2021,False,-70.04029,43.90809
ME,val,2022,True,-70.03977,43.985718
ME,train,2023,False,-70.03929,44.97596
ME,train,2021,False,-70.03666,44.47781
ME,train,2022,False,-70.036476,45.698704
ME,val,2022,False,-70.03615,43.98841
ME,val,2021,False,-70.03412,44.301807
ME,val,2021,False,-70.03358,44.30133
ME,val,2022,False,-70.03194,45.43721
ME,train,2020,False,-70.03125,44.854122
ME,val,2024,False,-70.03038,44.30357
ME,train,2024,True,-70.02882,43.85575
ME,val,2022,False,-70.02518,44.302116
ME,val,2021,False,-70.0233,44.303013
ME,train,2021,False,-70.02029,44.12252
ME,train,2021,False,-70.01806,44.453888
ME,val,2023,True,-70.01803,44.27462
ME,train,2020,False,-70.01717,44.19047
ME,train,2022,False,-70.01235,43.91646
ME,train,2021,False,-70.01026,45.918083
ME,val,2020,False,-70.008675,44.28155
ME,train,2022,True,-70.00798,44.515984
ME,train,2023,True,-70.00645,43.894375
ME,train,2022,False,-70.00643,45.679375
ME,val,2022,False,-70.00479,43.86776
ME,train,2022,False,-70.004555,43.752487
ME,train,2021,False,-70.00084,43.903397
ME,train,2021,False,-69.997826,44.4818
ME,train,2020,False,-69.9955,44.416103
ME,train,2023,False,-69.99529,43.900604
ME,val,2021,False,-69.995186,43.84748
ME,train,2020,True,-69.9946,44.6194
ME,train,2021,False,-69.9945,44.835743
ME,train,2022,False,-69.99414,44.660297
ME,train,2022,False,-69.99269,43.934834
ME,train,2021,False,-69.99192,43.740284
ME,train,2024,True,-69.99103,43.913586
ME,train,2023,True,-69.98906,44.306133
ME,train,2021,False,-69.98848,45.21619
ME,val,2023,False,-69.98815,43.801144
ME,train,2024,False,-69.98695,43.88492
ME,train,2022,False,-69.986626,43.89485
ME,train,2022,False,-69.98531,45.10036
ME,train,2023,False,-69.98391,43.896736
ME,train,2023,False,-69.983154,44.56757
ME,val,2021,True,-69.98213,43.87008
ME,train,2021,True,-69.981766,43.912807
ME,val,2022,False,-69.981636,43.871307
ME,val,2022,True,-69.981636,44.43032
ME,val,2022,False,-69.97845,45.62591
ME,train,2022,False,-69.97641,45.746933
ME,val,2022,False,-69.975975,45.625175
ME,train,2024,False,-69.97511,45.082077
ME,train,2022,False,-69.97271,44.114086
ME,val,2023,False,-69.972534,43.811096
ME,val,2021,False,-69.971855,46.125595
ME,train,2020,False,-69.971794,43.919968
ME,val,2020,False,-69.97121,44.20218
ME,train,2021,False,-69.97068,44.858124
ME,train,2022,False,-69.970245,45.85494
ME,val,2022,False,-69.96936,44.416954
ME,train,2021,False,-69.96861,44.848183
ME,val,2022,True,-69.96669,45.61909
ME,train,2021,False,-69.965904,44.361668
ME,train,2021,False,-69.96534,44.361816
ME,train,2021,True,-69.965294,43.902676
ME,train,2023,False,-69.96514,45.250927
ME,train,2020,True,-69.96485,43.923515
ME,train,2021,False,-69.9644,43.826366
ME,train,2021,True,-69.96306,43.907593
ME,train,2022,False,-69.962845,44.97774
ME,train,2022,False,-69.962204,44.978306
ME,train,2022,False,-69.9622,44.957176
ME,train,2022,True,-69.96162,43.91024
ME,val,2021,False,-69.961555,44.224
ME,val,2021,False,-69.96093,43.8011
ME,train,2023,False,-69.960144,43.839264
ME,train,2023,True,-69.95995,43.93777
ME,val,2023,False,-69.959755,44.201702
ME,train,2021,False,-69.959305,43.880634
ME,train,2020,False,-69.95699,43.910942
ME,train,2024,False,-69.956085,43.89713
ME,train,2020,True,-69.9552,44.5548
ME,train,2023,False,-69.954834,44.55383
ME,train,2022,False,-69.95411,44.589096
ME,train,2023,False,-69.952805,45.178337
ME,train,2022,True,-69.9528,43.847622
ME,train,2023,True,-69.952065,43.91462
ME,train,2022,False,-69.95205,45.730503
ME,train,2023,False,-69.951675,45.650566
ME,train,2021,False,-69.95027,44.86471
ME,train,2021,True,-69.94898,43.90356
ME,train,2023,True,-69.94882,43.924805
ME,val,2020,False,-69.9486,43.786957
ME,train,2022,True,-69.94796,44.34995
ME,train,2022,False,-69.94735,46.696
ME,train,2021,False,-69.94681,44.549732
ME,train,2022,False,-69.94641,44.26339
ME,train,2022,False,-69.94547,44.725754
ME,train,2022,False,-69.94324,43.8621
ME,train,2020,False,-69.94282,44.601124
ME,train,2021,True,-69.94167,43.9229
ME,train,2024,False,-69.94119,43.935623
ME,train,2021,True,-69.93948,44.799847
ME,train,2024,False,-69.93854,43.865932
ME,train,2022,False,-69.93551,45.6385
ME,train,2024,False,-69.9354,43.838364
ME,val,2021,False,-69.934204,44.331974
ME,train,2020,False,-69.93159,43.98098
ME,val,2024,False,-69.9313,44.155853
ME,val,2020,False,-69.930115,43.868065
ME,train,2022,False,-69.92949,45.52045
ME,val,2024,False,-69.92893,43.870373
ME,train,2024,False,-69.92827,44.452328
ME,train,2022,False,-69.92812,44.224762
ME,train,2022,False,-69.92509,44.242306
ME,train,2022,True,-69.92417,43.858402
ME,train,2021,False,-69.92411,44.65525
ME,val,2021,False,-69.92186,44.6441
ME,train,2022,True,-69.920654,43.956944
ME,train,2020,False,-69.919914,44.561123
ME,train,2024,False,-69.919785,43.910885
ME,train,2024,True,-69.91936,44.061127
ME,val,2021,False,-69.918724,43.892433
ME,val,2021,False,-69.917854,46.42211
ME,train,2021,False,-69.91644,44.045017
ME,train,2021,False,-69.91638,43.95486
ME,train,2024,False,-69.9163,44.53582
ME,train,2020,False,-69.91472,44.046482
ME,train,2020,False,-69.912636,44.458744
ME,train,2020,True,-69.91249,43.935333
ME,train,2023,True,-69.91209,43.928715
ME,train,2022,True,-69.911095,44.909073
ME,train,2022,True,-69.90881,43.796604
ME,val,2024,False,-69.90798,43.880222
ME,train,2022,False,-69.90749,44.789352
ME,train,2020,False,-69.90625,43.979134
ME,train,2022,False,-69.90599,44.79376
ME,train,2024,False,-69.90496,44.04523
ME,train,2021,False,-69.90473,43.82556
ME,train,2021,False,-69.904434,44.547176
ME,val,2024,True,-69.90259,43.87441
ME,train,2020,False,-69.90214,44.917988
ME,train,2024,True,-69.90149,44.573513
ME,val,2024,False,-69.900185,43.87998
ME,train,2021,False,-69.898224,44.33607
ME,train,2023,False,-69.8977,44.35608
ME,train,2020,False,-69.897156,43.849174
ME,train,2022,True,-69.89691,44.8974
ME,train,2020,False,-69.89459,43.850033
ME,train,2020,True,-69.8945,43.847683
ME,train,2022,False,-69.893364,44.28861
ME,train,2020,False,-69.89132,44.431103
ME,train,2021,False,-69.89121,43.754196
ME,train,2024,False,-69.890915,43.910507
ME,train,2021,False,-69.8909,45.35119
ME,train,2021,False,-69.89072,45.935566
ME,train,2021,True,-69.890114,44.177692
ME,train,2021,False,-69.89005,44.53937
ME,val,2021,False,-69.88973,46.581833
ME,val,2020,False,-69.88899,44.145584
ME,train,2023,False,-69.88862,46.10236
ME,val,2021,False,-69.887955,44.14213
ME,val,2020,False,-69.88565,44.928993
ME,train,2022,False,-69.88345,43.960514
ME,val,2023,False,-69.883316,46.097954
ME,train,2022,False,-69.88322,44.585796
ME,train,2020,True,-69.881836,44.754974
ME,val,2022,False,-69.88168,44.089428
ME,val,2022,True,-69.88126,44.373363
ME,val,2022,False,-69.880974,44.931786
ME,val,2021,False,-69.879196,44.361294
ME,train,2021,True,-69.87891,44.07721
ME,train,2021,False,-69.87858,44.357044
ME,train,2024,False,-69.87809,44.305958
ME,val,2024,False,-69.87397,44.816853
ME,val,2020,False,-69.87294,44.360588
ME,train,2022,True,-69.872894,45.38801
ME,train,2022,False,-69.872246,45.809296
ME,val,2021,False,-69.87201,44.367935
ME,train,2022,False,-69.87089,45.811466
ME,train,2022,False,-69.870636,45.811188
ME,train,2022,False,-69.87048,45.811638
ME,train,2023,False,-69.87033,44.81728
ME,train,2024,True,-69.869705,43.862972
ME,train,2023,False,-69.86965,44.558758
ME,train,2020,False,-69.86723,45.015675
ME,train,2023,True,-69.866295,45.35424
ME,train,2021,True,-69.86625,44.960598
ME,train,2023,False,-69.86481,43.86926
ME,train,2021,True,-69.86263,43.866085
ME,val,2020,False,-69.86199,44.542538
ME,train,2022,False,-69.861046,43.86848
ME,train,2020,True,-69.86079,43.87041
ME,train,2024,True,-69.86029,44.110374
ME,val,2022,True,-69.8591,44.64603
ME,train,2021,True,-69.85883,43.871254
ME,train,2021,False,-69.858315,43.872807
ME,train,2024,False,-69.857765,45.102535
ME,train,2020,True,-69.85763,44.27955
ME,train,2024,False,-69.85548,43.72693
ME,train,2020,False,-69.8527,46.770527
ME,val,2021,False,-69.85237,46.655087
ME,train,2021,True,-69.852264,46.458862
ME,train,2022,False,-69.85155,45.818398
ME,train,2020,False,-69.85029,46.760986
ME,train,2023,False,-69.84893,43.7619
ME,val,2022,False,-69.8473,46.663723
ME,train,2022,False,-69.84568,45.81786
ME,train,2021,False,-69.84085,44.44795
ME,train,2021,False,-69.84022,45.51578
ME,train,2022,False,-69.83977,45.547325
ME,train,2021,False,-69.839035,44.99705
ME,train,2024,False,-69.83903,43.970432
ME,train,2024,True,-69.837395,43.916256
ME,train,2020,False,-69.83499,43.92747
ME,train,2022,False,-69.83476,44.4533
ME,val,2022,True,-69.83466,44.151737
ME,train,2020,False,-69.834465,43.92525
ME,val,2021,False,-69.833046,44.58193
ME,train,2021,False,-69.832436,44.075275
ME,train,2023,False,-69.83193,44.46153
ME,train,2021,False,-69.8318,45.09456
ME,train,2023,False,-69.831474,43.758602
ME,train,2022,False,-69.83137,43.760216
ME,train,2023,False,-69.83133,43.807034
ME,train,2020,True,-69.83129,43.807327
ME,train,2021,False,-69.83076,45.301804
ME,train,2022,False,-69.83033,45.741585
ME,val,2020,True,-69.8295,44.63036
ME,train,2024,False,-69.8285,43.915897
ME,train,2022,False,-69.82713,45.55559
ME,train,2020,False,-69.827095,44.307472
ME,val,2021,False,-69.82619,44.182934
ME,train,2024,False,-69.825325,44.17943
ME,train,2020,True,-69.82483,44.10829
ME,train,2022,False,-69.823746,46.750084
ME,train,2022,True,-69.82361,44.458046
ME,train,2021,False,-69.8235,44.71995
ME,train,2022,False,-69.82344,44.445545
ME,train,2021,False,-69.823135,45.487682
ME,train,2022,False,-69.82295,46.753708
ME,train,2021,True,-69.82289,44.396297
ME,train,2022,False,-69.82162,46.747787
ME,train,2021,False,-69.82122,44.961056
ME,train,2022,False,-69.81978,43.972134
ME,train,2022,True,-69.81854,44.05103
ME,val,2021,True,-69.8179,43.730263
ME,train,2024,False,-69.816895,43.818893
ME,train,2021,False,-69.81305,44.71999
ME,train,2022,False,-69.80991,43.736526
ME,train,2021,False,-69.80971,44.007668
ME,train,2021,False,-69.80946,44.167294
ME,train,2024,False,-69.80664,44.94935
ME,train,2021,True,-69.805885,44.21125
ME,val,2020,False,-69.80524,43.962982
ME,train,2020,False,-69.80524,44.163
ME,val,2021,False,-69.80512,46.19125
ME,val,2021,False,-69.80489,43.954765
ME,train,2022,False,-69.80462,45.669117
ME,train,2022,False,-69.8042,45.486465
ME,train,2022,False,-69.80224,44.625275
ME,train,2022,False,-69.80086,43.87227
ME,train,2024,False,-69.80046,43.912575
ME,train,2022,False,-69.79939,45.64469
ME,train,2020,True,-69.79859,43.735847
ME,train,2020,False,-69.798325,44.406734
ME,val,2022,False,-69.797775,45.58437
ME,train,2020,True,-69.797516,43.824123
ME,train,2021,True,-69.79596,44.414516
ME,val,2023,True,-69.79421,44.283062
ME,train,2022,False,-69.79414,45.6836
ME,val,2022,False,-69.79311,45.514572
ME,train,2021,True,-69.79292,44.344414
ME,train,2022,False,-69.7917,43.832592
ME,train,2020,True,-69.79131,44.493946
ME,train,2021,False,-69.790924,46.063656
ME,train,2021,False,-69.79052,46.194572
ME,train,2023,True,-69.7894,44.25081
ME,val,2022,True,-69.788734,45.599483
ME,train,2020,True,-69.78745,44.321342
ME,train,2024,False,-69.78642,43.944576
ME,train,2021,False,-69.78625,44.22371
ME,train,2021,True,-69.78554,44.2192
ME,train,2022,False,-69.784904,45.46128
ME,train,2021,False,-69.784485,43.837547
ME,train,2021,True,-69.78331,44.22042
ME,train,2021,False,-69.782875,44.589016
ME,train,2021,False,-69.78082,43.85934
ME,val,2021,False,-69.77824,44.46726
ME,train,2020,False,-69.77747,44.289806
ME,train,2022,True,-69.77732,43.93286
ME,train,2022,False,-69.77628,43.96313
ME,train,2022,True,-69.77603,43.869022
ME,train,2021,True,-69.773636,43.971203
ME,train,2021,False,-69.773315,43.96712
ME,train,2023,False,-69.77316,43.850895
ME,train,2020,False,-69.7729,44.30378
ME,val,2023,False,-69.77257,44.535023
ME,train,2023,False,-69.77136,45.647892
ME,train,2022,True,-69.77074,43.996742
ME,train,2021,False,-69.77012,44.62377
ME,train,2023,False,-69.76868,43.84503
ME,val,2022,True,-69.766884,44.156387
ME,val,2021,True,-69.76685,44.15784
ME,train,2023,False,-69.766235,44.737648
ME,train,2022,True,-69.764534,43.84353
ME,train,2022,False,-69.76315,44.61258
ME,val,2020,False,-69.76246,43.776268
ME,train,2024,True,-69.761116,44.61066
ME,val,2021,False,-69.76041,44.15584
ME,train,2024,False,-69.76022,43.801456
ME,val,2024,False,-69.76007,44.556942
ME,train,2022,False,-69.75679,43.815037
ME,train,2020,False,-69.7562,43.7895
ME,train,2023,False,-69.755775,44.469166
ME,train,2020,True,-69.755745,44.35699
ME,val,2020,False,-69.75246,44.13955
ME,train,2020,True,-69.75035,44.487976
ME,train,2022,True,-69.75026,44.3009
ME,train,2022,True,-69.74831,43.804462
ME,train,2022,False,-69.745834,45.163456
ME,train,2021,False,-69.74432,44.986973
ME,train,2022,True,-69.74254,44.485653
ME,train,2021,False,-69.74196,45.108173
ME,train,2023,True,-69.7399,44.328438
ME,train,2022,False,-69.73742,46.12777
ME,train,2022,False,-69.73446,45.036156
ME,train,2021,False,-69.732346,43.775913
ME,train,2021,False,-69.73198,45.531765
ME,train,2022,False,-69.7311,45.536015
ME,val,2022,True,-69.73103,45.986595
ME,train,2021,True,-69.72576,44.20485
ME,val,2020,True,-69.72504,43.80116
ME,train,2022,True,-69.72428,44.563297
ME,train,2021,True,-69.72278,43.784092
ME,train,2022,False,-69.71964,43.936184
ME,train,2021,True,-69.719154,44.36784
ME,train,2022,True,-69.719124,43.94059
ME,train,2022,False,-69.71848,43.938457
ME,val,2022,True,-69.71815,45.209946
ME,train,2022,False,-69.717735,43.94046
ME,val,2022,True,-69.716995,43.82061
ME,val,2023,False,-69.7116,43.820408
ME,train,2022,False,-69.71144,45.034176
ME,train,2022,False,-69.71116,46.161762
ME,val,2021,False,-69.71093,44.115273
ME,train,2023,True,-69.71006,43.826817
ME,train,2021,False,-69.70692,45.109978
ME,train,2021,True,-69.706154,43.97982
ME,train,2023,False,-69.70544,44.84194
ME,train,2020,False,-69.70484,45.08283
ME,val,2021,False,-69.70478,46.05399
ME,train,2021,False,-69.703255,45.087513
ME,train,2024,False,-69.70305,44.372604
ME,train,2022,True,-69.70301,44.14079
ME,train,2022,False,-69.702545,44.148113
ME,train,2022,False,-69.70201,44.02668
ME,train,2021,False,-69.69985,45.098404
ME,train,2021,False,-69.699554,45.10804
ME,train,2022,False,-69.696724,43.931637
ME,train,2021,False,-69.69668,45.097687
ME,train,2022,False,-69.69498,44.37708
ME,train,2021,False,-69.69459,45.23849
ME,train,2020,False,-69.69274,44.677135
ME,train,2024,True,-69.69243,43.971764
ME,train,2020,True,-69.69099,44.28112
ME,train,2023,True,-69.689644,46.37388
ME,train,2021,False,-69.68939,44.682484
ME,train,2024,False,-69.68389,43.953495
ME,val,2022,True,-69.68343,43.81513
ME,train,2020,False,-69.680855,44.654358
ME,train,2022,False,-69.67668,43.901615
ME,train,2020,False,-69.676216,43.9861
ME,train,2022,False,-69.67614,43.831234
ME,train,2022,True,-69.67514,43.80713
ME,train,2023,False,-69.67445,45.45878
ME,train,2020,False,-69.66925,45.277527
ME,train,2020,False,-69.66456,46.24302
ME,train,2022,False,-69.664,43.874233
ME,train,2021,False,-69.662796,44.28207
ME,train,2024,False,-69.661804,44.539345
ME,train,2020,False,-69.66174,43.878086
ME,val,2021,False,-69.661415,44.290443
ME,val,2022,False,-69.65846,44.635998
ME,train,2022,False,-69.658455,44.475456
ME,train,2024,False,-69.65813,43.88946
ME,train,2021,True,-69.65733,43.97724
ME,train,2021,True,-69.65483,44.555325
ME,train,2023,True,-69.65459,44.518517
ME,val,2020,False,-69.65379,44.296585
ME,train,2021,False,-69.652916,44.274593
ME,train,2024,False,-69.65096,44.529587
ME,train,2021,True,-69.65013,44.74933
ME,train,2021,True,-69.64919,46.094246
ME,train,2023,False,-69.64652,43.977917
ME,train,2024,False,-69.64416,44.09437
ME,train,2022,False,-69.643776,43.898445
ME,train,2022,True,-69.64374,45.133183
ME,train,2020,False,-69.64101,43.93467
ME,train,2024,False,-69.63998,43.990936
ME,train,2022,True,-69.63975,43.84359
ME,train,2021,False,-69.63893,46.088554
ME,train,2021,False,-69.63889,46.09033
ME,train,2020,True,-69.63776,44.091927
ME,train,2021,True,-69.63765,44.56044
ME,train,2021,True,-69.63754,45.363148
ME,train,2022,False,-69.6364,44.0663
ME,train,2022,False,-69.635,44.0697
ME,val,2023,False,-69.63373,44.35353
ME,train,2020,True,-69.632614,44.430183
ME,val,2021,False,-69.631325,46.052155
ME,train,2024,False,-69.63084,45.37375
ME,train,2020,False,-69.63036,44.539574
ME,train,2022,False,-69.63034,44.54464
ME,train,2020,True,-69.6303,44.545925
ME,train,2021,False,-69.62999,44.51445
ME,train,2021,False,-69.62995,44.545055
ME,train,2020,False,-69.629684,45.371082
ME,train,2021,True,-69.62882,45.367573
ME,train,2022,False,-69.62799,45.1431
ME,val,2021,False,-69.62774,45.91019
ME,val,2021,True,-69.62732,43.84917
ME,train,2024,False,-69.62723,45.36443
ME,train,2023,False,-69.62696,43.904503
ME,train,2021,False,-69.626816,46.08456
ME,train,2021,False,-69.626205,46.084938
ME,train,2020,False,-69.62532,45.25173
ME,val,2020,True,-69.6235,44.5701
ME,val,2021,True,-69.6228,45.8028
ME,val,2021,False,-69.622314,46.064762
ME,val,2023,False,-69.621994,43.844543
ME,train,2021,False,-69.62196,46.080257
ME,train,2021,False,-69.62093,46.07998
ME,val,2023,False,-69.620804,44.00021
ME,val,2024,True,-69.62076,44.00065
ME,train,2024,True,-69.6201,44.110653
ME,train,2020,False,-69.619804,43.949894
ME,train,2020,False,-69.61916,43.979694
ME,train,2023,False,-69.61835,43.979324
ME,train,2021,False,-69.61833,46.085037
ME,val,2022,False,-69.61789,43.848175
ME,train,2024,False,-69.617836,45.497177
ME,val,2021,False,-69.61756,43.847446
ME,train,2022,True,-69.61746,44.383934
ME,train,2021,False,-69.61563,46.084854
ME,train,2023,True,-69.61331,44.166367
ME,train,2022,False,-69.6116,43.97083
ME,train,2020,True,-69.609116,44.848747
ME,train,2021,True,-69.608955,44.84035
ME,train,2021,False,-69.60761,44.050213
ME,val,2022,False,-69.60758,45.111565
ME,train,2024,False,-69.60611,44.047947
ME,train,2021,True,-69.60387,45.257507
ME,train,2021,False,-69.603195,44.52304
ME,train,2021,False,-69.60217,45.186157
ME,train,2021,False,-69.60183,44.13794
ME,train,2021,False,-69.60133,44.13962
ME,train,2021,False,-69.60105,44.06774
ME,train,2022,False,-69.60001,43.862076
ME,train,2021,True,-69.599144,46.362858
ME,train,2020,False,-69.59852,43.82422
ME,train,2021,False,-69.59779,45.188152
ME,train,2020,False,-69.59762,43.95226
ME,train,2024,False,-69.59722,44.138233
ME,train,2022,False,-69.59525,44.03379
ME,train,2021,False,-69.59431,46.101467
ME,train,2022,False,-69.59407,46.611008
ME,train,2022,False,-69.593636,44.060795
ME,train,2021,False,-69.59321,45.867256
ME,train,2021,False,-69.59305,46.090714
ME,train,2022,False,-69.5922,44.580845
ME,val,2021,False,-69.59183,44.739414
ME,train,2020,False,-69.59124,44.93884
ME,train,2023,True,-69.59058,43.861916
ME,train,2020,False,-69.58851,44.685486
ME,val,2020,False,-69.58697,44.301907
ME,train,2021,False,-69.58687,45.1768
ME,train,2020,True,-69.58639,43.86508
ME,train,2020,False,-69.58488,45.483696
ME,train,2021,False,-69.58484,45.80787
ME,train,2020,False,-69.584595,44.841766
ME,train,2024,False,-69.583954,44.13882
ME,train,2024,False,-69.58257,44.596645
ME,val,2020,True,-69.58076,44.72762
ME,train,2021,False,-69.58043,45.101803
ME,train,2022,False,-69.579,45.642986
ME,train,2022,False,-69.57504,44.465153
ME,train,2022,False,-69.57309,45.977882
ME,train,2021,False,-69.5725,44.71587
ME,train,2020,True,-69.56863,47.056087
ME,train,2023,False,-69.56812,46.372177
ME,train,2024,False,-69.56809,45.461266
ME,train,2021,False,-69.56753,43.994858
ME,train,2021,True,-69.56719,45.8717
ME,train,2023,False,-69.56685,46.370625
ME,train,2020,False,-69.56678,46.237953
ME,train,2022,False,-69.565315,43.95417
ME,train,2022,True,-69.56509,46.831
ME,train,2020,True,-69.5647,45.734962
ME,val,2021,True,-69.564514,44.62662
ME,train,2021,True,-69.56418,46.47402
ME,val,2021,False,-69.56402,45.884636
ME,train,2023,False,-69.56369,45.879105
ME,train,2021,True,-69.561356,44.126698
ME,val,2022,False,-69.560936,44.222393
ME,train,2023,True,-69.5598,44.146194
ME,val,2021,False,-69.558846,46.027534
ME,val,2021,False,-69.55883,46.006718
ME,train,2021,False,-69.55871,45.223103
ME,train,2022,False,-69.55712,44.718464
ME,val,2021,False,-69.55708,45.286503
ME,val,2022,False,-69.5569,45.569824
ME,train,2020,False,-69.55567,45.258675
ME,train,2021,True,-69.5555,43.857918
ME,train,2021,False,-69.55411,45.223347
ME,train,2020,False,-69.55243,43.88444
ME,val,2021,True,-69.55137,45.575825
ME,train,2022,True,-69.55091,45.74109
ME,train,2022,False,-69.55073,44.102367
ME,train,2022,False,-69.54983,44.10518
ME,train,2022,False,-69.54923,44.108208
ME,train,2023,False,-69.54858,46.615284
ME,train,2021,True,-69.54654,44.254974
ME,train,2022,False,-69.54607,45.74086
ME,train,2021,False,-69.54588,45.875313
ME,val,2023,True,-69.54574,45.49106
ME,val,2024,False,-69.54571,44.360603
ME,train,2021,True,-69.54475,43.983437
ME,train,2022,True,-69.54464,44.21829
ME,train,2021,False,-69.54428,45.312927
ME,train,2022,False,-69.54396,45.68681
ME,val,2021,False,-69.543846,45.290184
ME,train,2022,False,-69.543144,45.319
ME,train,2022,True,-69.54224,45.74205
ME,train,2022,False,-69.54148,45.68562
ME,val,2023,False,-69.54001,45.289577
ME,train,2021,False,-69.539696,44.929752
ME,train,2022,False,-69.53789,44.205338
ME,train,2022,False,-69.53751,45.68635
ME,train,2022,False,-69.537415,45.705036
ME,train,2022,False,-69.536766,45.69085
ME,train,2022,True,-69.53625,44.22917
ME,train,2022,False,-69.535614,45.6914
ME,train,2022,False,-69.53521,45.68535
ME,train,2022,False,-69.53409,44.224743
ME,train,2021,False,-69.53387,44.574085
ME,train,2020,False,-69.53327,45.61306
ME,train,2023,False,-69.532936,46.01884
ME,train,2020,False,-69.53266,44.04223
ME,train,2022,False,-69.53212,45.685196
ME,train,2024,False,-69.530396,44.038673
ME,val,2021,True,-69.53008,43.91271
ME,train,2020,False,-69.52936,44.040695
ME,train,2024,True,-69.52808,44.03415
ME,train,2022,False,-69.52637,45.542034
ME,train,2022,False,-69.52511,45.539776
ME,train,2022,True,-69.522484,43.883194
ME,train,2020,True,-69.52214,44.433445
ME,train,2022,True,-69.522,45.73242
ME,train,2023,False,-69.52068,44.439762
ME,train,2022,True,-69.51952,44.033943
ME,train,2024,False,-69.51926,45.341427
ME,train,2023,True,-69.518715,47.01522
ME,train,2020,True,-69.51742,45.27783
ME,train,2022,False,-69.51719,43.949436
ME,train,2021,False,-69.51576,43.869816
ME,val,2021,False,-69.51523,43.98423
ME,val,2020,False,-69.51414,44.884857
ME,train,2024,False,-69.51362,43.973763
ME,train,2022,True,-69.51286,44.369923
ME,train,2022,False,-69.51247,45.55443
ME,val,2021,False,-69.512024,43.999565
ME,val,2020,False,-69.51107,44.88037
ME,val,2020,False,-69.50966,44.889484
ME,train,2020,True,-69.50855,43.95711
ME,train,2020,False,-69.50756,44.29843
ME,val,2020,False,-69.50743,44.886597
ME,train,2022,False,-69.50718,44.311783
ME,train,2021,True,-69.506744,45.28955
ME,train,2021,False,-69.504295,45.282677
ME,train,2024,False,-69.50427,43.867558
ME,train,2022,False,-69.50405,45.667984
ME,train,2023,False,-69.5035,43.900433
ME,train,2022,False,-69.50249,45.57803
ME,train,2024,True,-69.50138,44.05138
ME,train,2021,False,-69.49898,46.026237
ME,train,2022,False,-69.49873,45.606216
ME,train,2022,False,-69.498436,43.871696
ME,train,2020,False,-69.49842,43.896393
ME,train,2022,False,-69.49824,45.60518
ME,train,2022,True,-69.498055,44.051365
ME,train,2022,False,-69.497375,43.876717
ME,train,2024,False,-69.49534,43.87297
ME,train,2022,True,-69.495186,43.87255
ME,train,2022,True,-69.493996,44.6205
ME,train,2021,False,-69.49355,45.610123
ME,train,2020,False,-69.49194,44.7357
ME,val,2020,False,-69.4911,44.19937
ME,train,2023,False,-69.491066,45.247463
ME,train,2022,False,-69.49048,43.86597
ME,train,2021,False,-69.48835,46.08593
ME,val,2021,True,-69.4882,44.842064
ME,train,2023,False,-69.487434,44.4515
ME,train,2021,False,-69.48709,46.051807
ME,train,2022,False,-69.48658,46.617104
ME,train,2022,False,-69.484985,45.619907
ME,train,2020,False,-69.4835,43.958412
ME,train,2021,False,-69.48194,46.106445
ME,train,2022,False,-69.481316,44.148933
ME,train,2022,False,-69.48055,43.90948
ME,val,2020,True,-69.47676,44.64446
ME,val,2020,True,-69.47552,44.852573
ME,train,2022,False,-69.47475,45.462357
ME,val,2020,True,-69.47177,44.18465
ME,val,2022,False,-69.4717,46.6066
ME,train,2022,True,-69.47049,44.07527
ME,train,2024,False,-69.470406,43.902588
ME,train,2023,False,-69.46891,45.259926
ME,train,2023,False,-69.46784,44.35912
ME,train,2021,False,-69.467316,44.330074
ME,train,2020,False,-69.46679,45.210403
ME,val,2020,False,-69.46644,44.060825
ME,train,2022,False,-69.465126,45.451576
ME,val,2023,True,-69.46428,46.35402
ME,train,2023,False,-69.462555,44.431072
ME,train,2022,False,-69.46137,45.453568
ME,train,2022,True,-69.45992,44.10311
ME,train,2021,False,-69.45771,44.120113
ME,train,2020,False,-69.45765,45.99246
ME,train,2022,False,-69.4565,44.600773
ME,val,2022,False,-69.45579,45.70994
ME,train,2021,False,-69.45487,44.313828
ME,train,2022,False,-69.454544,45.458057
ME,val,2022,False,-69.454025,44.613014
ME,train,2023,False,-69.4539,44.55586
ME,train,2022,False,-69.453636,45.05239
ME,train,2022,False,-69.45103,45.499092
ME,val,2020,False,-69.44869,44.051765
ME,val,2022,False,-69.44789,45.712967
ME,train,2022,True,-69.44629,43.957203
ME,train,2020,False,-69.446205,43.956673
ME,train,2020,False,-69.44563,44.077774
ME,train,2021,False,-69.44561,45.77408
ME,train,2021,False,-69.44161,45.759518
ME,train,2022,False,-69.43636,45.557068
ME,val,2021,False,-69.43571,45.808075
ME,train,2021,False,-69.433945,45.78782
ME,train,2022,False,-69.43219,45.552483
ME,train,2021,True,-69.431046,46.555916
ME,train,2021,True,-69.42738,46.542854
ME,train,2023,True,-69.42547,44.005146
ME,train,2021,False,-69.42408,44.14354
ME,train,2021,False,-69.42279,45.983627
ME,train,2022,False,-69.42247,45.45959
ME,train,2022,False,-69.42137,45.646187
ME,train,2020,False,-69.4211,47.052074
ME,train,2021,True,-69.42093,45.743107
ME,train,2022,False,-69.41914,45.55296
ME,train,2021,True,-69.417465,45.168583
ME,train,2024,False,-69.41726,44.192986
ME,train,2023,True,-69.41351,44.023388
ME,train,2024,False,-69.41286,44.180466
ME,val,2021,False,-69.412575,44.33595
ME,train,2021,True,-69.41246,45.067738
ME,val,2022,False,-69.40789,44.255302
ME,train,2024,True,-69.40702,44.124054
ME,train,2023,False,-69.405304,45.87105
ME,train,2022,False,-69.39679,44.0701
ME,train,2022,False,-69.39639,44.297573
ME,train,2022,True,-69.39398,44.070084
ME,train,2024,False,-69.39369,44.441147
ME,train,2023,True,-69.3924,44.186256
ME,train,2022,False,-69.39032,44.45177
ME,train,2022,False,-69.38796,45.68368
ME,train,2023,False,-69.386734,44.389812
ME,train,2024,False,-69.38351,44.183918
ME,train,2024,True,-69.3834,44.10054
ME,train,2020,False,-69.38329,46.658905
ME,val,2021,False,-69.382935,44.348743
ME,val,2021,True,-69.38198,43.861294
ME,train,2022,False,-69.38088,45.468826
ME,val,2023,False,-69.38085,43.907898
ME,val,2022,False,-69.38055,45.369366
ME,train,2020,False,-69.379074,47.062172
ME,train,2020,True,-69.37857,44.097443
ME,train,2022,False,-69.37626,44.274815
ME,train,2022,False,-69.37577,44.274162
ME,train,2024,False,-69.37441,44.036545
ME,val,2024,False,-69.373535,44.422314
ME,train,2020,False,-69.3713,44.44652
ME,train,2023,True,-69.37072,45.148193
ME,train,2020,False,-69.37051,44.55796
ME,train,2024,False,-69.370476,44.001446
ME,train,2022,True,-69.36833,45.6731
ME,train,2022,False,-69.367294,44.27059
ME,train,2021,True,-69.36709,44.105766
ME,train,2020,True,-69.363335,43.96797
ME,train,2024,False,-69.363,44.141922
ME,val,2022,True,-69.36244,46.14167
ME,train,2020,False,-69.36154,46.38226
ME,val,2021,False,-69.361404,45.502296
ME,val,2022,False,-69.36028,45.490894
ME,val,2022,False,-69.35972,45.490784
ME,val,2022,False,-69.358185,45.489807
ME,train,2023,False,-69.35675,43.938034
ME,val,2022,False,-69.35441,46.145195
ME,train,2021,True,-69.35432,44.365837
ME,train,2024,False,-69.351746,44.102325
ME,train,2022,False,-69.35093,45.687862
ME,train,2023,False,-69.35086,45.75317
ME,train,2022,False,-69.34842,45.68334
ME,train,2023,True,-69.34813,44.16112
ME,train,2022,False,-69.347145,46.53678
ME,train,2021,False,-69.34682,45.690742
ME,train,2020,False,-69.34638,46.86745
ME,val,2021,False,-69.34577,46.15904
ME,train,2022,False,-69.34375,46.437428
ME,train,2022,False,-69.34375,46.60409
ME,train,2020,False,-69.34374,44.75061
ME,train,2021,False,-69.34212,44.329227
ME,train,2023,True,-69.34168,44.34255
ME,train,2021,False,-69.340225,45.73461
ME,val,2024,False,-69.33987,44.402058
ME,train,2020,False,-69.33687,44.18903
ME,train,2021,True,-69.33679,44.46969
ME,train,2021,True,-69.33455,45.618324
ME,val,2021,False,-69.33347,44.221016
ME,train,2023,False,-69.333336,44.556713
ME,train,2023,True,-69.332985,43.985123
ME,train,2023,False,-69.33255,43.97522
ME,train,2020,False,-69.33183,46.992905
ME,train,2020,False,-69.32894,46.982735
ME,train,2021,False,-69.32781,45.60201
ME,val,2022,False,-69.32594,45.549534
ME,train,2020,True,-69.322876,44.98188
ME,val,2021,False,-69.32273,45.119793
ME,train,2023,True,-69.32124,43.764797
ME,train,2021,True,-69.321045,44.49751
ME,train,2021,False,-69.32055,44.0899
ME,train,2021,False,-69.32035,43.759262
ME,train,2020,False,-69.319244,45.645744
ME,train,2021,False,-69.31871,44.510548
ME,train,2024,False,-69.31738,43.766644
ME,train,2021,False,-69.31726,43.75991
ME,train,2023,False,-69.31705,43.763073
ME,val,2021,False,-69.31571,45.68044
ME,train,2021,False,-69.31445,45.118454
ME,val,2023,False,-69.31403,44.399143
ME,train,2023,False,-69.31377,43.76426
ME,train,2023,False,-69.31243,43.914814
ME,val,2021,False,-69.31203,44.677624
ME,train,2022,False,-69.31161,43.7702
ME,train,2024,False,-69.31006,43.77271
ME,val,2023,False,-69.30877,45.448368
ME,train,2022,False,-69.3072,46.154404
ME,val,2023,False,-69.305534,44.628925
ME,val,2023,True,-69.30477,44.448917
ME,train,2021,False,-69.30436,44.57127
ME,train,2022,False,-69.304085,45.86479
ME,val,2021,True,-69.30347,44.95409
ME,val,2023,False,-69.30333,44.680298
ME,train,2021,False,-69.3033,43.922092
ME,val,2020,False,-69.30202,44.56444
ME,val,2021,False,-69.299385,44.523815
ME,train,2022,False,-69.29934,46.149216
ME,train,2022,True,-69.2992,44.072
ME,train,2022,False,-69.29855,44.97891
ME,train,2024,False,-69.297585,45.195953
ME,val,2021,False,-69.29661,44.39623
ME,train,2021,False,-69.29637,45.485638
ME,val,2022,True,-69.29569,44.3748
ME,val,2024,False,-69.294655,44.63286
ME,train,2022,False,-69.29321,44.759693
ME,val,2020,False,-69.29309,44.52359
ME,val,2022,False,-69.2918,44.63519
ME,train,2021,True,-69.28747,44.760155
ME,train,2021,False,-69.28717,44.770496
ME,val,2021,False,-69.28672,44.11282
ME,train,2022,False,-69.2853,45.622875
ME,train,2023,False,-69.28487,45.48089
ME,train,2022,False,-69.28369,46.680103
ME,train,2021,False,-69.28252,44.93873
ME,train,2024,True,-69.27969,44.882034
ME,train,2020,False,-69.27958,44.32838
ME,train,2022,False,-69.27894,44.230053
ME,val,2024,False,-69.27822,44.109707
ME,train,2024,True,-69.27651,44.20613
ME,train,2022,True,-69.2754,44.577415
ME,train,2022,False,-69.27504,45.605625
ME,train,2023,True,-69.27344,44.236183
ME,train,2024,False,-69.27255,44.38564
ME,val,2021,True,-69.27172,44.52358
ME,val,2024,True,-69.27091,44.559875
ME,train,2022,True,-69.26983,44.923153
ME,train,2021,False,-69.26919,44.33029
ME,train,2022,True,-69.26631,44.251034
ME,train,2022,False,-69.2658,45.610245
ME,train,2021,False,-69.26524,45.82086
ME,train,2022,False,-69.2586,45.170155
ME,train,2022,False,-69.2558,46.56027
ME,train,2023,False,-69.254684,46.14665
ME,train,2021,True,-69.25356,44.69919
ME,train,2021,True,-69.25196,43.97927
ME,train,2022,True,-69.25088,44.28924
ME,val,2020,False,-69.250175,44.451336
ME,train,2021,True,-69.24777,44.23658
ME,train,2021,True,-69.246506,45.179897
ME,train,2020,True,-69.242195,45.215023
ME,val,2020,True,-69.23979,44.01928
ME,train,2022,True,-69.237236,45.189323
ME,train,2022,False,-69.237045,46.17624
ME,val,2021,True,-69.23619,44.96951
ME,val,2024,False,-69.2346,44.566772
ME,train,2021,False,-69.23381,44.347717
ME,val,2022,False,-69.22949,43.94389
ME,train,2023,False,-69.22927,45.846462
ME,train,2022,True,-69.22901,45.023796
ME,train,2021,True,-69.227486,44.238182
ME,train,2023,False,-69.2267,44.28253
ME,train,2023,False,-69.223976,45.467697
ME,train,2020,False,-69.22375,44.73425
ME,val,2022,False,-69.2221,43.98589
ME,train,2020,False,-69.21867,47.434116
ME,train,2023,False,-69.217415,44.819557
ME,train,2020,False,-69.21546,45.46496
ME,train,2021,False,-69.215126,45.46609
ME,train,2024,False,-69.214935,43.968147
ME,train,2020,False,-69.21465,43.96868
ME,train,2022,True,-69.214005,43.96309
ME,train,2021,False,-69.21323,44.04143
ME,train,2022,False,-69.21264,43.95623
ME,train,2023,False,-69.20282,44.816395
ME,train,2024,False,-69.20278,44.019318
ME,train,2022,False,-69.20168,43.94434
ME,train,2024,True,-69.2016,44.009724
ME,train,2020,False,-69.19798,44.022884
ME,train,2023,False,-69.19764,46.99467
ME,val,2020,False,-69.19717,46.683247
ME,train,2022,True,-69.1942,46.7133
ME,train,2022,True,-69.193886,46.71838
ME,train,2020,False,-69.19348,47.02351
ME,train,2020,False,-69.19135,44.75294
ME,train,2023,False,-69.19126,44.36555
ME,train,2020,True,-69.19124,44.845757
ME,val,2024,True,-69.186584,46.077194
ME,train,2022,False,-69.18648,44.353508
ME,train,2024,False,-69.18445,44.266193
ME,train,2024,False,-69.18426,44.49656
ME,train,2024,False,-69.18389,44.496357
ME,train,2024,False,-69.181175,44.120064
ME,train,2022,False,-69.180176,46.22997
ME,train,2020,False,-69.1766,43.99857
ME,train,2022,False,-69.17554,46.20232
ME,train,2021,True,-69.175415,46.01065
ME,train,2022,True,-69.172516,46.20548
ME,train,2022,False,-69.1725,45.779247
ME,train,2023,True,-69.16976,44.67111
ME,train,2021,False,-69.16762,46.16886
ME,train,2023,False,-69.16199,44.114456
ME,val,2024,False,-69.1617,44.16501
ME,train,2022,True,-69.16116,44.02791
ME,train,2023,False,-69.16014,44.999596
ME,train,2022,True,-69.15989,44.02861
ME,val,2020,False,-69.159546,44.20075
ME,train,2021,False,-69.156494,44.27595
ME,val,2022,False,-69.15577,46.418068
ME,train,2020,False,-69.15551,44.880997
ME,train,2021,False,-69.15482,44.293114
ME,train,2024,True,-69.15414,45.19458
ME,val,2021,True,-69.150566,44.295204
ME,val,2022,False,-69.15048,44.203392
ME,train,2022,True,-69.14694,45.05587
ME,train,2022,False,-69.14614,46.15865
ME,train,2023,False,-69.14493,44.12634
ME,train,2021,True,-69.14421,45.05624
ME,train,2024,False,-69.143745,43.994766
ME,train,2020,True,-69.14114,44.730038
ME,train,2024,True,-69.1399,45.197586
ME,train,2022,False,-69.13947,46.286556
ME,val,2021,False,-69.13861,44.209686
ME,val,2023,False,-69.1376,44.093018
ME,train,2022,False,-69.13697,44.511143
ME,val,2024,True,-69.13572,44.087223
ME,val,2022,True,-69.13335,44.215286
ME,val,2023,False,-69.13313,44.214844
ME,train,2022,False,-69.132965,44.039246
ME,train,2023,False,-69.1329,44.18017
ME,val,2022,False,-69.13226,44.214558
ME,train,2021,False,-69.13169,45.052155
ME,train,2024,False,-69.13124,44.195774
ME,train,2024,True,-69.13089,44.03251
ME,train,2021,False,-69.130264,45.075344
ME,val,2021,False,-69.12953,44.08712
ME,train,2021,True,-69.125916,44.051632
ME,train,2021,False,-69.124916,44.718517
ME,train,2021,False,-69.12373,45.070602
ME,train,2021,True,-69.12366,44.005226
ME,val,2022,False,-69.12353,46.60471
ME,train,2023,False,-69.12297,44.68189
ME,train,2021,False,-69.12196,44.13645
ME,train,2022,False,-69.12016,44.120384
ME,train,2022,False,-69.11715,44.05602
ME,train,2023,False,-69.11612,44.684402
ME,train,2020,False,-69.113846,45.93003
ME,train,2020,True,-69.112854,44.81601
ME,train,2020,True,-69.11205,44.22963
ME,train,2020,False,-69.11159,47.23434
ME,val,2022,False,-69.11145,44.668858
ME,train,2020,True,-69.11122,45.149094
ME,train,2022,True,-69.11098,44.092247
ME,train,2020,False,-69.10993,47.228546
ME,train,2024,True,-69.1095,44.433228
ME,train,2022,True,-69.10913,45.43275
ME,train,2021,True,-69.1088,45.14908
ME,train,2021,False,-69.10857,44.223877
ME,train,2022,False,-69.10643,46.645226
ME,train,2021,False,-69.10499,47.359142
ME,train,2023,True,-69.104355,44.430527
ME,train,2020,True,-69.104,44.228237
ME,train,2021,True,-69.10362,45.04739
ME,train,2024,True,-69.102264,44.066566
ME,train,2023,False,-69.10221,44.27113
ME,train,2020,False,-69.10169,45.944393
ME,train,2020,False,-69.09988,47.276245
ME,train,2021,False,-69.09874,44.234783
ME,val,2021,False,-69.097885,44.733437
ME,train,2024,True,-69.09774,44.232616
ME,train,2021,False,-69.096695,44.242733
ME,train,2021,False,-69.09293,44.256203
ME,val,2023,False,-69.09113,44.45574
ME,train,2022,False,-69.09062,46.304653
ME,train,2022,True,-69.090515,46.30509
ME,train,2022,False,-69.09002,44.805164
ME,train,2021,False,-69.08881,45.524147
ME,train,2022,False,-69.08743,44.247425
ME,train,2022,True,-69.08334,44.062916
ME,train,2020,False,-69.080284,47.217808
ME,train,2023,True,-69.07984,44.208714
ME,train,2020,True,-69.07381,44.2174
ME,val,2020,True,-69.0716,45.15339
ME,train,2020,False,-69.071365,45.21302
ME,train,2020,False,-69.07096,44.427467
ME,train,2024,False,-69.07017,44.22138
ME,train,2021,False,-69.06812,44.22549
ME,train,2023,False,-69.06613,45.893078
ME,train,2022,True,-69.06252,44.084805
ME,train,2022,False,-69.06247,46.689445
ME,val,2024,False,-69.058075,44.4494
ME,train,2020,False,-69.049286,45.227745
ME,train,2022,False,-69.048515,46.69919
ME,val,2023,False,-69.046326,44.06751
ME,val,2021,False,-69.04239,44.22992
ME,train,2023,False,-69.0401,46.96892
ME,train,2023,False,-69.03746,44.546043
ME,train,2020,True,-69.03684,44.547565
ME,train,2020,False,-69.03076,46.950752
ME,train,2024,False,-69.02901,44.3467
ME,train,2022,True,-69.02901,45.320114
ME,train,2024,False,-69.02806,45.241985
ME,train,2020,False,-69.0279,46.808193
ME,val,2021,False,-69.024185,45.607296
ME,train,2021,True,-69.02255,44.29443
ME,train,2023,False,-69.02201,44.975113
ME,train,2023,True,-69.02028,44.56778
ME,train,2024,False,-69.01549,44.73943
ME,val,2022,False,-69.01467,45.436703
ME,val,2022,False,-69.014656,45.434864
ME,train,2022,False,-69.012764,46.149868
ME,train,2022,True,-69.01019,44.42449
ME,train,2020,True,-69.00901,44.421844
ME,val,2023,False,-69.00849,44.535294
ME,train,2023,False,-69.006325,44.390564
ME,train,2022,True,-69.004456,44.394356
ME,val,2022,False,-69.00359,45.88792
ME,val,2024,True,-69.00092,44.424942
ME,train,2021,False,-68.998665,44.31024
ME,train,2022,True,-68.99799,44.823036
ME,train,2022,False,-68.99799,44.86257
ME,train,2022,False,-68.99771,44.314743
ME,train,2021,False,-68.997665,44.730095
ME,train,2022,False,-68.996635,44.32037
ME,train,2022,True,-68.99571,44.840343
ME,train,2021,True,-68.994705,45.139927
ME,train,2020,True,-68.988976,45.25196
ME,val,2020,False,-68.9875,45.461945
ME,val,2024,False,-68.98537,45.884693
ME,train,2022,False,-68.98513,45.957832
ME,val,2023,True,-68.985,44.42666
ME,train,2023,False,-68.979675,46.94325
ME,train,2022,False,-68.97818,45.791573
ME,train,2021,True,-68.97662,44.656322
ME,train,2023,True,-68.9754,44.636333
ME,train,2022,True,-68.974434,44.967937
ME,train,2020,True,-68.972595,44.59305
ME,train,2020,False,-68.97182,45.78683
ME,train,2021,False,-68.969345,45.892147
ME,train,2021,True,-68.9682,45.139477
ME,train,2023,False,-68.96749,44.495743
ME,train,2022,True,-68.96739,44.38092
ME,train,2021,True,-68.96737,44.978043
ME,train,2022,False,-68.965256,46.289505
ME,train,2020,False,-68.96472,45.146667
ME,train,2023,True,-68.963875,46.112453
ME,train,2020,True,-68.961945,45.374443
ME,val,2022,False,-68.96092,45.830784
ME,train,2022,False,-68.960884,46.28938
ME,train,2022,True,-68.95766,45.362213
ME,val,2022,False,-68.95603,44.342213
ME,val,2023,True,-68.95581,44.339188
ME,val,2020,False,-68.95358,46.738632
ME,train,2024,False,-68.952354,44.489677
ME,val,2020,False,-68.95098,44.779747
ME,train,2020,True,-68.95015,46.647846
ME,train,2021,False,-68.94648,44.979984
ME,train,2021,True,-68.94573,47.079205
ME,train,2020,True,-68.94061,47.153175
ME,train,2021,True,-68.92625,45.443695
ME,train,2021,True,-68.92418,44.45838
ME,train,2022,True,-68.92147,44.765396
ME,train,2022,False,-68.91138,46.42134
ME,val,2020,False,-68.91011,44.35319
ME,train,2020,False,-68.909485,44.11186
ME,train,2022,False,-68.90916,44.78207
ME,train,2022,True,-68.90752,44.455006
ME,train,2020,False,-68.90625,45.937435
ME,train,2023,False,-68.90232,44.846485
ME,val,2020,True,-68.89721,44.481113
ME,train,2020,False,-68.89389,45.12582
ME,train,2023,True,-68.89319,43.87051
ME,val,2021,True,-68.88667,45.780586
ME,train,2022,True,-68.886,44.767654
ME,train,2023,False,-68.88239,46.180542
ME,train,2024,False,-68.88091,44.159943
ME,train,2024,False,-68.880585,44.591644
ME,train,2022,True,-68.88043,45.393387
ME,train,2022,True,-68.87909,45.53509
ME,val,2021,False,-68.87901,44.350906
ME,train,2022,False,-68.877335,44.59325
ME,train,2021,False,-68.87488,46.147827
ME,train,2024,False,-68.87427,46.946888
ME,val,2023,False,-68.87304,44.350697
ME,train,2021,True,-68.87166,44.609615
ME,train,2021,True,-68.8707,44.7118
ME,train,2021,False,-68.87024,44.51912
ME,train,2020,False,-68.869125,44.62937
ME,train,2020,False,-68.86877,46.59458
ME,train,2020,False,-68.868645,44.1581
ME,val,2023,False,-68.86853,44.370018
ME,train,2020,False,-68.86581,46.134926
ME,train,2023,True,-68.86403,44.908134
ME,train,2023,False,-68.86214,44.58218
ME,train,2022,True,-68.86201,44.053883
ME,train,2020,False,-68.86169,45.499405
ME,train,2020,False,-68.860985,45.17711
ME,train,2021,False,-68.86073,44.601387
ME,train,2020,True,-68.857635,47.18476
ME,train,2024,True,-68.85714,45.91927
ME,val,2022,False,-68.85619,45.19204
ME,train,2023,False,-68.85567,44.58763
ME,train,2021,False,-68.85447,45.285477
ME,train,2020,False,-68.84957,45.36045
ME,train,2022,False,-68.84928,45.245365
ME,train,2024,False,-68.84784,45.718807
ME,train,2023,False,-68.84782,44.727337
ME,train,2020,False,-68.847,45.36219
ME,train,2021,True,-68.846275,44.12635
ME,val,2024,False,-68.84623,44.7528
ME,train,2021,False,-68.844604,45.89098
ME,train,2021,False,-68.84422,44.596554
ME,train,2022,False,-68.84375,46.1041
ME,train,2022,False,-68.84344,45.12344
ME,val,2020,True,-68.84298,46.90478
ME,train,2024,False,-68.84153,44.800137
ME,train,2021,False,-68.84101,47.093952
ME,train,2020,False,-68.84035,46.597687
ME,val,2024,False,-68.83802,46.962265
ME,train,2021,False,-68.8357,44.777447
ME,train,2022,False,-68.8354,45.225727
ME,train,2022,False,-68.83456,44.726494
ME,train,2022,True,-68.834366,45.179718
ME,val,2024,True,-68.8335,44.751053
ME,train,2022,False,-68.83333,45.232365
ME,train,2020,True,-68.83278,45.231945
ME,train,2024,False,-68.83193,44.18458
ME,train,2022,True,-68.83151,46.7856
ME,train,2024,False,-68.83092,44.464752
ME,train,2020,True,-68.82986,46.62231
ME,train,2022,False,-68.82862,45.242065
ME,train,2021,False,-68.82859,44.462833
ME,train,2024,False,-68.823326,45.72654
ME,train,2020,False,-68.82277,44.094643
ME,train,2023,False,-68.82114,44.829884
ME,val,2020,False,-68.82069,44.754513
ME,train,2024,True,-68.818565,44.38277
ME,train,2022,False,-68.81833,46.14651
ME,train,2024,False,-68.81733,44.152966
ME,val,2020,False,-68.81726,44.75871
ME,train,2020,False,-68.81617,46.555832
ME,train,2022,True,-68.81466,46.73048
ME,train,2024,False,-68.81361,44.498173
ME,train,2020,False,-68.81354,44.363213
ME,train,2022,False,-68.81308,45.331455
ME,train,2022,False,-68.812584,45.331184
ME,train,2022,False,-68.81121,44.848274
ME,train,2021,True,-68.81074,44.69004
ME,train,2023,False,-68.808815,44.396976
ME,train,2024,True,-68.80809,46.15866
ME,val,2020,False,-68.80713,44.951054
ME,train,2024,False,-68.80685,44.292976
ME,train,2023,False,-68.8051,44.31648
ME,train,2023,False,-68.80466,44.41736
ME,train,2022,False,-68.80295,46.45465
ME,train,2022,False,-68.80132,45.268692
ME,train,2020,True,-68.79977,44.38788
ME,val,2024,False,-68.79976,44.763645
ME,train,2022,False,-68.79449,45.816723
ME,train,2022,True,-68.79327,44.985447
ME,train,2022,False,-68.79191,44.862774
ME,train,2020,True,-68.79188,44.70524
ME,train,2024,True,-68.78403,44.603855
ME,train,2022,True,-68.7836,44.735928
ME,val,2022,False,-68.77521,44.64275
ME,val,2022,False,-68.77479,45.80509
ME,train,2020,False,-68.772804,45.178196
ME,train,2020,False,-68.772316,44.451763
ME,train,2022,True,-68.77098,44.42756
ME,train,2021,False,-68.76968,44.505955
ME,val,2022,False,-68.76841,45.799664
ME,train,2022,True,-68.766304,44.789337
ME,train,2022,False,-68.76458,45.9327
ME,train,2024,False,-68.76376,44.827686
ME,train,2020,False,-68.76348,44.505157
ME,val,2020,False,-68.7632,44.935616
ME,train,2024,False,-68.761444,44.97632
ME,train,2020,False,-68.75725,44.50803
ME,train,2023,False,-68.75722,44.845688
ME,train,2022,False,-68.75651,44.9607
ME,train,2020,True,-68.75495,45.44326
ME,train,2024,True,-68.75319,44.38633
ME,train,2020,False,-68.75301,44.855145
ME,train,2022,False,-68.75195,46.822784
ME,train,2022,True,-68.750694,44.351868
ME,train,2022,False,-68.74834,44.94972
ME,val,2024,True,-68.74523,44.812206
ME,val,2024,False,-68.74511,44.80657
ME,train,2022,True,-68.74507,44.83214
ME,val,2024,True,-68.74455,44.578625
ME,train,2022,True,-68.74383,44.832863
ME,train,2020,False,-68.741394,44.99111
ME,train,2023,False,-68.73975,46.37466
ME,train,2020,False,-68.73933,44.98172
ME,train,2022,False,-68.73768,45.283573
ME,val,2020,False,-68.73645,45.979614
ME,train,2024,False,-68.734695,44.86975
ME,train,2021,False,-68.73403,46.991665
ME,val,2024,False,-68.73402,44.88897
ME,val,2022,False,-68.733795,45.613804
ME,train,2020,False,-68.73349,46.97522
ME,train,2022,False,-68.73073,47.001965
ME,train,2021,False,-68.73021,45.14143
ME,val,2020,False,-68.729164,45.235
ME,train,2022,False,-68.728615,45.72692
ME,train,2020,False,-68.728035,47.1456
ME,val,2020,False,-68.725494,44.904762
ME,val,2023,True,-68.72429,44.57312
ME,train,2020,False,-68.72165,47.001297
ME,train,2024,False,-68.71657,44.829075
ME,train,2021,False,-68.71515,44.90774
ME,train,2022,False,-68.71367,46.071
ME,train,2024,False,-68.71336,44.83164
ME,train,2020,True,-68.71103,44.763363
ME,train,2021,False,-68.710144,45.883003
ME,val,2020,True,-68.70961,44.883106
ME,train,2022,False,-68.7094,44.32939
ME,train,2024,False,-68.708694,44.204094
ME,val,2022,False,-68.708626,44.978607
ME,train,2022,False,-68.70851,44.315853
ME,train,2020,True,-68.70757,44.318348
ME,train,2021,False,-68.706345,44.321095
ME,train,2022,False,-68.70574,45.993137
ME,train,2023,False,-68.7051,44.59554
ME,train,2022,False,-68.7051,45.77049
ME,val,2022,False,-68.70492,46.933105
ME,val,2020,False,-68.704056,44.973473
ME,train,2022,False,-68.703545,46.494102
ME,train,2021,True,-68.702576,44.834045
ME,train,2020,True,-68.70195,44.2257
ME,train,2022,False,-68.701614,44.284744
ME,train,2022,False,-68.70108,44.21433
ME,train,2024,False,-68.70093,44.622345
ME,train,2022,False,-68.700836,44.66897
ME,train,2022,False,-68.70033,44.225048
ME,train,2021,True,-68.69791,44.965145
ME,train,2022,True,-68.69685,44.21148
ME,train,2022,True,-68.69633,44.883377
ME,val,2024,False,-68.69617,44.8728
ME,train,2021,False,-68.69539,44.620453
ME,train,2024,False,-68.69475,44.62102
ME,train,2021,True,-68.69317,44.238575
ME,train,2024,False,-68.69295,44.58715
ME,train,2021,False,-68.69095,44.59803
ME,train,2021,False,-68.69073,44.248253
ME,train,2024,False,-68.69011,44.884186
ME,val,2022,True,-68.69003,46.475876
ME,train,2020,False,-68.6897,44.579464
ME,train,2021,False,-68.6896,44.93924
ME,train,2024,False,-68.68922,44.329483
ME,train,2022,False,-68.68872,44.93751
ME,val,2020,True,-68.68818,46.479977
ME,val,2024,False,-68.68793,44.871025
ME,train,2020,False,-68.685905,44.938896
ME,train,2023,False,-68.68395,44.889084
ME,train,2023,True,-68.68306,44.912918
ME,train,2020,True,-68.68196,44.279793
ME,train,2024,False,-68.68193,44.58873
ME,train,2024,True,-68.681625,44.658943
ME,train,2024,False,-68.68143,44.589024
ME,train,2024,False,-68.68082,44.18732
ME,train,2022,True,-68.68079,44.303913
ME,train,2024,False,-68.68065,44.596054
ME,val,2024,False,-68.67932,44.503242
ME,train,2023,False,-68.67859,46.70585
ME,train,2021,False,-68.677155,45.87262
ME,val,2022,False,-68.67662,46.49532
ME,train,2021,False,-68.67656,44.901203
ME,train,2022,True,-68.676155,44.92675
ME,train,2020,True,-68.67577,44.321938
ME,train,2023,False,-68.67467,44.221905
ME,train,2022,False,-68.67432,47.0777
ME,train,2024,True,-68.67371,44.88143
ME,train,2021,True,-68.673515,44.223515
ME,train,2020,True,-68.673096,44.223595
ME,val,2022,False,-68.67238,46.166634
ME,train,2023,True,-68.67176,44.265984
ME,train,2024,False,-68.670876,44.543007
ME,train,2020,False,-68.67057,44.921635
ME,train,2024,True,-68.66934,44.528053
ME,train,2022,True,-68.669,44.91567
ME,train,2024,False,-68.66616,44.912834
ME,val,2023,False,-68.66472,44.366287
ME,val,2022,False,-68.6646,44.38119
ME,train,2022,False,-68.66414,44.933372
ME,val,2022,False,-68.663506,46.15823
ME,train,2024,True,-68.6628,44.884808
ME,train,2024,False,-68.6621,44.907093
ME,train,2022,True,-68.662094,45.23851
ME,train,2023,False,-68.65895,44.93517
ME,train,2021,False,-68.65759,44.900143
ME,val,2020,False,-68.65691,46.953167
ME,train,2020,False,-68.65152,44.889996
ME,train,2024,False,-68.650345,44.574978
ME,train,2024,True,-68.65032,44.940186
ME,val,2021,False,-68.64971,44.47648
ME,train,2022,False,-68.64513,46.56752
ME,train,2021,False,-68.644585,44.90053
ME,train,2024,True,-68.64279,44.934036
ME,val,2023,False,-68.64251,44.489853
ME,train,2022,False,-68.64196,44.84484
ME,train,2023,True,-68.64029,45.012665
ME,train,2024,True,-68.64026,45.011852
ME,val,2022,True,-68.63938,44.194653
ME,val,2024,False,-68.63829,46.977665
ME,train,2020,False,-68.63778,45.156944
ME,val,2024,False,-68.63505,45.174168
ME,train,2023,False,-68.63314,44.87715
ME,val,2020,False,-68.63216,44.494774
ME,train,2021,False,-68.63185,44.57225
ME,val,2022,False,-68.63093,44.286064
ME,train,2023,False,-68.63005,44.476887
ME,train,2024,True,-68.62988,45.01152
ME,train,2022,True,-68.62834,44.19214
ME,train,2022,False,-68.62556,44.908524
ME,train,2022,True,-68.6247,44.18207
ME,train,2022,False,-68.62342,46.833817
ME,train,2021,False,-68.62276,46.55517
ME,train,2022,True,-68.62235,44.51855
ME,train,2021,True,-68.62219,45.095516
ME,train,2022,True,-68.62207,44.558937
ME,train,2020,False,-68.61855,45.110878
ME,train,2021,False,-68.617775,45.4775
ME,train,2021,True,-68.615,45.487778
ME,train,2020,False,-68.61322,44.458687
ME,train,2022,False,-68.612915,46.83882
ME,train,2020,True,-68.61099,45.482967
ME,train,2022,False,-68.60966,46.593536
ME,train,2021,False,-68.60944,45.48111
ME,train,2021,False,-68.60917,44.37144
ME,train,2022,False,-68.60915,47.096645
ME,train,2023,True,-68.608536,44.535225
ME,train,2021,False,-68.60741,44.94793
ME,train,2024,False,-68.60563,45.63433
ME,train,2024,True,-68.60527,45.63336
ME,train,2020,False,-68.60361,45.24739
ME,val,2021,False,-68.603516,47.002045
ME,train,2020,False,-68.60287,44.312046
ME,train,2024,False,-68.59885,44.311996
ME,train,2020,False,-68.59834,45.122543
ME,train,2024,True,-68.59807,44.62795
ME,train,2023,True,-68.59745,44.413086
ME,train,2023,False,-68.59593,46.9791
ME,train,2020,False,-68.595245,44.947346
ME,train,2024,True,-68.595116,44.412216
ME,train,2022,True,-68.59385,44.330753
ME,train,2021,False,-68.59375,44.937454
ME,train,2023,True,-68.59115,44.31475
ME,val,2022,True,-68.59085,46.05434
ME,val,2024,True,-68.59009,47.25062
ME,train,2020,True,-68.58996,45.01656
ME,train,2024,False,-68.589615,44.56148
ME,val,2021,False,-68.589264,47.251995
ME,train,2022,False,-68.58911,45.579884
ME,train,2020,False,-68.58782,44.677887
ME,train,2020,False,-68.584465,45.001366
ME,val,2020,False,-68.58394,45.04942
ME,train,2023,False,-68.583855,44.558502
ME,train,2021,False,-68.58362,44.414494
ME,train,2022,False,-68.58343,46.617237
ME,train,2021,False,-68.581825,47.20527
ME,train,2020,False,-68.57987,45.221107
ME,train,2021,False,-68.57884,44.446144
ME,train,2022,True,-68.573746,44.43126
ME,train,2024,True,-68.57352,44.333744
ME,train,2020,False,-68.56912,44.789528
ME,val,2024,False,-68.56876,44.41806
ME,train,2022,False,-68.56829,46.009197
ME,train,2023,True,-68.568146,45.104713
ME,train,2024,False,-68.56722,44.38743
ME,train,2021,False,-68.56688,44.68053
ME,val,2022,True,-68.56645,46.726097
ME,train,2021,True,-68.56628,45.37137
ME,train,2022,False,-68.56617,44.446186
ME,train,2022,False,-68.56583,44.77574
ME,val,2024,False,-68.56453,44.39998
ME,val,2022,False,-68.56393,47.112526
ME,train,2020,True,-68.562996,44.77536
ME,train,2020,True,-68.56222,45.583046
ME,train,2023,False,-68.56108,44.448402
ME,train,2020,False,-68.557655,45.683372
ME,train,2024,False,-68.5549,46.61575
ME,val,2020,True,-68.55291,45.924614
ME,train,2021,False,-68.5484,45.07565
ME,train,2022,False,-68.54627,46.08468
ME,train,2020,False,-68.54465,46.083946
ME,train,2024,False,-68.54242,44.267834
ME,val,2020,False,-68.54195,44.4049
ME,val,2022,False,-68.54113,44.403763
ME,train,2024,True,-68.54055,46.7901
ME,train,2023,False,-68.53773,45.474136
ME,train,2023,False,-68.536705,44.962753
ME,train,2021,True,-68.531494,47.12403
ME,train,2021,False,-68.53125,44.604126
ME,val,2023,True,-68.52663,44.421227
ME,val,2020,True,-68.52579,44.42992
ME,train,2022,False,-68.52455,45.691753
ME,val,2024,True,-68.51731,45.02326
ME,train,2020,True,-68.5157,45.612057
ME,train,2022,True,-68.513954,45.837036
ME,train,2021,True,-68.51167,44.54345
ME,train,2022,False,-68.50849,46.765755
ME,train,2022,False,-68.504555,45.378723
ME,val,2024,False,-68.50378,44.421185
ME,val,2024,True,-68.503525,44.4998
ME,train,2023,True,-68.50314,44.498596
ME,train,2022,False,-68.50069,45.912342
ME,train,2024,False,-68.4981,44.504486
ME,train,2024,False,-68.49591,44.44928
ME,train,2022,True,-68.4901,46.001335
ME,train,2022,False,-68.48851,45.623043
ME,train,2022,False,-68.48806,44.507767
ME,train,2020,False,-68.487785,44.463856
ME,val,2022,True,-68.485954,45.860485
ME,train,2022,False,-68.48582,46.535892
ME,train,2023,False,-68.48497,44.458023
ME,train,2023,False,-68.48397,44.4599
ME,train,2022,True,-68.4753,46.760113
ME,train,2023,False,-68.47522,44.158073
ME,train,2021,True,-68.47501,44.474396
ME,val,2020,False,-68.47474,45.51338
ME,train,2022,False,-68.47417,45.712612
ME,val,2022,False,-68.473274,46.5277
ME,train,2021,False,-68.472466,44.830715
ME,val,2022,False,-68.47164,45.11962
ME,train,2020,False,-68.46917,45.907104
ME,val,2022,True,-68.467476,45.860603
ME,train,2022,True,-68.46566,46.844353
ME,train,2020,True,-68.46415,47.189056
ME,train,2024,False,-68.4641,44.4467
ME,train,2023,True,-68.46267,44.40261
ME,train,2022,False,-68.46258,46.401043
ME,train,2022,False,-68.461815,46.99677
ME,train,2022,False,-68.46004,45.782257
ME,train,2022,True,-68.4564,44.160976
ME,val,2023,True,-68.450066,44.144775
ME,train,2022,False,-68.44938,46.367844
ME,val,2022,True,-68.446335,46.001152
ME,train,2020,False,-68.446205,47.00421
ME,val,2022,True,-68.4455,45.996983
ME,train,2021,True,-68.44539,44.696064
ME,train,2024,True,-68.44435,44.564583
ME,train,2023,True,-68.44304,45.927593
ME,train,2020,False,-68.4417,44.626007
ME,train,2023,True,-68.44004,44.791016
ME,train,2022,True,-68.4395,46.231216
ME,train,2020,False,-68.437744,44.934963
ME,train,2021,False,-68.43728,44.696266
ME,train,2022,True,-68.43706,46.071148
ME,train,2022,False,-68.43179,44.404694
ME,train,2020,False,-68.43012,44.163998
ME,train,2022,False,-68.42985,47.24164
ME,train,2023,False,-68.428535,44.164833
ME,train,2021,False,-68.426765,44.448208
ME,train,2022,False,-68.42457,44.1592
ME,train,2022,False,-68.41959,46.347755
ME,train,2022,False,-68.41516,46.00013
ME,train,2023,False,-68.41032,44.52663
ME,val,2022,False,-68.40745,45.80055
ME,train,2022,False,-68.40544,46.53351
ME,train,2022,True,-68.40363,46.56539
ME,val,2024,False,-68.40308,44.540943
ME,train,2023,True,-68.40251,44.291325
ME,train,2023,False,-68.40068,44.268177
ME,val,2021,False,-68.39898,44.978214
ME,train,2024,True,-68.39778,44.52849
ME,train,2024,False,-68.39435,44.28257
ME,train,2023,True,-68.39398,44.731342
ME,train,2024,True,-68.39339,44.525723
ME,val,2020,False,-68.38805,45.07285
ME,train,2023,False,-68.387856,44.273525
ME,train,2022,True,-68.38646,47.230476
ME,val,2024,False,-68.38636,44.799232
ME,train,2022,False,-68.3863,44.61246
ME,train,2024,False,-68.38414,44.46816
ME,train,2020,False,-68.38404,46.937397
ME,train,2021,False,-68.38393,47.11821
ME,train,2020,False,-68.383865,46.068913
ME,train,2022,False,-68.38161,46.514008
ME,train,2022,False,-68.37924,46.5171
ME,train,2022,True,-68.377014,46.52289
ME,train,2022,False,-68.37611,46.23267
ME,train,2024,False,-68.37505,44.32879
ME,train,2020,False,-68.37437,44.25795
ME,train,2020,True,-68.37129,44.46965
ME,train,2022,False,-68.36906,46.20785
ME,train,2021,False,-68.36809,47.101852
ME,train,2022,True,-68.36786,47.244522
ME,train,2024,False,-68.3669,44.486374
ME,train,2020,False,-68.36678,46.57349
ME,train,2021,False,-68.36643,47.151085
ME,train,2022,True,-68.36634,44.333626
ME,val,2021,True,-68.365944,44.11466
ME,train,2024,True,-68.36488,44.48908
ME,train,2021,False,-68.36344,47.097923
ME,train,2022,True,-68.361855,44.37656
ME,train,2024,False,-68.36106,44.344276
ME,train,2023,True,-68.35945,44.444206
ME,train,2022,False,-68.35879,44.4681
ME,train,2022,False,-68.35831,44.38742
ME,train,2022,False,-68.358116,44.344704
ME,train,2022,True,-68.35726,46.605263
ME,train,2021,False,-68.35673,44.38047
ME,train,2022,False,-68.35597,44.342842
ME,train,2020,False,-68.355896,44.3802
ME,val,2022,False,-68.35328,46.346783
ME,train,2022,False,-68.35174,44.73417
ME,train,2024,False,-68.3511,44.299755
ME,train,2022,True,-68.351036,44.288025
ME,train,2020,True,-68.35065,44.343693
ME,train,2022,False,-68.34962,44.42406
ME,train,2023,False,-68.34855,44.493084
ME,train,2024,False,-68.34851,44.403954
ME,train,2022,False,-68.34819,45.155647
ME,val,2020,True,-68.347176,46.160927
ME,train,2024,False,-68.34663,44.335564
ME,val,2022,False,-68.346565,46.240055
ME,train,2022,False,-68.34593,44.297314
ME,train,2020,False,-68.34375,44.97912
ME,train,2022,False,-68.34375,46.229115
ME,train,2022,False,-68.343445,45.525322
ME,train,2022,False,-68.338524,44.283585
ME,train,2024,False,-68.33646,44.403202
ME,train,2022,False,-68.33602,45.981804
ME,train,2021,False,-68.333565,44.243435
ME,train,2021,False,-68.33312,44.29991
ME,train,2024,True,-68.332886,46.215942
ME,train,2021,False,-68.33219,44.38967
ME,train,2022,True,-68.3318,44.38487
ME,val,2022,False,-68.33135,46.243176
ME,train,2022,False,-68.33098,44.2792
ME,train,2024,False,-68.32898,44.203342
ME,train,2024,False,-68.3282,46.220444
ME,train,2022,False,-68.32803,44.3038
ME,train,2021,False,-68.32719,44.304447
ME,train,2022,True,-68.32642,44.281364
ME,train,2022,False,-68.32575,46.21802
ME,train,2020,False,-68.325645,47.132996
ME,train,2022,False,-68.322945,46.240974
ME,train,2024,False,-68.32267,44.437126
ME,train,2020,False,-68.32215,47.18572
ME,train,2023,False,-68.321754,44.338516
ME,val,2020,False,-68.32087,45.741295
ME,train,2022,False,-68.31987,44.43363
ME,train,2024,False,-68.31848,44.38553
ME,train,2020,False,-68.3177,44.424553
ME,train,2022,False,-68.31672,46.546818
ME,train,2023,False,-68.31649,44.406082
ME,train,2022,True,-68.3162,46.124187
ME,train,2021,False,-68.31608,44.29977
ME,train,2021,False,-68.31602,44.78702
ME,train,2021,True,-68.31567,46.464554
ME,train,2023,False,-68.31527,44.49042
ME,train,2022,True,-68.3149,45.709293
ME,train,2021,True,-68.31415,44.40663
ME,train,2023,False,-68.31365,44.403015
ME,train,2021,False,-68.31292,45.972782
ME,train,2020,True,-68.31252,44.4002
ME,train,2023,False,-68.31218,44.400005
ME,val,2021,False,-68.31181,45.979156
ME,train,2024,False,-68.311584,44.298958
ME,train,2021,False,-68.31057,44.870693
ME,val,2021,True,-68.30745,46.467087
ME,train,2021,False,-68.30611,44.408386
ME,train,2023,False,-68.30531,44.340405
ME,val,2024,True,-68.303856,46.560726
ME,train,2023,False,-68.30268,44.38443
ME,train,2020,False,-68.30204,44.40515
ME,train,2020,True,-68.30134,44.40312
ME,train,2024,False,-68.3006,44.415043
ME,train,2021,False,-68.30054,44.404945
ME,train,2021,False,-68.30048,44.99034
ME,train,2020,False,-68.30022,45.01321
ME,train,2021,False,-68.29872,45.361797
ME,train,2020,False,-68.298546,44.37309
ME,train,2021,True,-68.29712,44.414066
ME,train,2022,False,-68.296425,44.35448
ME,train,2024,False,-68.29344,44.399128
ME,train,2021,False,-68.293274,44.400295
ME,train,2022,False,-68.28925,44.39139
ME,val,2022,False,-68.28599,47.164433
ME,train,2023,False,-68.28514,44.382294
ME,train,2020,False,-68.28376,44.32785
ME,train,2021,False,-68.283676,44.305702
ME,train,2024,False,-68.283264,44.42298
ME,train,2023,False,-68.280594,44.32998
ME,train,2022,False,-68.280495,44.419266
ME,train,2022,False,-68.28039,45.650654
ME,train,2020,False,-68.27782,44.79287
ME,train,2020,False,-68.275406,44.416695
ME,val,2020,False,-68.27325,45.045307
ME,train,2023,False,-68.27201,46.952778
ME,train,2021,False,-68.27069,44.859665
ME,train,2020,True,-68.27052,44.4944
ME,val,2020,False,-68.26971,45.061234
ME,train,2020,False,-68.2686,45.054115
ME,train,2020,False,-68.26753,44.246445
ME,train,2020,False,-68.26589,44.41994
ME,train,2020,True,-68.265755,47.341923
ME,train,2020,False,-68.265564,45.178192
ME,val,2020,False,-68.26468,44.302685
ME,val,2024,False,-68.2638,44.302837
ME,train,2023,False,-68.26199,44.681282
ME,train,2024,False,-68.26195,44.578724
ME,train,2021,True,-68.261246,44.57812
ME,val,2024,False,-68.260025,44.29215
ME,train,2022,False,-68.258766,44.322567
ME,train,2022,False,-68.25812,44.317062
ME,train,2023,False,-68.25676,46.88433
ME,train,2023,False,-68.25676,46.95667
ME,val,2021,True,-68.25659,47.17282
ME,train,2024,False,-68.25435,44.38035
ME,train,2022,False,-68.252396,45.355137
ME,val,2023,False,-68.25191,44.423645
ME,train,2022,False,-68.2495,44.526966
ME,train,2020,False,-68.249214,47.338802
ME,val,2022,False,-68.24868,44.341434
ME,train,2024,False,-68.24791,44.30782
ME,train,2022,False,-68.24776,46.41597
ME,train,2022,False,-68.24651,46.41643
ME,val,2024,False,-68.245514,44.334263
ME,val,2023,False,-68.24307,44.40211
ME,train,2020,False,-68.242516,45.090168
ME,train,2022,True,-68.241356,44.472557
ME,val,2022,False,-68.2408,44.349403
ME,train,2022,True,-68.239655,47.329937
ME,val,2022,False,-68.239555,47.113052
ME,train,2020,False,-68.23873,44.490902
ME,train,2022,False,-68.23743,45.542248
ME,train,2022,False,-68.237175,44.484165
ME,train,2024,True,-68.23645,44.692078
ME,val,2021,False,-68.23421,44.478752
ME,val,2022,False,-68.231514,47.096508
ME,train,2021,False,-68.228745,46.66462
ME,train,2022,False,-68.22847,45.648716
ME,val,2024,False,-68.22817,44.492043
ME,train,2021,True,-68.22634,44.397163
ME,train,2022,False,-68.22474,45.51996
ME,train,2020,False,-68.223946,44.58751
ME,train,2024,True,-68.22304,44.38053
ME,train,2022,False,-68.22243,45.74319
ME,train,2020,False,-68.21973,45.71748
ME,train,2021,False,-68.21875,44.35413
ME,train,2024,True,-68.21815,44.38965
ME,train,2021,False,-68.217545,46.709576
ME,train,2021,False,-68.21716,44.37489
ME,train,2022,True,-68.21694,46.708748
ME,train,2024,False,-68.21609,44.37176
ME,train,2020,False,-68.21581,45.12276
ME,train,2024,False,-68.21483,44.316204
ME,train,2023,False,-68.2139,44.377613
ME,train,2020,False,-68.21359,46.234085
ME,train,2023,True,-68.21358,44.38843
ME,train,2021,True,-68.21337,44.51387
ME,train,2022,False,-68.21028,47.211277
ME,val,2020,False,-68.20944,47.107967
ME,train,2021,False,-68.20741,44.375813
ME,train,2021,True,-68.207115,44.38058
ME,train,2024,False,-68.2054,44.3164
ME,train,2023,True,-68.20503,44.383717
ME,train,2020,True,-68.20476,47.046112
ME,train,2022,True,-68.20408,44.392113
ME,train,2024,True,-68.20345,44.382202
ME,train,2020,False,-68.203224,47.008385
ME,train,2022,True,-68.201385,44.306507
ME,train,2022,False,-68.20077,45.522125
ME,train,2020,False,-68.20063,44.60803
ME,train,2022,False,-68.19981,46.123306
ME,val,2020,False,-68.19941,47.11136
ME,val,2020,False,-68.19933,45.2088
ME,val,2021,False,-68.1987,44.36048
ME,val,2020,False,-68.198425,45.20556
ME,train,2021,False,-68.19774,47.22537
ME,train,2023,False,-68.19745,44.385277
ME,train,2022,False,-68.197014,45.523006
ME,val,2023,True,-68.196884,44.367043
ME,train,2022,False,-68.19683,45.143555
ME,val,2024,False,-68.19623,44.36832
ME,train,2022,False,-68.193535,47.10237
ME,train,2022,False,-68.19267,46.92721
ME,train,2022,True,-68.19189,46.3793
ME,val,2020,False,-68.189735,44.354786
ME,val,2022,False,-68.18838,44.360165
ME,train,2021,False,-68.18798,45.0057
ME,train,2021,False,-68.18667,44.49112
ME,val,2023,False,-68.186195,44.359203
ME,train,2022,True,-68.185974,45.54343
ME,train,2020,True,-68.18581,46.077953
ME,val,2023,False,-68.18539,44.360424
ME,val,2021,False,-68.18334,44.363594
ME,val,2022,True,-68.18208,44.465763
ME,train,2021,True,-68.1817,47.035004
ME,val,2021,False,-68.180565,45.11254
ME,val,2020,False,-68.17954,47.263493
ME,train,2021,False,-68.176575,44.56623
ME,train,2022,False,-68.17319,45.824146
ME,val,2024,False,-68.17283,47.261433
ME,train,2022,False,-68.17196,45.825836
ME,val,2020,False,-68.1704,47.260147
ME,train,2021,False,-68.169174,44.971706
ME,val,2021,False,-68.16751,46.41811
ME,train,2021,False,-68.16389,45.63111
ME,train,2022,True,-68.16331,46.083168
ME,train,2020,False,-68.16203,44.790604
ME,train,2020,False,-68.16175,46.83643
ME,train,2023,False,-68.15651,44.617493
ME,train,2021,False,-68.15162,46.917076
ME,train,2021,True,-68.150276,45.559166
ME,train,2021,False,-68.14972,45.620834
ME,train,2020,False,-68.14896,46.072773
ME,train,2021,False,-68.14691,44.937065
ME,train,2020,False,-68.14587,46.17309
ME,val,2023,True,-68.14283,46.763363
ME,train,2021,True,-68.14072,44.59584
ME,train,2022,True,-68.14009,46.9479
ME,train,2022,True,-68.13779,44.417877
ME,train,2020,False,-68.13301,44.66772
ME,val,2022,True,-68.130646,47.070667
ME,train,2022,False,-68.12579,45.519867
ME,train,2022,True,-68.12462,44.490387
ME,train,2022,False,-68.12333,46.097748
ME,train,2023,False,-68.12279,45.51995
ME,train,2022,True,-68.118324,45.538612
ME,val,2020,True,-68.11362,46.85842
ME,train,2023,False,-68.11328,46.636417
ME,train,2020,False,-68.11303,44.46725
ME,train,2020,False,-68.11297,46.540165
ME,train,2020,False,-68.11084,44.4637
ME,train,2022,False,-68.11077,45.658752
ME,train,2021,False,-68.11008,44.57779
ME,train,2023,False,-68.10926,44.456406
ME,train,2024,False,-68.1083,44.416077
ME,train,2022,False,-68.10487,45.730038
ME,train,2022,False,-68.10096,46.237488
ME,train,2023,False,-68.10088,45.652954
ME,train,2022,True,-68.09972,47.247288
ME,train,2021,False,-68.09935,44.858192
ME,train,2020,False,-68.09832,47.25047
ME,train,2022,True,-68.096825,47.264557
ME,train,2022,False,-68.09421,47.263237
ME,val,2021,True,-68.09354,45.599453
ME,train,2023,True,-68.09311,47.254414
ME,train,2022,False,-68.0925,45.483055
ME,train,2022,False,-68.08906,45.728004
ME,train,2023,False,-68.08789,44.633186
ME,val,2022,True,-68.084946,47.238224
ME,train,2021,True,-68.08278,45.726112
ME,train,2021,True,-68.08155,44.39173
ME,val,2023,False,-68.07546,45.635227
ME,train,2024,True,-68.073135,44.46552
ME,train,2020,False,-68.07274,46.9172
ME,train,2023,False,-68.07185,45.380253
ME,val,2021,True,-68.07119,46.356686
ME,val,2020,True,-68.07079,46.85951
ME,val,2022,False,-68.069435,45.63129
ME,train,2021,False,-68.06831,44.387177
ME,train,2022,False,-68.06821,44.898018
ME,val,2022,False,-68.063705,45.637856
ME,train,2023,False,-68.060486,44.646492
ME,train,2022,False,-68.05986,45.652683
ME,train,2021,False,-68.0594,46.423557
ME,train,2024,False,-68.04948,44.365593
ME,train,2021,False,-68.04906,46.42074
ME,train,2024,False,-68.04652,44.364452
ME,val,2023,True,-68.0374,44.48409
ME,train,2022,True,-68.03498,44.728745
ME,train,2020,False,-68.031944,47.237404
ME,train,2021,False,-68.03125,44.43746
ME,train,2020,False,-68.02894,46.195755
ME,val,2022,False,-68.028755,44.4839
ME,train,2021,False,-68.023705,44.3844
ME,train,2020,True,-68.022224,46.940804
ME,train,2022,True,-68.022156,45.679195
ME,train,2021,False,-68.020454,44.44818
ME,val,2022,False,-68.017296,44.74801
ME,val,2020,True,-68.01706,46.67196
ME,train,2021,False,-68.014854,47.09809
ME,train,2022,True,-68.01217,45.69363
ME,val,2022,True,-68.0116,46.43711
ME,train,2022,False,-68.00918,45.951797
ME,val,2022,True,-68.00607,46.43888
ME,train,2021,False,-68.00555,46.87925
ME,train,2020,False,-67.99919,44.987976
ME,train,2022,False,-67.99679,45.42126
ME,train,2020,True,-67.993484,45.845947
ME,train,2020,False,-67.993095,47.205845
ME,val,2021,True,-67.992386,44.6417
ME,train,2022,False,-67.99087,45.492027
ME,train,2020,True,-67.99029,47.062016
ME,val,2022,True,-67.99019,46.762444
ME,train,2021,True,-67.985825,44.714935
ME,train,2022,False,-67.98575,45.781685
ME,val,2022,True,-67.98127,44.485847
ME,train,2022,False,-67.98051,44.79456
ME,train,2022,False,-67.97875,46.24125
ME,train,2023,False,-67.97807,45.571632
ME,train,2020,False,-67.977455,47.04047
ME,train,2020,False,-67.9768,47.051228
ME,train,2022,False,-67.975075,45.62407
ME,train,2020,True,-67.97365,45.168972
ME,train,2023,False,-67.96957,44.7863
ME,train,2020,False,-67.96875,44.604126
ME,train,2022,True,-67.96875,45.47911
ME,train,2021,False,-67.96544,46.199104
ME,train,2021,True,-67.9654,46.115585
ME,train,2021,False,-67.96538,46.119183
ME,val,2020,False,-67.96526,46.165848
ME,train,2020,True,-67.96373,45.412464
ME,train,2024,False,-67.963524,46.794266
ME,val,2022,False,-67.96327,44.48552
ME,train,2021,False,-67.95989,44.90414
ME,train,2022,False,-67.959496,46.035625
ME,train,2022,True,-67.95716,46.7231
ME,train,2022,False,-67.954475,45.643566
ME,train,2022,False,-67.95181,44.459427
ME,train,2020,False,-67.95111,47.05497
ME,train,2023,True,-67.951035,46.675587
ME,train,2022,False,-67.94526,46.483345
ME,train,2022,True,-67.94472,46.27171
ME,train,2022,True,-67.94339,46.862938
ME,val,2022,True,-67.942726,46.53181
ME,val,2022,True,-67.94062,46.230495
ME,train,2024,True,-67.94044,44.82703
ME,train,2022,True,-67.940414,46.7622
ME,train,2022,True,-67.93772,44.74298
ME,train,2020,True,-67.93466,46.615227
ME,train,2023,False,-67.93427,44.41223
ME,train,2020,False,-67.93416,47.05114
ME,val,2022,False,-67.93394,46.394405
ME,train,2022,False,-67.93247,46.390915
ME,val,2021,False,-67.92772,44.69354
ME,train,2020,False,-67.92286,47.044437
ME,train,2020,True,-67.91982,44.504837
ME,train,2022,False,-67.91415,44.742256
ME,train,2020,False,-67.91077,44.436615
ME,train,2021,False,-67.909676,46.708584
ME,train,2022,True,-67.90625,44.729122
ME,train,2020,False,-67.905975,44.68531
ME,train,2020,False,-67.902855,44.427357
ME,train,2024,True,-67.9017,46.86925
ME,train,2023,False,-67.90151,45.695232
ME,train,2020,False,-67.892685,47.022453
ME,train,2020,False,-67.892624,47.01737
ME,val,2020,False,-67.89062,46.028915
ME,train,2021,False,-67.89039,44.442345
ME,train,2020,False,-67.88758,47.040268
ME,train,2023,True,-67.8843,45.689484
ME,train,2021,True,-67.88105,46.9767
ME,train,2022,True,-67.88036,44.533432
ME,train,2021,False,-67.877785,46.352413
ME,train,2021,True,-67.8777,44.543964
ME,train,2023,False,-67.87531,44.626476
ME,train,2020,False,-67.87524,45.99602
ME,train,2022,False,-67.87093,44.93993
ME,train,2020,False,-67.868416,46.471836
ME,val,2024,True,-67.866844,46.519245
ME,train,2022,False,-67.866455,44.87781
ME,train,2021,False,-67.86616,46.96557
ME,train,2022,False,-67.865814,46.940746
ME,train,2022,False,-67.86319,44.870644
ME,train,2022,False,-67.862656,44.821938
ME,train,2020,True,-67.86256,44.58218
ME,train,2022,False,-67.86214,47.044888
ME,val,2021,False,-67.860374,45.445427
ME,train,2020,True,-67.85922,46.53163
ME,val,2021,False,-67.8574,46.182667
ME,train,2022,False,-67.856575,47.057247
ME,train,2022,False,-67.85211,45.610867
ME,val,2020,True,-67.85165,46.886463
ME,train,2020,False,-67.84971,44.567326
ME,val,2020,False,-67.84882,45.447853
ME,train,2020,True,-67.844635,46.058853
ME,train,2020,False,-67.84375,44.604126
ME,train,2022,True,-67.843376,46.899868
ME,val,2024,True,-67.842896,46.71195
ME,train,2023,True,-67.84098,46.7995
ME,train,2024,True,-67.84072,45.233246
ME,train,2022,False,-67.83608,44.745968
ME,val,2021,True,-67.835724,46.975307
ME,train,2021,False,-67.82025,46.495724
ME,train,2020,True,-67.81174,46.179306
ME,train,2020,True,-67.80404,46.436325
ME,train,2021,False,-67.799934,45.082207
ME,train,2022,False,-67.79763,46.70061
ME,train,2020,True,-67.79607,46.55278
ME,train,2021,False,-67.794815,44.80174
ME,train,2024,False,-67.792465,44.67671
ME,train,2021,False,-67.79206,44.793484
ME,train,2023,True,-67.787766,44.67746
ME,train,2021,True,-67.786804,44.590523
ME,train,2020,False,-67.78125,44.562458
ME,train,2021,False,-67.78125,44.729122
ME,train,2023,True,-67.76599,44.634716
ME,train,2024,False,-67.762794,45.492943
ME,val,2022,False,-67.74997,45.543198
ME,train,2024,True,-67.747314,44.723507
ME,train,2024,False,-67.74699,44.731915
ME,val,2022,False,-67.7456,45.544838
ME,train,2023,True,-67.74183,44.474297
ME,train,2022,False,-67.74073,44.539646
ME,train,2021,True,-67.73913,44.59991
ME,train,2021,False,-67.73804,44.52654
ME,train,2024,False,-67.73442,44.9357
ME,train,2022,False,-67.73286,44.54059
ME,train,2021,False,-67.72771,44.653328
ME,train,2023,False,-67.72429,44.54541
ME,train,2022,False,-67.71972,44.534267
ME,train,2020,False,-67.71875,44.604126
ME,val,2023,False,-67.7006,44.522297
ME,val,2022,False,-67.69402,44.536137
ME,train,2021,False,-67.68895,45.095028
ME,val,2020,False,-67.68531,45.44248
ME,val,2022,False,-67.65625,44.895786
ME,train,2022,False,-67.64942,45.27646
ME,val,2023,False,-67.63878,44.57183
ME,train,2020,True,-67.63418,45.548805
ME,train,2020,False,-67.61806,45.585464
ME,train,2021,False,-67.6021,44.696846
ME,train,2023,True,-67.59931,44.484917
ME,train,2024,False,-67.5963,44.501034
ME,train,2021,False,-67.59375,44.97912
ME,train,2023,False,-67.5929,44.478542
ME,train,2022,True,-67.59092,44.646492
ME,train,2020,False,-67.58616,45.58529
ME,train,2021,False,-67.585724,44.55588
ME,train,2022,False,-67.581,44.653557
ME,train,2022,False,-67.57973,44.65521
ME,train,2020,True,-67.57666,45.507465
ME,train,2023,False,-67.57475,44.483128
ME,train,2020,False,-67.5587,44.835747
ME,train,2022,False,-67.53125,45.10412
ME,train,2022,False,-67.50607,44.882805
ME,train,2021,True,-67.50269,45.240555
ME,train,2021,True,-67.50115,45.246353
ME,train,2022,False,-67.49854,45.33974
ME,train,2023,False,-67.49452,44.630493
ME,val,2020,False,-67.49046,45.3882
ME,train,2022,False,-67.48847,45.34295
ME,train,2022,True,-67.48402,45.54602
ME,val,2021,False,-67.48324,44.959896
ME,train,2020,False,-67.478096,44.750793
ME,train,2022,True,-67.47273,45.21832
ME,train,2021,False,-67.46373,44.612816
ME,train,2020,True,-67.457184,44.866203
ME,train,2022,False,-67.456,44.94711
ME,val,2022,True,-67.44801,45.102646
ME,train,2021,True,-67.432526,45.18953
ME,train,2023,False,-67.43197,44.784966
ME,train,2023,False,-67.42852,44.71707
ME,val,2024,False,-67.42306,45.102108
ME,train,2022,False,-67.40184,44.645058
ME,train,2023,True,-67.40029,44.726604
ME,val,2021,True,-67.38883,44.735382
ME,train,2022,False,-67.374695,44.979385
ME,train,2021,True,-67.36786,44.867043
ME,train,2022,True,-67.3677,44.651684
ME,train,2021,False,-67.3651,44.85523
ME,train,2021,False,-67.36345,44.853134
ME,train,2021,False,-67.34685,44.89223
ME,train,2021,False,-67.34524,44.874104
ME,train,2021,False,-67.343285,44.869358
ME,train,2021,False,-67.34208,44.888012
ME,train,2021,False,-67.34195,44.869015
ME,train,2021,False,-67.34117,44.89178
ME,train,2020,False,-67.33247,45.090183
ME,train,2021,False,-67.33022,44.738396
ME,train,2023,False,-67.32623,45.07028
ME,train,2022,False,-67.32073,45.063545
ME,train,2021,True,-67.32031,44.847885
ME,train,2021,False,-67.31941,44.709564
ME,train,2021,False,-67.302055,44.79743
ME,train,2022,False,-67.288475,45.1477
ME,train,2023,False,-67.287636,45.147724
ME,train,2021,True,-67.28546,44.782543
ME,train,2022,False,-67.28011,45.079475
ME,train,2022,False,-67.27731,45.06007
ME,train,2024,False,-67.27398,45.06849
ME,val,2020,False,-67.23445,44.707302
ME,train,2021,False,-67.23092,44.79791
ME,val,2022,False,-67.23085,44.758316
ME,val,2022,False,-67.225,44.924
ME,train,2023,False,-67.22091,44.655285
ME,train,2021,False,-67.21152,44.853966
ME,train,2023,True,-67.20896,44.65751
ME,train,2023,True,-67.20878,44.657898
ME,train,2021,False,-67.20528,44.74776
ME,train,2021,False,-67.19513,44.772293
ME,train,2022,False,-67.18796,44.76667
ME,train,2022,False,-67.17847,44.794987
ME,train,2020,True,-67.17276,44.782253
ME,train,2023,True,-67.16927,44.950214
ME,train,2022,False,-67.16858,44.761726
ME,train,2022,False,-67.165054,44.799675
ME,train,2022,True,-67.16492,44.878498
ME,train,2021,True,-67.16452,44.950222
ME,train,2024,False,-67.15732,44.943794
ME,train,2023,True,-67.153145,45.023743
ME,train,2023,False,-67.15037,44.94254
ME,train,2023,False,-67.148415,44.974133
ME,train,2021,True,-67.12945,44.9121
ME,train,2020,False,-67.12827,44.944336
ME,val,2020,False,-67.126656,44.706844
ME,train,2021,True,-67.1227,44.995907
ME,train,2024,False,-67.11492,44.747475
ME,train,2022,False,-67.098305,44.857883
ME,train,2021,False,-67.0802,44.966763
ME,train,2020,False,-67.07491,44.759884
ME,train,2022,True,-67.06985,44.81473
ME,train,2022,False,-67.01487,44.846237
ME,train,2023,True,-66.996956,44.84224
ME,train,2021,False,-66.96914,44.80993
ME,train,2023,False,-66.9523,44.818813
NH,val,2024,False,-72.524345,42.908962
NH,train,2021,False,-72.51206,42.830624
NH,train,2022,False,-72.49985,42.806313
NH,val,2023,True,-72.48921,42.796825
NH,train,2022,True,-72.48296,42.879093
NH,train,2024,False,-72.472435,42.75842
NH,val,2022,False,-72.44355,42.954536
NH,val,2024,False,-72.441696,42.794884
NH,train,2022,False,-72.44047,42.996765
NH,val,2021,True,-72.43666,43.07427
NH,train,2022,True,-72.43388,43.25376
NH,train,2021,False,-72.432755,43.13192
NH,train,2024,False,-72.43136,42.89885
NH,train,2021,True,-72.42989,43.211227
NH,val,2020,True,-72.42972,43.10588
NH,val,2023,True,-72.41872,43.17538
NH,train,2024,False,-72.41861,43.095856
NH,train,2023,True,-72.41812,43.096184
NH,train,2024,False,-72.41674,43.227562
NH,train,2022,False,-72.414185,42.816982
NH,val,2024,False,-72.40556,43.374344
NH,val,2021,False,-72.40349,42.873566
NH,train,2021,False,-72.39188,43.149307
NH,val,2023,True,-72.38969,43.38928
NH,train,2021,False,-72.3846,43.250122
NH,train,2022,False,-72.38444,43.438087
NH,train,2024,False,-72.38113,43.02599
NH,train,2021,True,-72.380646,43.13852
NH,train,2023,False,-72.37689,43.50037
NH,val,2024,True,-72.37602,43.507236
NH,train,2021,False,-72.37452,42.909115
NH,val,2024,True,-72.36966,43.51851
NH,val,2023,True,-72.36538,43.10712
NH,train,2021,True,-72.33246,42.95417
NH,train,2023,False,-72.332214,42.93284
NH,train,2024,False,-72.326324,42.8109
NH,train,2024,False,-72.32516,43.510128
NH,train,2024,True,-72.324875,43.630405
NH,train,2023,False,-72.31994,43.036293
NH,train,2022,True,-72.312386,43.27462
NH,train,2024,False,-72.311356,42.873886
NH,train,2021,True,-72.31095,43.627865
NH,train,2021,True,-72.30775,43.65552
NH,train,2020,True,-72.30624,42.966694
NH,train,2022,False,-72.304955,42.999905
NH,val,2023,False,-72.302,43.683247
NH,train,2020,False,-72.300804,43.365303
NH,train,2024,False,-72.29803,42.85277
NH,train,2024,False,-72.292366,42.869007
NH,train,2022,False,-72.29209,42.96264
NH,val,2024,False,-72.29184,42.843155
NH,train,2024,False,-72.291824,43.403095
NH,train,2020,True,-72.2907,42.931168
NH,train,2024,False,-72.28863,42.96924
NH,train,2021,False,-72.28683,42.886642
NH,train,2022,True,-72.28589,43.70406
NH,train,2020,True,-72.285034,43.70554
NH,train,2020,False,-72.284096,42.977062
NH,val,2024,True,-72.28268,43.308666
NH,train,2024,True,-72.27565,43.643597
NH,train,2020,True,-72.27271,42.906494
NH,train,2023,False,-72.27071,43.684174
NH,val,2024,False,-72.26433,43.722588
NH,val,2020,False,-72.26399,42.93811
NH,train,2022,False,-72.26202,43.64645
NH,train,2023,False,-72.26194,43.64149
NH,train,2023,True,-72.26178,42.922565
NH,val,2021,True,-72.2582,42.94935
NH,train,2022,False,-72.25525,42.9158
NH,val,2023,False,-72.25466,43.51351
NH,train,2024,False,-72.25314,42.91425
NH,val,2024,True,-72.25102,43.71675
NH,train,2021,True,-72.25095,42.995693
NH,train,2024,False,-72.243126,43.684414
NH,train,2023,False,-72.237686,43.402603
NH,train,2022,True,-72.228264,42.899155
NH,val,2020,False,-72.22744,42.96817
NH,train,2022,True,-72.218956,43.067623
NH,train,2022,False,-72.21144,42.89694
NH,train,2023,False,-72.207664,42.773335
NH,train,2022,True,-72.2076,43.63841
NH,val,2023,False,-72.20167,43.744915
NH,train,2020,False,-72.201,42.782593
NH,train,2023,True,-72.199394,43.786026
NH,train,2022,True,-72.199234,43.785347
NH,train,2020,True,-72.19885,43.78591
NH,train,2024,True,-72.19813,43.784775
NH,train,2022,False,-72.19797,43.78517
NH,train,2020,False,-72.19622,42.92352
NH,train,2024,True,-72.194626,43.390938
NH,train,2022,True,-72.19324,43.011616
NH,train,2021,False,-72.1926,42.995117
NH,train,2024,False,-72.19247,43.74979
NH,train,2021,True,-72.187,42.918045
NH,train,2021,False,-72.18645,43.73725
NH,train,2023,True,-72.185005,43.68183
NH,train,2022,True,-72.18229,43.341606
NH,train,2023,True,-72.179794,43.78356
NH,val,2023,True,-72.17325,42.752563
NH,train,2020,False,-72.16963,43.827374
NH,val,2024,False,-72.16889,42.764946
NH,train,2024,False,-72.16853,42.721466
NH,val,2022,False,-72.166504,43.114048
NH,train,2022,False,-72.16425,43.698463
NH,val,2024,False,-72.1597,42.767715
NH,val,2021,True,-72.157974,42.899136
NH,val,2021,False,-72.15649,42.895435
NH,train,2020,False,-72.156075,43.595043
NH,val,2021,False,-72.155075,43.012665
NH,val,2020,False,-72.153915,43.105995
NH,train,2020,True,-72.153854,43.812325
NH,train,2024,True,-72.15356,43.593605
NH,train,2023,False,-72.151665,43.211075
NH,train,2024,True,-72.14973,43.891315
NH,val,2024,False,-72.14959,43.7234
NH,train,2023,False,-72.148674,43.429707
NH,train,2024,False,-72.146416,43.902035
NH,val,2024,False,-72.14531,43.72012
NH,train,2024,False,-72.14433,42.770836
NH,train,2023,True,-72.14142,43.611553
NH,train,2021,False,-72.14056,43.491203
NH,train,2022,False,-72.13292,43.482395
NH,train,2023,False,-72.13027,43.45369
NH,train,2024,False,-72.130066,43.5384
NH,val,2020,False,-72.12757,43.080376
NH,val,2020,False,-72.125984,42.88515
NH,train,2022,False,-72.12582,43.641407
NH,val,2024,True,-72.123245,42.760864
NH,train,2021,False,-72.12148,43.544197
NH,val,2021,True,-72.12108,43.674026
NH,val,2023,False,-72.118286,43.101147
NH,train,2022,False,-72.1176,43.1957
NH,train,2022,False,-72.11734,43.795986
NH,train,2021,False,-72.11681,43.63671
NH,val,2023,False,-72.11514,43.37304
NH,train,2023,False,-72.1148,42.778828
NH,val,2023,False,-72.11392,43.099693
NH,train,2021,False,-72.11282,42.851784
NH,train,2022,False,-72.11277,43.750576
NH,train,2021,False,-72.10614,43.88158
NH,train,2024,False,-72.10453,43.231743
NH,train,2024,False,-72.10449,42.857513
NH,train,2022,True,-72.101845,43.467583
NH,train,2020,False,-72.09731,43.037884
NH,val,2024,True,-72.09669,43.1764
NH,val,2023,False,-72.09312,43.451576
NH,train,2023,False,-72.09285,42.853603
NH,train,2024,True,-72.09232,42.72228
NH,train,2023,False,-72.09041,43.74283
NH,train,2020,False,-72.08772,43.01368
NH,train,2022,False,-72.084236,43.328453
NH,val,2020,False,-72.08392,43.400352
NH,val,2022,True,-72.08252,43.39789
NH,val,2020,False,-72.082375,43.407127
NH,train,2020,False,-72.08161,43.39899
NH,train,2022,False,-72.080765,43.34715
NH,train,2021,True,-72.08055,43.32946
NH,val,2021,False,-72.08027,43.8875
NH,val,2022,False,-72.0728,42.810642
NH,train,2021,False,-72.07265,42.865852
NH,train,2021,True,-72.069984,43.38327
NH,train,2022,False,-72.068146,43.784878
NH,val,2023,False,-72.063995,43.121258
NH,train,2023,True,-72.0547,42.86163
NH,train,2023,False,-72.05416,43.49089
NH,val,2023,False,-72.05211,43.726547
NH,train,2022,True,-72.05199,42.907207
NH,train,2021,False,-72.05166,43.821835
NH,train,2021,False,-72.04876,43.433414
NH,train,2023,False,-72.048584,42.92043
NH,val,2024,False,-72.04696,43.677013
NH,train,2020,False,-72.046196,43.368996
NH,train,2022,False,-72.040955,43.72031
NH,train,2023,False,-72.040825,42.844223
NH,train,2021,False,-72.03976,43.047443
NH,val,2024,False,-72.03976,44.17539
NH,val,2022,False,-72.03946,43.685875
NH,train,2023,False,-72.03735,43.8852
NH,train,2022,False,-72.0323,43.728523
NH,val,2024,False,-72.030594,42.942608
NH,train,2022,False,-72.029594,43.703514
NH,train,2022,False,-72.028114,43.00697
NH,train,2022,False,-72.02809,42.93468
NH,train,2023,False,-72.02574,42.904423
NH,val,2020,False,-72.02567,42.788975
NH,train,2020,False,-72.02558,42.89813
NH,train,2021,False,-72.0244,42.98104
NH,train,2024,True,-72.02334,42.743244
NH,train,2024,False,-72.019684,44.036495
NH,train,2023,True,-72.01967,44.136475
NH,train,2024,False,-72.01778,42.933426
NH,train,2023,True,-72.01641,42.93181
NH,train,2023,False,-72.01565,43.242188
NH,train,2023,False,-72.01429,43.50385
NH,train,2024,True,-72.0142,44.037178
NH,val,2024,False,-72.01387,42.820076
NH,train,2022,False,-72.01128,43.40325
NH,train,2021,False,-72.00952,43.40292
NH,train,2023,False,-72.00939,42.746025
NH,val,2024,False,-72.00762,44.053314
NH,train,2023,False,-72.00609,44.16227
NH,train,2022,False,-72.00507,42.855877
NH,train,2020,True,-72.00488,43.43779
NH,train,2021,False,-72.00205,42.908474
NH,train,2022,False,-72.00087,42.992825
NH,train,2022,False,-71.99632,43.739822
NH,val,2020,True,-71.99449,42.76599
NH,train,2024,False,-71.993904,42.962166
NH,val,2024,True,-71.989746,42.80661
NH,train,2023,True,-71.98618,43.396835
NH,train,2023,False,-71.98545,44.130238
NH,train,2024,False,-71.98234,42.971497
NH,train,2023,False,-71.980064,42.99724
NH,train,2022,True,-71.98006,43.702995
NH,train,2022,False,-71.979225,43.72915
NH,train,2023,True,-71.9776,42.78201
NH,train,2024,False,-71.9757,43.05358
NH,train,2023,True,-71.969154,43.43572
NH,train,2022,False,-71.96779,43.725235
NH,train,2023,False,-71.96696,44.022
NH,train,2023,False,-71.96631,43.4342
NH,train,2024,False,-71.9643,44.049736
NH,train,2024,False,-71.96362,42.871773
NH,train,2022,False,-71.96324,42.89128
NH,train,2022,False,-71.96166,43.36899
NH,train,2022,False,-71.961494,43.506714
NH,val,2024,False,-71.96137,43.01619
NH,train,2023,False,-71.95926,43.434425
NH,train,2020,False,-71.95847,42.95228
NH,train,2022,False,-71.95826,42.950214
NH,train,2024,False,-71.95488,43.77908
NH,train,2022,False,-71.954865,42.947296
NH,train,2021,True,-71.950775,42.948402
NH,train,2023,False,-71.95015,42.94753
NH,train,2023,True,-71.94791,43.36178
NH,train,2023,True,-71.9467,42.884903
NH,train,2024,False,-71.94554,42.997856
NH,train,2024,False,-71.945335,42.945137
NH,train,2024,False,-71.94518,43.4627
NH,train,2022,False,-71.944466,43.952168
NH,val,2024,True,-71.94407,44.094597
NH,train,2024,True,-71.94403,43.462673
NH,train,2021,False,-71.942795,42.964233
NH,train,2024,True,-71.93958,42.893845
NH,train,2021,False,-71.935524,42.95563
NH,train,2024,False,-71.93327,43.04334
NH,train,2024,False,-71.93274,43.644547
NH,train,2023,False,-71.93112,42.890846
NH,train,2023,False,-71.92982,43.03559
NH,train,2022,False,-71.92628,42.89575
NH,val,2022,True,-71.923065,42.981335
NH,train,2024,True,-71.92168,43.87243
NH,train,2020,False,-71.92111,43.43001
NH,val,2022,False,-71.911606,44.112263
NH,val,2022,False,-71.911255,44.09745
NH,val,2024,False,-71.91007,42.71917
NH,val,2022,False,-71.90839,42.967037
NH,train,2024,False,-71.90776,43.27093
NH,val,2022,True,-71.90455,43.931644
NH,train,2023,False,-71.90134,43.43152
NH,val,2024,False,-71.89998,43.390194
NH,train,2021,False,-71.8996,43.653114
NH,train,2024,False,-71.89924,42.77456
NH,train,2022,False,-71.89557,43.866776
NH,train,2023,False,-71.891785,43.809845
NH,train,2021,False,-71.8899,43.81533
NH,train,2021,False,-71.885,43.361412
NH,train,2023,False,-71.88235,43.115456
NH,val,2024,False,-71.8704,43.94972
NH,val,2020,False,-71.85712,43.24484
NH,train,2024,True,-71.84491,43.48795
NH,train,2021,False,-71.84302,43.80491
NH,train,2022,False,-71.84095,44.276604
NH,train,2021,False,-71.840195,43.803738
NH,val,2023,False,-71.83367,43.739212
NH,train,2024,True,-71.82869,42.838474
NH,train,2024,True,-71.82376,43.26171
NH,train,2024,True,-71.82222,43.179695
NH,train,2022,False,-71.822174,43.698067
NH,train,2024,False,-71.818794,42.855732
NH,train,2020,False,-71.81721,44.18812
NH,train,2021,False,-71.81661,43.17348
NH,train,2024,False,-71.8147,42.9733
NH,train,2020,False,-71.81132,43.19327
NH,train,2021,True,-71.80531,43.181202
NH,train,2022,True,-71.80408,44.323658
NH,train,2024,False,-71.80338,43.449024
NH,val,2023,True,-71.801796,42.752815
NH,train,2024,True,-71.79497,44.07619
NH,train,2023,False,-71.7852,43.974464
NH,train,2023,True,-71.78379,43.624783
NH,train,2022,False,-71.78326,43.738617
NH,val,2024,False,-71.775406,44.008842
NH,train,2020,False,-71.773285,42.788765
NH,train,2023,False,-71.771736,43.166264
NH,train,2022,False,-71.77138,43.442135
NH,train,2023,False,-71.76859,43.24954
NH,train,2021,False,-71.76441,42.75054
NH,train,2023,True,-71.76107,44.307003
NH,train,2024,True,-71.75446,43.393375
NH,train,2024,False,-71.741745,43.203182
NH,train,2021,False,-71.74064,43.471733
NH,train,2024,False,-71.73836,44.20708
NH,val,2022,False,-71.73683,43.948906
NH,train,2021,True,-71.73577,42.846325
NH,train,2020,False,-71.73296,42.797504
NH,val,2024,True,-71.732,42.87054
NH,train,2024,False,-71.73055,43.578888
NH,val,2021,True,-71.73026,43.18887
NH,val,2024,True,-71.71944,43.313126
NH,train,2022,True,-71.71936,43.61257
NH,train,2024,False,-71.71832,43.72553
NH,val,2023,False,-71.71758,43.18987
NH,val,2023,False,-71.71351,43.196606
NH,train,2024,True,-71.71275,43.012653
NH,train,2022,False,-71.71261,44.024574
NH,train,2022,False,-71.70987,42.827217
NH,train,2024,False,-71.704285,43.446377
NH,train,2024,False,-71.70071,43.8433
NH,train,2024,False,-71.69488,44.125694
NH,train,2022,False,-71.69427,44.296043
NH,val,2023,False,-71.69421,43.10077
NH,train,2020,False,-71.69027,43.76738
NH,train,2024,False,-71.6875,42.827835
NH,train,2022,False,-71.68187,44.108017
NH,val,2024,False,-71.68175,42.81745
NH,train,2024,True,-71.67674,42.985138
NH,train,2024,False,-71.67653,43.707172
NH,val,2024,False,-71.676346,43.031055
NH,train,2023,True,-71.67419,43.79154
NH,train,2023,False,-71.67351,43.202328
NH,train,2020,False,-71.67029,42.88808
NH,train,2020,False,-71.66991,43.197197
NH,train,2023,True,-71.6694,43.879784
NH,train,2024,False,-71.66884,42.796535
NH,train,2022,False,-71.66692,43.95081
NH,train,2024,True,-71.662445,43.00204
NH,train,2022,True,-71.659355,43.711407
NH,train,2023,False,-71.658264,42.72002
NH,val,2022,True,-71.65644,43.191463
NH,train,2021,True,-71.6559,42.954136
NH,train,2024,False,-71.65403,42.959686
NH,val,2021,False,-71.65237,43.417656
NH,val,2021,True,-71.64992,42.83763
NH,val,2024,False,-71.64842,42.825497
NH,train,2022,False,-71.64472,43.360065
NH,train,2024,False,-71.64365,42.856777
NH,val,2024,False,-71.64195,43.608406
NH,train,2021,False,-71.63792,43.71172
NH,val,2024,False,-71.63399,43.2771
NH,train,2023,False,-71.63128,42.8088
NH,train,2021,True,-71.62993,43.70406
NH,train,2024,False,-71.62982,43.093357
NH,train,2024,True,-71.626564,44.06136
NH,train,2021,False,-71.62402,42.747242
NH,val,2024,False,-71.623634,42.7889
NH,train,2023,False,-71.62234,43.20104
NH,train,2021,True,-71.62157,42.733326
NH,train,2023,False,-71.617004,43.11873
NH,val,2024,True,-71.61662,44.378807
NH,train,2024,False,-71.615234,43.862076
NH,train,2024,False,-71.61355,43.710304
NH,train,2024,True,-71.6129,42.709835
NH,train,2021,False,-71.61266,42.954407
NH,train,2021,False,-71.61186,42.95333
NH,val,2020,False,-71.60984,42.76914
NH,train,2023,False,-71.6092,43.27145
NH,train,2021,True,-71.60834,43.274384
NH,train,2021,False,-71.606705,42.97815
NH,train,2021,False,-71.60499,44.144382
NH,train,2024,False,-71.60418,43.924156
NH,train,2020,False,-71.598175,42.916363
NH,train,2022,False,-71.59716,43.44752
NH,train,2024,False,-71.59666,42.991577
NH,train,2021,False,-71.59498,43.212273
NH,train,2023,True,-71.59235,43.29868
NH,train,2021,True,-71.591,43.285633
NH,train,2024,False,-71.59082,42.9881
NH,train,2024,False,-71.58939,43.031273
NH,train,2023,False,-71.58905,43.911915
NH,val,2024,True,-71.58773,44.06394
NH,train,2020,False,-71.58557,43.195274
NH,val,2020,False,-71.58554,42.765476
NH,train,2024,False,-71.584564,42.98539
NH,train,2020,False,-71.58386,42.867207
NH,train,2024,False,-71.58348,43.59755
NH,train,2023,True,-71.58157,43.188187
NH,train,2022,False,-71.581245,42.987446
NH,train,2023,False,-71.58068,43.195496
NH,train,2020,False,-71.57915,43.267986
NH,val,2024,False,-71.57889,43.14633
NH,train,2023,False,-71.578476,43.991253
NH,train,2021,True,-71.57813,42.930008
NH,train,2023,True,-71.57464,43.193707
NH,train,2023,False,-71.57458,43.217655
NH,val,2022,False,-71.57404,43.27483
NH,train,2023,False,-71.57402,43.89208
NH,train,2022,False,-71.5732,43.740974
NH,train,2024,True,-71.571915,43.308365
NH,train,2021,False,-71.56612,43.31502
NH,val,2022,False,-71.56565,43.148197
NH,train,2022,False,-71.56367,43.313396
NH,train,2023,True,-71.56193,43.758812
NH,val,2024,False,-71.560356,42.727467
NH,train,2022,False,-71.55867,43.794445
NH,val,2022,False,-71.55806,44.048622
NH,train,2023,False,-71.557175,44.456047
NH,train,2021,True,-71.55622,43.465157
NH,val,2020,False,-71.55564,43.12257
NH,train,2024,False,-71.55418,43.501904
NH,train,2023,True,-71.552345,43.60487
NH,train,2024,False,-71.55007,43.621273
NH,train,2020,False,-71.54817,42.87414
NH,val,2024,True,-71.54672,43.180054
NH,train,2022,True,-71.545494,43.66453
NH,train,2024,False,-71.545364,42.724884
NH,train,2024,False,-71.54331,43.61426
NH,train,2022,False,-71.54212,43.72499
NH,train,2022,False,-71.54036,44.81202
NH,train,2021,True,-71.539085,43.245
NH,train,2020,False,-71.538124,43.318253
NH,val,2020,True,-71.53762,43.20818
NH,train,2020,False,-71.536575,42.843014
NH,train,2024,False,-71.53655,42.843708
NH,train,2024,False,-71.5353,43.284943
NH,train,2022,False,-71.53436,43.049755
NH,val,2021,True,-71.53213,44.983307
NH,train,2023,False,-71.531944,44.305313
NH,train,2021,False,-71.531876,43.780293
NH,train,2022,True,-71.53147,43.015087
NH,val,2020,True,-71.53013,43.09758
NH,train,2021,True,-71.52835,43.168587
NH,val,2022,False,-71.52748,43.09973
NH,train,2020,False,-71.52492,43.966854
NH,train,2021,True,-71.52459,42.818325
NH,val,2021,False,-71.524,42.905
NH,train,2022,False,-71.523026,43.140488
NH,val,2023,False,-71.51947,43.238873
NH,train,2020,False,-71.5134,43.712456
NH,train,2024,False,-71.51237,42.98574
NH,train,2022,False,-71.512344,44.253693
NH,train,2022,False,-71.51097,43.969162
NH,train,2024,False,-71.51092,42.8117
NH,train,2020,False,-71.5083,43.880436
NH,train,2024,False,-71.50736,43.74391
NH,train,2020,False,-71.50657,44.013985
NH,train,2020,True,-71.506485,43.165367
NH,train,2020,False,-71.50562,43.92886
NH,train,2021,False,-71.50499,43.63141
NH,train,2022,False,-71.50206,43.924297
NH,train,2022,False,-71.50037,43.736732
NH,train,2021,False,-71.49944,43.72681
NH,train,2022,False,-71.498886,43.96997
NH,train,2021,False,-71.49681,43.16323
NH,train,2020,False,-71.49565,43.556885
NH,train,2021,True,-71.49539,42.99476
NH,train,2024,False,-71.49482,44.026222
NH,train,2024,False,-71.49319,43.517033
NH,train,2021,False,-71.49101,44.242985
NH,train,2024,True,-71.48843,43.50898
NH,val,2020,False,-71.487816,43.902145
NH,train,2022,False,-71.48591,42.840633
NH,train,2020,True,-71.4819,44.992588
NH,train,2022,True,-71.48131,42.842415
NH,train,2021,True,-71.48074,44.386417
NH,train,2024,True,-71.47671,42.753605
NH,train,2022,False,-71.476,44.2205
NH,train,2023,True,-71.475395,43.523952
NH,train,2022,False,-71.47491,44.396275
NH,val,2022,False,-71.47415,43.016376
NH,train,2021,True,-71.47117,42.95749
NH,val,2022,True,-71.46933,42.942627
NH,train,2022,False,-71.46932,43.097332
NH,val,2020,False,-71.468315,43.779434
NH,train,2022,True,-71.46763,44.37522
NH,train,2020,False,-71.46675,43.671944
NH,val,2024,True,-71.46663,43.010704
NH,val,2023,False,-71.4646,44.33765
NH,train,2022,False,-71.462425,43.116783
NH,train,2022,True,-71.46235,43.0999
NH,train,2021,True,-71.460236,43.820866
NH,val,2024,False,-71.45878,42.934544
NH,train,2023,True,-71.458405,43.59541
NH,val,2022,False,-71.456406,43.659897
NH,val,2022,True,-71.454346,42.918304
NH,train,2021,True,-71.4525,43.14579
NH,train,2024,True,-71.45062,44.254295
NH,train,2020,False,-71.44746,43.411907
NH,train,2020,True,-71.44688,43.408726
NH,train,2020,False,-71.44083,43.26975
NH,train,2024,False,-71.43993,43.215485
NH,train,2024,True,-71.43862,44.26033
NH,train,2024,False,-71.43611,43.099297
NH,val,2020,True,-71.435326,42.81728
NH,train,2020,True,-71.431175,43.568047
NH,train,2024,True,-71.431046,43.65359
NH,val,2024,True,-71.42934,43.721985
NH,train,2024,True,-71.42577,43.00383
NH,train,2024,True,-71.42143,42.84417
NH,train,2022,False,-71.4211,42.919334
NH,train,2022,False,-71.420074,43.36325
NH,train,2021,False,-71.419945,43.606297
NH,val,2021,False,-71.415695,44.217525
NH,train,2021,False,-71.415565,42.868103
NH,train,2020,True,-71.41158,43.601803
NH,train,2020,False,-71.410446,44.175526
NH,val,2022,False,-71.4045,44.216427
NH,train,2020,False,-71.40143,43.792915
NH,train,2020,False,-71.39867,44.826694
NH,train,2020,True,-71.39718,43.748287
NH,train,2021,False,-71.397026,43.738888
NH,train,2022,True,-71.39571,42.972202
NH,train,2022,False,-71.392204,44.162296
NH,train,2022,False,-71.38872,44.115295
NH,val,2022,False,-71.38715,43.005337
NH,val,2021,False,-71.3871,43.164375
NH,train,2021,False,-71.38689,43.826748
NH,val,2024,False,-71.385445,43.201283
NH,train,2022,True,-71.38395,44.905136
NH,train,2021,False,-71.381096,44.49625
NH,val,2024,True,-71.381035,43.825638
NH,train,2022,True,-71.3796,43.81
NH,train,2024,True,-71.37741,43.728672
NH,train,2021,False,-71.37647,44.513126
NH,train,2023,False,-71.375145,43.508183
NH,train,2021,True,-71.37321,43.397533
NH,train,2022,False,-71.372665,43.617424
NH,train,2021,False,-71.371666,43.93376
NH,train,2022,False,-71.36962,44.246998
NH,train,2024,False,-71.369514,42.727776
NH,train,2024,False,-71.36924,43.93975
NH,train,2020,False,-71.36913,43.99416
NH,train,2020,True,-71.36899,44.914402
NH,train,2022,False,-71.36647,43.54962
NH,train,2020,False,-71.366325,43.913555
NH,train,2020,True,-71.36494,42.98395
NH,val,2023,False,-71.36393,44.278225
NH,train,2024,True,-71.36386,42.730362
NH,train,2022,False,-71.36253,43.211205
NH,train,2020,False,-71.361465,42.807816
NH,val,2020,False,-71.36122,43.752087
NH,train,2022,True,-71.35995,43.35518
NH,train,2021,False,-71.35665,43.91567
NH,val,2020,True,-71.356445,42.766552
NH,train,2021,True,-71.3556,43.12221
NH,train,2021,True,-71.34997,43.905247
NH,train,2021,False,-71.34959,43.925137
NH,val,2021,False,-71.34904,42.87778
NH,train,2020,True,-71.347626,44.888493
NH,train,2024,False,-71.34607,42.912098
NH,train,2021,False,-71.34543,44.08521
NH,train,2023,True,-71.345245,42.999695
NH,train,2023,False,-71.33654,42.79333
NH,train,2023,False,-71.33636,43.009155
NH,train,2023,False,-71.33348,44.361153
NH,train,2021,False,-71.33126,44.82658
NH,train,2021,False,-71.32601,43.47361
NH,train,2021,False,-71.32541,43.11392
NH,train,2020,False,-71.324814,44.267147
NH,train,2020,False,-71.3229,43.500286
NH,val,2020,True,-71.31999,45.100323
NH,train,2023,False,-71.31767,42.799694
NH,train,2020,False,-71.31557,44.745296
NH,train,2021,True,-71.308525,43.54915
NH,train,2020,False,-71.30325,44.865295
NH,train,2024,True,-71.30124,43.434055
NH,train,2024,False,-71.30097,42.950424
NH,train,2024,False,-71.30011,44.869152
NH,train,2021,False,-71.29499,43.919617
NH,val,2020,False,-71.293236,43.498142
NH,train,2024,False,-71.29205,44.07505
NH,train,2024,True,-71.29082,42.741806
NH,train,2024,False,-71.29019,44.367325
NH,train,2024,True,-71.28926,42.948364
NH,train,2020,False,-71.289,44.154774
NH,val,2020,False,-71.28896,43.513557
NH,val,2021,False,-71.28814,43.643196
NH,train,2020,False,-71.28755,43.59787
NH,train,2022,False,-71.28656,44.066414
NH,train,2021,False,-71.28617,43.618587
NH,train,2020,True,-71.28583,43.680542
NH,val,2021,False,-71.28493,43.51827
NH,train,2024,True,-71.284004,44.820427
NH,train,2021,False,-71.283585,44.365402
NH,train,2024,False,-71.28018,43.8667
NH,train,2022,False,-71.279976,43.727535
NH,train,2024,True,-71.279526,45.100677
NH,val,2021,False,-71.27532,43.108196
NH,val,2024,False,-71.27423,43.5125
NH,train,2021,False,-71.26768,43.423256
NH,train,2022,True,-71.267555,42.93179
NH,train,2022,False,-71.2637,43.531982
NH,train,2022,False,-71.26177,42.820217
NH,train,2024,False,-71.26177,42.98849
NH,train,2024,False,-71.26116,44.822765
NH,val,2024,False,-71.25991,44.260773
NH,train,2022,False,-71.25885,42.818993
NH,train,2024,False,-71.25713,42.817482
NH,train,2023,False,-71.25573,42.816483
NH,val,2021,True,-71.251595,43.04254
NH,train,2023,False,-71.25122,43.281105
NH,train,2024,True,-71.25113,42.830265
NH,train,2024,False,-71.24496,43.919533
NH,val,2024,False,-71.24267,43.63264
NH,train,2020,False,-71.23608,42.813137
NH,train,2023,False,-71.23546,44.300533
NH,val,2023,True,-71.23054,42.897522
NH,train,2022,True,-71.22955,43.918587
NH,val,2024,False,-71.225624,42.910896
NH,train,2024,True,-71.22345,44.3462
NH,train,2023,True,-71.22099,44.302246
NH,train,2022,True,-71.219826,44.325123
NH,train,2022,False,-71.21982,44.309692
NH,train,2020,False,-71.21953,45.151604
NH,train,2021,False,-71.21911,45.12581
NH,train,2023,False,-71.2179,43.51748
NH,train,2023,True,-71.21789,43.13024
NH,train,2023,True,-71.21641,44.116196
NH,train,2021,False,-71.21607,43.96359
NH,train,2024,False,-71.21551,44.29658
NH,train,2022,False,-71.21464,44.309055
NH,train,2021,True,-71.21349,43.89401
NH,train,2021,False,-71.2133,43.97322
NH,train,2024,False,-71.213066,44.09808
NH,train,2022,False,-71.21033,44.701496
NH,train,2024,False,-71.20504,43.85733
NH,train,2024,False,-71.20346,43.077778
NH,train,2022,True,-71.20204,43.425056
NH,val,2024,False,-71.20188,43.450127
NH,train,2023,False,-71.20178,43.93773
NH,train,2023,False,-71.20093,43.94998
NH,train,2024,False,-71.1995,45.17973
NH,train,2021,False,-71.19926,43.190697
NH,train,2024,False,-71.198715,45.20027
NH,train,2021,False,-71.19749,43.59625
NH,val,2024,False,-71.19748,42.985367
NH,train,2022,True,-71.196594,43.77263
NH,train,2023,False,-71.19157,43.9502
NH,train,2020,False,-71.19065,43.159374
NH,train,2024,False,-71.19047,43.112003
NH,train,2020,False,-71.18925,44.262268
NH,train,2023,False,-71.18865,43.954617
NH,train,2023,False,-71.18855,43.952
NH,train,2023,False,-71.18845,43.95025
NH,train,2023,False,-71.18656,43.947525
NH,train,2020,False,-71.18392,44.15039
NH,train,2022,False,-71.18361,43.135334
NH,train,2023,False,-71.18337,42.931465
NH,train,2024,False,-71.183304,43.997032
NH,train,2023,False,-71.18265,44.21364
NH,train,2020,True,-71.18182,43.150177
NH,train,2022,False,-71.18114,43.60731
NH,train,2020,False,-71.18091,43.101864
NH,train,2024,True,-71.180016,44.66785
NH,train,2023,False,-71.179924,43.58244
NH,train,2023,False,-71.17892,43.129333
NH,train,2023,False,-71.17747,43.95135
NH,val,2023,True,-71.176056,44.101856
NH,train,2021,False,-71.17501,42.835594
NH,val,2022,False,-71.17406,43.467457
NH,train,2020,False,-71.1705,43.433517
NH,val,2020,False,-71.16644,44.06258
NH,val,2022,False,-71.165825,45.177155
NH,train,2020,False,-71.1657,43.887035
NH,val,2021,False,-71.163124,44.06284
NH,val,2021,False,-71.16188,43.85368
NH,train,2023,True,-71.16158,42.814198
NH,train,2023,False,-71.15618,43.97341
NH,train,2024,False,-71.15615,42.85464
NH,train,2022,True,-71.15206,44.101475
NH,val,2020,False,-71.15095,43.072464
NH,val,2022,True,-71.14914,43.19381
NH,train,2024,False,-71.14686,45.06239
NH,val,2020,False,-71.14499,43.582626
NH,train,2023,False,-71.14472,43.975613
NH,train,2023,False,-71.143875,43.974155
NH,train,2020,False,-71.14386,44.035713
NH,train,2022,False,-71.14109,44.090393
NH,train,2024,True,-71.140884,43.974087
NH,train,2023,True,-71.1401,43.530804
NH,val,2020,False,-71.138695,43.058495
NH,val,2024,False,-71.13671,44.144173
NH,train,2020,True,-71.13665,44.07356
NH,val,2024,False,-71.136406,45.146244
NH,train,2021,False,-71.132996,43.980724
NH,train,2024,False,-71.13144,43.97005
NH,train,2022,False,-71.13081,44.02442
NH,train,2020,True,-71.12992,44.01725
NH,train,2024,False,-71.12902,42.851925
NH,train,2022,True,-71.12557,44.18076
NH,train,2020,True,-71.12391,44.0544
NH,train,2022,True,-71.1188,43.03381
NH,val,2024,False,-71.117035,44.957233
NH,train,2024,False,-71.11508,44.96607
NH,train,2024,False,-71.115074,44.823544
NH,train,2020,False,-71.114456,43.296898
NH,train,2021,False,-71.11223,43.778862
NH,train,2020,False,-71.11222,44.39887
NH,train,2021,False,-71.11193,44.045383
NH,val,2021,False,-71.11181,43.648876
NH,train,2020,False,-71.11062,44.134205
NH,train,2021,False,-71.109924,42.87793
NH,train,2022,True,-71.109245,43.5834
NH,train,2024,False,-71.10625,43.50402
NH,train,2022,False,-71.103905,42.882973
NH,val,2024,False,-71.10003,43.320145
NH,train,2023,False,-71.09938,45.26638
NH,val,2024,False,-71.09643,43.98971
NH,val,2024,False,-71.09471,42.951263
NH,val,2022,True,-71.09178,42.97293
NH,val,2022,False,-71.091675,44.07093
NH,val,2022,False,-71.08677,44.40742
NH,val,2020,True,-71.086075,44.006126
NH,train,2022,False,-71.08582,43.864326
NH,val,2024,False,-71.075134,43.630966
NH,train,2024,False,-71.071045,43.18075
NH,val,2024,True,-71.06783,43.039597
NH,val,2021,False,-71.06577,44.41675
NH,train,2020,False,-71.05531,44.393097
NH,train,2020,False,-71.03992,44.394577
NH,train,2023,False,-71.03428,43.751457
NH,train,2021,False,-71.03299,43.034473
NH,val,2023,False,-71.03233,44.047817
NH,val,2023,False,-71.03165,44.049435
NH,train,2022,False,-71.028305,43.468704
NH,val,2023,False,-71.026985,44.03005
NH,train,2022,False,-71.02666,43.07346
NH,val,2023,False,-71.02483,44.028316
NH,val,2023,True,-71.023094,43.21531
NH,val,2023,False,-71.02171,44.029682
NH,train,2024,True,-71.01962,43.232582
NH,val,2021,False,-71.00967,42.947956
NH,val,2021,False,-71.007576,43.128098
NH,train,2020,False,-71.00473,44.086372
NH,train,2020,False,-71.00014,43.330685
NH,train,2020,False,-70.9969,42.9876
NH,train,2024,False,-70.99669,43.064484
NH,val,2024,False,-70.99525,42.95184
NH,train,2020,False,-70.99181,42.99574
NH,val,2022,False,-70.990906,43.464973
NH,train,2020,True,-70.98953,43.063416
NH,val,2020,False,-70.9894,42.95749
NH,val,2024,False,-70.98399,42.902485
NH,train,2024,True,-70.981926,42.966038
NH,train,2024,False,-70.97934,43.239914
NH,train,2024,False,-70.97753,43.053097
NH,train,2020,False,-70.97551,43.054268
NH,train,2024,False,-70.97484,43.054497
NH,train,2023,True,-70.96886,42.988964
NH,train,2024,False,-70.966034,42.939175
NH,train,2024,False,-70.96303,43.024635
NH,train,2022,False,-70.96282,42.98931
NH,train,2024,False,-70.95998,43.183792
NH,val,2020,False,-70.9589,42.971584
NH,train,2024,False,-70.95397,42.92782
NH,train,2022,True,-70.95179,43.06951
NH,train,2021,False,-70.95105,43.1315
NH,train,2023,False,-70.95053,43.068268
NH,train,2021,False,-70.94939,43.0687
NH,train,2024,True,-70.94606,43.129433
NH,train,2021,True,-70.945526,43.01428
NH,train,2023,False,-70.94284,43.169933
NH,train,2023,False,-70.94177,43.16761
NH,val,2020,False,-70.94044,42.966095
NH,train,2021,False,-70.93898,43.13072
NH,train,2022,False,-70.938774,43.145325
NH,train,2022,False,-70.93832,43.146053
NH,train,2023,False,-70.9372,42.91368
NH,train,2024,False,-70.93676,43.155994
NH,train,2023,True,-70.936195,43.13185
NH,train,2022,False,-70.93592,43.224087
NH,val,2024,False,-70.93463,42.971893
NH,train,2023,False,-70.93322,43.07956
NH,train,2020,True,-70.932724,43.12826
NH,train,2021,False,-70.92803,42.911156
NH,train,2021,False,-70.92793,43.125153
NH,val,2020,False,-70.927315,43.039577
NH,train,2022,True,-70.9257,43.141293
NH,train,2020,True,-70.92177,43.131096
NH,val,2024,True,-70.91209,42.93844
NH,train,2020,True,-70.91059,43.13521
NH,train,2021,False,-70.909454,43.127235
NH,train,2024,False,-70.907616,43.203636
NH,val,2024,False,-70.90354,43.085575
NH,val,2021,False,-70.90326,43.101604
NH,train,2024,True,-70.90222,43.080418
NH,train,2022,True,-70.899086,43.286907
NH,train,2021,False,-70.89649,43.11148
NH,train,2020,True,-70.89203,43.212685
NH,train,2021,False,-70.886284,43.14378
NH,train,2020,True,-70.88248,43.132816
NH,train,2020,True,-70.87903,43.197098
NH,train,2021,False,-70.875984,43.007477
NH,train,2024,False,-70.874146,43.055153
NH,train,2024,True,-70.87065,43.209736
NH,train,2020,True,-70.86761,43.05177
NH,val,2020,True,-70.86198,43.237885
NH,train,2022,True,-70.861885,43.180775
NH,train,2021,False,-70.84926,43.090378
NH,train,2022,True,-70.84629,42.945446
NH,train,2022,False,-70.84561,43.045235
NH,train,2022,True,-70.84478,42.952534
NH,train,2024,True,-70.84274,43.13761
NH,train,2024,False,-70.8409,43.04121
NH,train,2023,False,-70.83944,43.11136
NH,val,2024,True,-70.82915,43.059647
NH,val,2022,True,-70.82668,43.053646
NH,train,2023,False,-70.823105,43.10143
NH,val,2023,False,-70.81939,43.00089
NH,train,2023,True,-70.81938,43.04559
NH,val,2021,False,-70.81372,42.940044
NH,val,2023,False,-70.80312,42.951267
NH,val,2021,True,-70.797874,42.937622
NH,train,2021,False,-70.79623,42.990673
NH,val,2023,True,-70.79309,42.941315
NH,train,2023,False,-70.78852,43.058697
NH,train,2024,False,-70.78543,42.958496
NH,val,2024,True,-70.76909,43.04106
NH,val,2020,True,-70.766815,43.039474
NH,train,2021,True,-70.75439,43.05796
NH,train,2024,True,-70.75417,43.07859
NH,train,2021,True,-70.750244,43.05729
NH,train,2020,False,-70.7411,43.05779
NH,train,2023,True,-70.72615,43.072674
NH,train,2022,True,-70.726074,43.04916
NH,train,2024,False,-70.725555,43.05
NH,train,2021,False,-70.7204,43.04996
VT,train,2024,True,-73.3938,43.646637
VT,train,2020,False,-73.392525,43.67616
VT,train,2021,True,-73.388794,44.003746
VT,train,2024,True,-73.38859,43.648075
VT,train,2021,True,-73.38736,43.633247
VT,train,2022,False,-73.38306,44.11667
VT,train,2023,True,-73.372665,43.989956
VT,train,2020,True,-73.37244,43.65118
VT,train,2023,False,-73.36192,43.680534
VT,val,2020,True,-73.35709,44.068474
VT,val,2023,True,-73.35432,44.072212
VT,train,2023,False,-73.34899,44.9006
VT,train,2024,False,-73.3468,43.76152
VT,train,2020,False,-73.34272,44.905197
VT,train,2023,True,-73.34129,44.051323
VT,train,2020,False,-73.33568,44.837605
VT,train,2023,False,-73.32975,44.088417
VT,train,2020,True,-73.32922,44.127552
VT,train,2024,False,-73.32578,43.77197
VT,train,2024,False,-73.32504,43.838943
VT,train,2023,False,-73.32304,44.77621
VT,train,2024,True,-73.32175,44.020126
VT,train,2023,True,-73.321266,44.028557
VT,train,2022,False,-73.31973,44.64736
VT,train,2020,False,-73.318474,44.771988
VT,train,2023,True,-73.316635,44.647434
VT,train,2024,False,-73.31445,43.890766
VT,train,2023,True,-73.31135,44.744274
VT,train,2023,False,-73.30942,44.80859
VT,train,2023,False,-73.302986,44.205948
VT,train,2024,False,-73.301575,44.699913
VT,train,2024,False,-73.292305,44.267414
VT,val,2021,True,-73.28917,44.235645
VT,train,2023,False,-73.28355,44.544968
VT,train,2021,False,-73.28198,44.633087
VT,train,2021,True,-73.28067,44.17376
VT,train,2023,True,-73.279945,44.543873
VT,val,2023,False,-73.279724,45.000412
VT,train,2021,True,-73.279625,44.251812
VT,train,2020,False,-73.27921,44.627174
VT,train,2022,False,-73.278984,44.627525
VT,train,2023,False,-73.27845,44.273304
VT,train,2021,False,-73.2773,42.811634
VT,train,2024,True,-73.275024,44.31085
VT,train,2024,True,-73.275,44.733334
VT,train,2022,False,-73.27459,44.53585
VT,train,2022,False,-73.272934,44.32256
VT,train,2022,False,-73.27108,44.511257
VT,val,2024,True,-73.26657,44.343918
VT,train,2020,False,-73.266396,44.018356
VT,train,2022,True,-73.265884,44.361317
VT,train,2020,False,-73.265755,44.009907
VT,train,2022,True,-73.265114,44.363464
VT,train,2024,False,-73.2649,44.395466
VT,train,2021,False,-73.26443,42.98761
VT,train,2020,False,-73.26383,42.98567
VT,train,2023,False,-73.26364,44.39761
VT,train,2022,False,-73.263596,44.03128
VT,train,2020,False,-73.26258,44.009987
VT,train,2023,False,-73.261734,44.016758
VT,train,2021,False,-73.26145,44.01047
VT,train,2022,True,-73.261375,43.77507
VT,train,2022,True,-73.26098,44.520237
VT,train,2024,False,-73.26058,44.009556
VT,train,2022,False,-73.26009,44.028866
VT,train,2020,False,-73.2584,44.168716
VT,train,2024,False,-73.256836,44.531757
VT,train,2024,False,-73.2559,42.790936
VT,train,2021,True,-73.254265,44.39558
VT,train,2021,False,-73.25372,44.552216
VT,train,2022,True,-73.25336,43.86022
VT,train,2023,False,-73.25235,44.355137
VT,train,2021,True,-73.25207,44.5033
VT,train,2023,False,-73.25144,43.62952
VT,train,2023,False,-73.25138,44.504734
VT,train,2024,True,-73.24978,44.320877
VT,train,2022,True,-73.24965,42.75775
VT,train,2024,False,-73.24954,42.815376
VT,train,2024,True,-73.24953,43.631947
VT,val,2021,False,-73.24904,43.849415
VT,train,2024,True,-73.248024,44.1817
VT,train,2024,False,-73.24775,44.359406
VT,train,2020,True,-73.246796,42.80705
VT,train,2022,True,-73.24617,44.28812
VT,train,2023,True,-73.246,44.496197
VT,train,2023,True,-73.245346,43.3232
VT,train,2023,True,-73.24499,44.388176
VT,train,2022,False,-73.24464,44.29359
VT,train,2022,False,-73.244415,44.527695
VT,train,2024,False,-73.24288,42.82045
VT,val,2024,False,-73.24285,44.086643
VT,train,2022,False,-73.24159,44.495174
VT,train,2022,True,-73.24064,44.28941
VT,train,2023,False,-73.240486,44.508316
VT,train,2020,False,-73.24019,44.40368
VT,train,2023,False,-73.24005,44.494442
VT,train,2023,False,-73.23985,43.651653
VT,train,2023,False,-73.2396,42.9255
VT,train,2020,False,-73.23956,44.51185
VT,train,2020,False,-73.2391,44.51923
VT,train,2024,False,-73.238625,44.394154
VT,train,2022,False,-73.23819,44.627575
VT,train,2024,True,-73.23721,44.566036
VT,train,2022,True,-73.23632,44.51083
VT,train,2023,False,-73.236145,44.627934
VT,train,2024,True,-73.23508,42.887897
VT,train,2021,False,-73.2345,44.30923
VT,train,2023,False,-73.23315,44.12518
VT,val,2020,False,-73.232376,42.856903
VT,val,2020,False,-73.23142,44.444134
VT,train,2022,True,-73.230675,44.50411
VT,train,2020,False,-73.23043,44.487976
VT,train,2024,False,-73.22943,43.549114
VT,train,2022,True,-73.22712,42.752106
VT,train,2021,False,-73.22701,44.579533
VT,train,2020,False,-73.22662,44.579567
VT,train,2023,False,-73.2262,43.448406
VT,train,2020,False,-73.225876,43.680614
VT,train,2022,False,-73.225044,42.753063
VT,train,2020,False,-73.223816,44.37843
VT,val,2024,False,-73.22318,42.873608
VT,train,2020,False,-73.22205,42.930843
VT,val,2024,False,-73.22053,42.87049
VT,train,2020,False,-73.22018,44.445206
VT,train,2023,False,-73.21858,44.606136
VT,val,2022,False,-73.21751,44.220413
VT,val,2024,True,-73.21709,42.870796
VT,val,2023,True,-73.21699,43.972
VT,val,2023,False,-73.216896,42.85911
VT,val,2022,False,-73.21664,44.223698
VT,train,2023,True,-73.21644,44.423138
VT,train,2020,True,-73.216095,44.389027
VT,val,2023,True,-73.21467,43.975002
VT,train,2024,False,-73.214516,44.579556
VT,train,2024,False,-73.21414,44.579662
VT,train,2022,False,-73.21385,42.934654
VT,train,2024,True,-73.21365,44.415085
VT,train,2022,True,-73.21363,44.484627
VT,train,2023,False,-73.21362,44.580456
VT,train,2024,False,-73.21356,44.623226
VT,train,2024,False,-73.21329,44.61394
VT,train,2024,False,-73.212654,44.28139
VT,train,2023,False,-73.212204,43.65645
VT,train,2024,False,-73.21053,44.53777
VT,val,2022,True,-73.20918,43.214985
VT,train,2020,True,-73.2091,44.464188
VT,train,2023,False,-73.208336,43.67635
VT,train,2024,False,-73.206985,44.617348
VT,val,2022,True,-73.206535,43.212505
VT,train,2020,False,-73.20585,44.668713
VT,train,2020,True,-73.20519,44.932697
VT,train,2020,False,-73.204155,44.283077
VT,train,2024,False,-73.204025,43.396114
VT,train,2021,True,-73.203545,44.443127
VT,train,2022,False,-73.203316,44.44412
VT,train,2024,True,-73.20331,44.511276
VT,train,2022,False,-73.20238,44.44437
VT,val,2024,True,-73.20178,43.59297
VT,val,2023,True,-73.201614,42.812206
VT,train,2023,False,-73.20139,44.94986
VT,train,2020,True,-73.20077,44.424393
VT,train,2024,True,-73.19903,44.40279
VT,train,2022,True,-73.19789,44.295532
VT,train,2021,False,-73.197815,44.965054
VT,train,2021,False,-73.19521,44.484287
VT,train,2023,True,-73.19464,44.434414
VT,train,2023,False,-73.19406,44.484142
VT,train,2024,False,-73.19388,43.02666
VT,train,2024,True,-73.19344,44.49143
VT,train,2024,True,-73.19198,44.566837
VT,train,2023,False,-73.19028,44.589508
VT,train,2021,False,-73.189735,44.588947
VT,train,2020,False,-73.18959,44.487263
VT,train,2020,False,-73.1866,44.788433
VT,val,2020,False,-73.186455,44.610756
VT,train,2024,True,-73.185776,44.55719
VT,train,2024,False,-73.184006,44.830254
VT,val,2024,False,-73.1839,44.013573
VT,train,2024,False,-73.183754,44.42999
VT,train,2023,True,-73.1834,43.76548
VT,val,2023,False,-73.182655,44.011448
VT,train,2021,True,-73.18253,44.417473
VT,train,2023,True,-73.18129,44.45637
VT,train,2021,False,-73.18092,42.85267
VT,train,2021,False,-73.18081,43.38625
VT,val,2023,False,-73.180466,43.0692
VT,train,2024,False,-73.18044,44.525673
VT,train,2021,False,-73.18042,44.480473
VT,train,2023,False,-73.18017,44.791027
VT,train,2024,True,-73.17999,44.452614
VT,train,2022,False,-73.17941,44.04573
VT,train,2021,True,-73.17871,43.99711
VT,train,2022,True,-73.17865,44.55507
VT,train,2024,True,-73.17858,44.46878
VT,train,2022,True,-73.17596,44.052814
VT,train,2021,True,-73.17517,44.96638
VT,val,2021,True,-73.17508,44.37237
VT,val,2020,False,-73.17478,43.074406
VT,val,2024,True,-73.17402,44.372543
VT,train,2024,False,-73.173676,44.50568
VT,train,2022,True,-73.17353,44.458412
VT,train,2020,True,-73.173164,43.924664
VT,val,2023,False,-73.17266,43.26685
VT,train,2024,False,-73.172295,44.00235
VT,train,2023,True,-73.1717,44.43902
VT,train,2023,True,-73.1716,44.554714
VT,train,2020,False,-73.17132,44.456264
VT,train,2020,False,-73.1707,44.45474
VT,val,2020,False,-73.16931,43.278748
VT,train,2024,True,-73.16811,43.998295
VT,train,2022,True,-73.167206,44.44429
VT,train,2020,False,-73.167145,44.44042
VT,train,2024,False,-73.16634,44.72578
VT,train,2023,True,-73.16611,44.9587
VT,train,2020,True,-73.16487,43.37751
VT,val,2020,False,-73.1647,44.37939
VT,val,2024,True,-73.161934,42.969894
VT,train,2024,False,-73.16179,44.020905
VT,val,2021,False,-73.161064,43.27414
VT,val,2023,False,-73.160194,44.29664
VT,train,2024,False,-73.1595,44.021553
VT,val,2023,False,-73.15902,43.616646
VT,train,2024,True,-73.15896,44.022785
VT,train,2023,True,-73.158104,43.979385
VT,train,2024,True,-73.15552,44.341286
VT,train,2024,True,-73.1548,44.022022
VT,train,2021,True,-73.154465,44.341354
VT,train,2022,False,-73.154076,44.34228
VT,train,2020,True,-73.15376,44.12446
VT,train,2023,True,-73.15349,44.12427
VT,train,2024,False,-73.15182,43.744934
VT,train,2023,False,-73.15115,44.019386
VT,train,2024,False,-73.15029,44.00609
VT,train,2024,False,-73.14878,44.171562
VT,train,2020,False,-73.14822,44.782017
VT,train,2023,False,-73.147896,43.0427
VT,val,2022,False,-73.14701,44.501213
VT,train,2022,True,-73.14662,44.26514
VT,val,2020,False,-73.14593,44.508465
VT,val,2021,False,-73.14568,44.705704
VT,train,2024,False,-73.143326,43.72566
VT,train,2022,True,-73.14229,44.245586
VT,train,2021,False,-73.13972,43.075783
VT,train,2023,True,-73.139404,44.292763
VT,train,2022,False,-73.13924,43.10315
VT,train,2021,False,-73.138794,44.331192
VT,val,2024,True,-73.136986,44.503426
VT,val,2022,False,-73.136734,43.7831
VT,train,2023,False,-73.13535,44.77466
VT,val,2022,False,-73.134926,43.57951
VT,train,2021,False,-73.13444,42.77027
VT,train,2024,True,-73.13357,43.09822
VT,train,2022,False,-73.13221,43.582333
VT,val,2024,True,-73.13152,43.80358
VT,train,2024,False,-73.13079,43.05255
VT,train,2024,False,-73.12731,43.10515
VT,train,2023,False,-73.12697,44.615864
VT,val,2024,False,-73.1256,43.802494
VT,train,2023,False,-73.12474,42.852543
VT,train,2020,False,-73.12428,44.411434
VT,val,2022,False,-73.12354,43.63035
VT,train,2020,True,-73.121704,44.45013
VT,val,2024,False,-73.12158,43.816902
VT,train,2021,True,-73.12115,44.334145
VT,train,2024,True,-73.12055,44.48813
VT,train,2020,True,-73.1183,44.063168
VT,train,2023,True,-73.11767,44.291813
VT,val,2021,True,-73.11746,43.786083
VT,train,2024,False,-73.11523,42.885056
VT,train,2024,True,-73.11363,44.474743
VT,val,2024,True,-73.11313,43.81718
VT,train,2024,False,-73.11218,43.261692
VT,train,2021,False,-73.1121,44.561234
VT,train,2021,False,-73.11182,44.549347
VT,train,2023,False,-73.10917,44.539864
VT,train,2023,False,-73.1074,43.157608
VT,train,2023,True,-73.10657,44.34895
VT,train,2023,False,-73.10656,44.204723
VT,train,2020,False,-73.10561,43.244
VT,train,2022,False,-73.10386,44.532997
VT,val,2022,False,-73.101944,43.071358
VT,train,2021,False,-73.10174,42.884933
VT,train,2020,True,-73.10061,44.27809
VT,train,2021,False,-73.100555,44.982067
VT,train,2024,True,-73.10036,43.972477
VT,val,2022,False,-73.10026,43.815372
VT,train,2023,False,-73.100174,43.259674
VT,train,2024,False,-73.09963,43.61618
VT,train,2021,True,-73.098724,43.9461
VT,train,2024,True,-73.09848,44.51824
VT,train,2020,False,-73.09746,43.17629
VT,val,2024,False,-73.09655,43.234016
VT,train,2021,True,-73.094246,44.39394
VT,train,2022,False,-73.08985,43.20548
VT,train,2024,False,-73.088036,43.12077
VT,train,2024,False,-73.08681,43.972015
VT,train,2020,False,-73.08642,44.06348
VT,train,2024,False,-73.086334,43.586052
VT,train,2024,True,-73.086296,45.00558
VT,train,2020,True,-73.08629,44.36556
VT,train,2023,False,-73.08547,43.17129
VT,train,2024,False,-73.08297,43.177513
VT,train,2023,True,-73.08283,43.2603
VT,train,2023,False,-73.08259,43.209743
VT,train,2024,True,-73.08212,44.579407
VT,train,2024,True,-73.08169,44.501186
VT,val,2020,True,-73.08031,43.799828
VT,train,2024,False,-73.07785,44.43425
VT,train,2020,True,-73.07648,44.805702
VT,val,2024,False,-73.075874,43.23984
VT,train,2024,False,-73.07508,44.37665
VT,train,2024,False,-73.07444,44.81893
VT,val,2020,True,-73.07437,43.05116
VT,train,2022,False,-73.0733,44.820835
VT,train,2023,False,-73.07329,44.679066
VT,train,2024,True,-73.07295,44.438427
VT,val,2021,False,-73.07137,43.331654
VT,train,2024,True,-73.06971,44.76244
VT,val,2023,False,-73.06912,44.140827
VT,train,2020,False,-73.068565,43.88846
VT,train,2020,False,-73.06715,44.506714
VT,train,2024,True,-73.06678,44.488914
VT,train,2022,True,-73.06663,44.419624
VT,train,2024,True,-73.06548,44.836605
VT,train,2023,False,-73.06492,43.66762
VT,train,2021,False,-73.06452,43.150936
VT,train,2024,False,-73.063545,43.61343
VT,train,2021,False,-73.063385,43.90742
VT,val,2022,False,-73.06184,44.13109
VT,train,2022,False,-73.06144,44.609173
VT,train,2024,False,-73.06095,42.89521
VT,train,2020,False,-73.06007,44.626358
VT,train,2024,False,-73.05993,44.498863
VT,train,2021,False,-73.059784,43.90241
VT,train,2022,False,-73.05976,43.62003
VT,train,2022,True,-73.0566,43.144306
VT,train,2022,False,-73.056465,43.54999
VT,train,2020,False,-73.055756,43.847584
VT,train,2024,False,-73.05539,43.767033
VT,val,2023,True,-73.05452,43.426105
VT,train,2023,False,-73.05436,43.63353
VT,train,2022,False,-73.05436,44.308956
VT,train,2023,False,-73.054115,43.632828
VT,train,2023,True,-73.05357,44.379967
VT,train,2022,True,-73.05156,43.603096
VT,train,2023,False,-73.05045,43.43772
VT,train,2021,False,-73.04952,44.452663
VT,val,2024,True,-73.04886,44.499794
VT,train,2020,False,-73.04787,43.284576
VT,train,2022,False,-73.04596,43.91259
VT,train,2023,False,-73.04415,44.612286
VT,train,2024,True,-73.042206,44.365402
VT,train,2020,False,-73.04217,43.8481
VT,train,2022,False,-73.041794,43.91469
VT,train,2020,False,-73.04168,43.449146
VT,train,2023,True,-73.04147,43.5888
VT,train,2023,True,-73.038055,45.004524
VT,train,2024,False,-73.03802,43.153843
VT,train,2024,False,-73.03766,44.363827
VT,train,2023,False,-73.03751,43.585052
VT,val,2022,True,-73.037445,43.180984
VT,val,2023,False,-73.03742,44.485912
VT,train,2023,False,-73.037224,43.13644
VT,train,2022,False,-73.036766,43.95378
VT,train,2021,True,-73.03596,44.44513
VT,train,2021,False,-73.03463,44.439617
VT,val,2022,False,-73.03455,44.302055
VT,train,2023,False,-73.03415,43.228497
VT,train,2020,False,-73.033676,43.754417
VT,train,2024,False,-73.03271,43.237064
VT,train,2024,False,-73.03255,43.055187
VT,val,2024,False,-73.03049,44.25233
VT,val,2024,False,-73.02952,44.303802
VT,train,2024,False,-73.028366,43.48768
VT,train,2022,False,-73.026,43.214314
VT,train,2024,False,-73.02543,43.966698
VT,train,2022,False,-73.02449,43.408512
VT,val,2020,False,-73.02318,42.89708
VT,train,2024,False,-73.0201,42.83677
VT,train,2024,False,-73.01973,42.88512
VT,train,2020,False,-73.019485,44.336044
VT,train,2022,False,-73.01936,44.167145
VT,train,2023,False,-73.01842,44.335217
VT,train,2020,False,-73.0183,42.90287
VT,train,2024,False,-73.018005,43.914795
VT,val,2022,True,-73.01679,43.186935
VT,train,2024,False,-73.01655,44.325214
VT,train,2020,False,-73.016426,44.333702
VT,train,2021,False,-73.016136,44.598354
VT,train,2024,False,-73.01596,44.33467
VT,train,2020,False,-73.01431,43.378143
VT,val,2022,False,-73.01309,44.102222
VT,train,2022,False,-73.012505,42.948685
VT,train,2024,False,-73.010506,43.17254
VT,train,2023,True,-73.006874,44.400196
VT,train,2020,False,-73.00531,44.4399
VT,val,2022,True,-73.00462,44.500774
VT,val,2022,False,-73.00248,44.49792
VT,val,2022,True,-72.99844,44.09401
VT,train,2022,False,-72.99786,43.17045
VT,train,2020,True,-72.99767,44.50395
VT,train,2022,False,-72.99724,43.836185
VT,train,2023,False,-72.99723,44.307873
VT,train,2022,False,-72.9939,43.631435
VT,val,2023,False,-72.99308,43.305073
VT,train,2022,False,-72.99258,43.148804
VT,train,2021,False,-72.99219,44.343376
VT,train,2022,False,-72.99197,44.09225
VT,train,2024,False,-72.99179,43.15017
VT,train,2020,False,-72.98995,43.905117
VT,train,2024,False,-72.988594,43.722485
VT,train,2020,True,-72.988594,44.402466
VT,val,2020,False,-72.98679,43.941574
VT,train,2020,True,-72.98464,43.617844
VT,val,2024,False,-72.98421,44.262238
VT,train,2023,False,-72.98287,43.899296
VT,train,2024,False,-72.98267,44.004826
VT,train,2021,False,-72.98149,43.503242
VT,train,2023,False,-72.98062,43.033817
VT,train,2022,True,-72.979355,44.32
VT,train,2022,False,-72.97788,43.01083
VT,val,2021,False,-72.97718,44.802456
VT,val,2021,False,-72.973335,44.466927
VT,train,2023,False,-72.97282,44.184513
VT,train,2022,True,-72.972664,44.499912
VT,train,2024,False,-72.9721,43.25619
VT,val,2023,False,-72.9708,43.09763
VT,train,2022,False,-72.97005,44.574863
VT,train,2022,True,-72.969826,43.20707
VT,train,2024,False,-72.96883,43.20736
VT,train,2022,False,-72.96851,43.199936
VT,train,2022,False,-72.96689,44.503178
VT,train,2023,False,-72.9668,43.207947
VT,val,2021,False,-72.96629,43.36667
VT,train,2023,False,-72.965805,43.207096
VT,train,2023,False,-72.965416,44.485374
VT,val,2023,False,-72.96485,43.37137
VT,train,2021,False,-72.964,43.213516
VT,train,2024,False,-72.96343,43.212807
VT,train,2023,False,-72.96119,44.134495
VT,val,2020,False,-72.96107,44.373386
VT,train,2020,False,-72.96069,44.194817
VT,train,2022,False,-72.96051,42.97159
VT,train,2022,False,-72.960335,44.606003
VT,val,2022,True,-72.95937,44.39614
VT,train,2023,False,-72.95829,43.052628
VT,train,2024,False,-72.95724,43.842022
VT,train,2020,False,-72.956604,44.261677
VT,train,2024,False,-72.95655,44.55443
VT,val,2024,False,-72.95651,43.38618
VT,val,2021,True,-72.956505,43.192204
VT,train,2024,False,-72.95371,43.47852
VT,train,2020,False,-72.951546,43.220554
VT,train,2023,False,-72.95067,43.987564
VT,train,2022,True,-72.947716,44.545868
VT,train,2022,True,-72.94567,44.5816
VT,train,2022,True,-72.94108,44.909714
VT,val,2021,False,-72.94103,42.973614
VT,val,2022,False,-72.94075,44.03377
VT,train,2020,True,-72.94022,44.442665
VT,train,2024,False,-72.93892,43.289104
VT,train,2024,False,-72.93871,44.452656
VT,train,2021,False,-72.93823,43.737118
VT,train,2024,False,-72.93756,43.60294
VT,val,2020,True,-72.93733,43.6355
VT,train,2020,False,-72.93583,44.21216
VT,val,2022,True,-72.93523,42.771824
VT,train,2023,True,-72.93428,43.366
VT,val,2020,False,-72.93381,43.24919
VT,train,2024,True,-72.93376,44.55755
VT,val,2021,False,-72.93232,44.396824
VT,train,2020,False,-72.93039,44.2366
VT,train,2024,False,-72.929474,43.383595
VT,train,2020,False,-72.92716,44.08668
VT,train,2024,False,-72.925575,43.433258
VT,train,2020,False,-72.924965,43.7567
VT,val,2022,False,-72.92436,43.82135
VT,train,2021,False,-72.92301,43.097584
VT,train,2024,False,-72.922714,44.298054
VT,train,2020,False,-72.92247,43.767708
VT,train,2021,False,-72.92209,43.048695
VT,train,2020,False,-72.92147,42.908344
VT,val,2024,False,-72.91912,43.43686
VT,train,2020,True,-72.91844,44.20206
VT,train,2023,True,-72.9184,43.365437
VT,train,2021,True,-72.91749,44.69496
VT,train,2022,False,-72.91671,43.19152
VT,val,2024,False,-72.9144,43.043003
VT,train,2022,False,-72.914314,43.36375
VT,val,2024,False,-72.91271,43.52367
VT,train,2020,False,-72.91127,43.588406
VT,val,2020,False,-72.91107,42.86697
VT,train,2021,False,-72.91072,43.598057
VT,train,2022,False,-72.909996,44.67865
VT,train,2024,False,-72.90909,43.427353
VT,train,2024,True,-72.908066,44.939976
VT,val,2020,False,-72.90764,44.347927
VT,train,2021,False,-72.90681,44.305004
VT,val,2024,True,-72.906586,44.37252
VT,train,2024,False,-72.90453,43.429363
VT,train,2022,False,-72.9034,44.03493
VT,train,2020,True,-72.90277,43.646694
VT,val,2022,False,-72.90224,43.84916
VT,train,2022,False,-72.90194,43.955467
VT,train,2022,False,-72.90139,44.4069
VT,train,2024,False,-72.900665,44.13864
VT,train,2024,False,-72.90009,44.400394
VT,train,2024,True,-72.899475,43.64559
VT,train,2024,False,-72.89885,43.362904
VT,train,2021,True,-72.896484,43.14123
VT,train,2024,False,-72.89605,44.30426
VT,train,2024,False,-72.89579,43.652363
VT,train,2020,False,-72.8937,44.2786
VT,train,2023,False,-72.89245,44.19631
VT,val,2022,True,-72.89078,43.053288
VT,val,2021,False,-72.88837,43.532566
VT,train,2023,False,-72.88332,44.44375
VT,train,2024,False,-72.88269,42.953117
VT,train,2020,False,-72.882355,43.64455
VT,val,2021,True,-72.88177,43.053394
VT,train,2022,False,-72.87916,44.322357
VT,train,2022,False,-72.878586,44.37738
VT,train,2022,False,-72.87741,43.32948
VT,train,2022,False,-72.875656,44.593925
VT,train,2023,False,-72.873886,43.13038
VT,train,2020,False,-72.87361,44.249405
VT,train,2023,False,-72.873116,44.40756
VT,train,2021,False,-72.87209,43.925934
VT,val,2024,False,-72.87133,42.97491
VT,train,2024,True,-72.87096,43.631317
VT,train,2023,True,-72.87052,43.99455
VT,train,2022,False,-72.86905,44.310154
VT,train,2020,False,-72.86822,44.202724
VT,train,2024,False,-72.86664,43.28069
VT,train,2024,True,-72.86598,43.19869
VT,train,2020,False,-72.86443,43.167667
VT,train,2023,False,-72.86417,43.168175
VT,train,2020,False,-72.86405,44.28422
VT,train,2024,False,-72.86196,44.508774
VT,train,2024,False,-72.861626,43.692307
VT,val,2024,False,-72.85852,42.89369
VT,train,2023,False,-72.85695,43.549988
VT,train,2021,False,-72.853905,44.189075
VT,train,2022,False,-72.850716,44.67967
VT,train,2024,False,-72.850494,44.088917
VT,train,2022,False,-72.84495,44.352924
VT,train,2024,False,-72.842415,43.679256
VT,train,2022,False,-72.84179,43.4825
VT,train,2021,False,-72.84136,44.444225
VT,val,2024,False,-72.83999,43.263103
VT,train,2022,False,-72.83737,44.531616
VT,train,2021,True,-72.83414,44.181007
VT,train,2022,False,-72.833565,43.652267
VT,train,2020,False,-72.83297,43.66527
VT,val,2024,False,-72.83256,43.503754
VT,train,2022,False,-72.83238,44.163467
VT,train,2022,False,-72.8322,44.51
VT,val,2024,True,-72.8286,43.526157
VT,train,2022,False,-72.82804,44.020855
VT,train,2021,False,-72.8276,44.18251
VT,train,2024,False,-72.82683,44.68123
VT,train,2024,False,-72.826614,44.25962
VT,train,2024,False,-72.82541,44.63476
VT,train,2024,False,-72.825134,44.649822
VT,train,2022,False,-72.824905,44.636173
VT,train,2024,False,-72.82424,43.241817
VT,train,2021,True,-72.82192,43.92946
VT,train,2020,True,-72.82159,43.53414
VT,train,2022,True,-72.82073,43.473774
VT,train,2024,False,-72.81612,43.83264
VT,train,2022,False,-72.81495,43.882374
VT,train,2020,True,-72.814575,44.65116
VT,train,2024,False,-72.81366,44.096138
VT,train,2023,False,-72.812744,44.6141
VT,train,2021,True,-72.81097,44.47317
VT,train,2024,False,-72.80971,44.128407
VT,train,2021,False,-72.80896,43.96074
VT,train,2024,False,-72.80792,43.451603
VT,train,2023,False,-72.80774,43.675293
VT,train,2021,False,-72.80722,44.25472
VT,val,2024,False,-72.8064,44.382767
VT,train,2024,False,-72.80626,43.453125
VT,train,2021,False,-72.80608,43.967716
VT,train,2021,False,-72.80221,44.25255
VT,train,2020,False,-72.800064,43.67708
VT,train,2021,False,-72.79891,43.47584
VT,train,2024,False,-72.796524,43.671013
VT,train,2021,False,-72.79539,42.86022
VT,val,2021,True,-72.79517,43.357334
VT,train,2023,True,-72.795006,43.525406
VT,train,2020,False,-72.79493,42.85538
VT,train,2023,True,-72.79475,44.97136
VT,train,2020,False,-72.79303,43.56939
VT,train,2023,False,-72.79223,43.679787
VT,val,2022,False,-72.791794,44.15502
VT,train,2024,False,-72.791756,43.679726
VT,train,2022,False,-72.787636,44.53676
VT,train,2020,True,-72.786674,44.530388
VT,train,2024,False,-72.78649,44.521484
VT,train,2020,True,-72.785965,43.67873
VT,val,2023,False,-72.78534,43.30365
VT,train,2024,True,-72.7846,44.306053
VT,train,2021,False,-72.783966,44.465065
VT,train,2023,False,-72.78314,42.965023
VT,train,2023,False,-72.78246,44.729443
VT,train,2023,False,-72.78124,44.540104
VT,val,2022,False,-72.781006,44.551376
VT,val,2023,False,-72.78021,42.81759
VT,val,2023,False,-72.77969,43.56164
VT,val,2024,False,-72.778305,44.546272
VT,train,2020,False,-72.77793,44.52839
VT,train,2021,True,-72.77754,43.458347
VT,train,2024,False,-72.77687,42.97852
VT,train,2021,False,-72.77586,43.275208
VT,train,2024,True,-72.775055,44.194035
VT,train,2022,True,-72.774994,43.661667
VT,val,2020,False,-72.77379,44.559067
VT,train,2023,False,-72.77348,44.507984
VT,train,2023,False,-72.77165,43.685326
VT,train,2021,False,-72.76868,44.50314
VT,train,2021,False,-72.76842,43.53242
VT,train,2023,True,-72.768234,44.24403
VT,train,2023,False,-72.76582,44.649025
VT,train,2022,False,-72.76369,43.13605
VT,val,2024,False,-72.76338,42.821327
VT,train,2024,False,-72.762054,44.676712
VT,train,2020,False,-72.76069,44.250732
VT,train,2022,False,-72.76065,43.113483
VT,train,2023,True,-72.75882,44.2772
VT,train,2021,False,-72.75816,44.41046
VT,train,2024,False,-72.75727,43.583984
VT,val,2020,False,-72.75664,43.57156
VT,val,2024,True,-72.75541,43.083916
VT,train,2020,False,-72.754814,43.42732
VT,train,2021,False,-72.75256,43.16751
VT,train,2021,True,-72.75116,43.98157
VT,train,2020,True,-72.749596,44.341064
VT,train,2024,False,-72.74906,42.839
VT,train,2024,True,-72.7482,44.23345
VT,train,2024,False,-72.741875,44.445316
VT,train,2024,True,-72.741844,44.446648
VT,train,2021,False,-72.74116,43.42112
VT,train,2020,False,-72.741066,44.49077
VT,train,2024,False,-72.737495,44.482613
VT,train,2022,False,-72.7366,44.395844
VT,train,2023,False,-72.73615,44.397484
VT,val,2021,False,-72.731636,42.852783
VT,train,2022,True,-72.72949,44.167595
VT,train,2022,True,-72.72854,44.651978
VT,val,2024,False,-72.725716,44.41441
VT,val,2024,False,-72.72538,43.43319
VT,train,2021,False,-72.72323,42.838596
VT,train,2024,False,-72.72193,44.682907
VT,train,2022,False,-72.71747,43.19649
VT,train,2021,False,-72.71693,42.998486
VT,train,2022,False,-72.71388,44.566982
VT,val,2022,False,-72.71357,42.7901
VT,val,2023,True,-72.711464,42.78835
VT,train,2023,False,-72.7107,42.83814
VT,train,2020,False,-72.71021,44.707855
VT,train,2023,False,-72.70827,44.446564
VT,train,2024,False,-72.70776,44.27543
VT,train,2024,False,-72.70768,43.07701
VT,train,2023,False,-72.704475,44.573334
VT,train,2023,False,-72.7031,42.878666
VT,train,2020,True,-72.70289,44.437805
VT,train,2024,False,-72.7004,43.99069
VT,train,2021,False,-72.697266,44.46432
VT,train,2020,False,-72.69711,43.55047
VT,val,2024,False,-72.695755,43.44207
VT,train,2021,False,-72.69499,44.473175
VT,train,2021,True,-72.690605,44.456535
VT,train,2020,True,-72.6852,44.63179
VT,train,2022,False,-72.68193,44.763474
VT,train,2022,False,-72.68074,44.428574
VT,train,2022,False,-72.679886,44.473198
VT,train,2023,True,-72.67842,44.983803
VT,val,2022,False,-72.6752,42.842823
VT,train,2023,False,-72.67474,43.19989
VT,train,2023,False,-72.67048,43.930477
VT,train,2023,False,-72.668396,43.93519
VT,train,2022,False,-72.66802,43.937504
VT,train,2022,False,-72.66771,43.936527
VT,train,2024,False,-72.66732,43.935028
VT,train,2020,True,-72.666405,44.281586
VT,train,2021,False,-72.662735,43.696114
VT,train,2024,False,-72.661896,43.11637
VT,val,2023,True,-72.6613,44.220367
VT,val,2020,True,-72.66078,44.494087
VT,train,2024,True,-72.660355,44.874546
VT,train,2023,False,-72.65643,43.111732
VT,train,2023,True,-72.655464,43.74483
VT,train,2021,False,-72.65408,43.202408
VT,val,2022,False,-72.65387,43.49369
VT,train,2021,False,-72.65331,44.63164
VT,train,2020,False,-72.64682,43.70971
VT,train,2020,False,-72.64623,44.288467
VT,train,2024,False,-72.646065,43.111694
VT,train,2023,False,-72.6451,43.1191
VT,train,2020,False,-72.64409,43.852455
VT,train,2024,False,-72.644,43.812614
VT,train,2020,False,-72.64011,42.856964
VT,train,2023,False,-72.63584,44.32034
VT,train,2020,False,-72.634026,42.963272
VT,train,2024,False,-72.631294,42.852077
VT,train,2024,True,-72.631065,43.009476
VT,train,2024,False,-72.62905,44.14528
VT,train,2020,False,-72.628914,44.7284
VT,train,2022,False,-72.6279,42.96546
VT,train,2020,False,-72.62785,42.933945
VT,train,2024,True,-72.624664,43.56349
VT,train,2020,False,-72.62465,44.470795
VT,train,2024,False,-72.62343,42.86995
VT,val,2021,False,-72.62274,42.886387
VT,val,2024,False,-72.62267,44.238052
VT,train,2022,False,-72.62033,43.3812
VT,train,2020,False,-72.61976,44.354538
VT,val,2021,False,-72.61885,42.88695
VT,train,2020,False,-72.61701,43.83682
VT,train,2022,False,-72.616455,43.178604
VT,val,2022,False,-72.61639,42.97739
VT,val,2022,False,-72.61271,42.859085
VT,train,2022,False,-72.6122,44.566025
VT,train,2024,False,-72.61116,43.86936
VT,train,2021,False,-72.61109,44.32456
VT,train,2020,False,-72.61096,44.57503
VT,train,2021,False,-72.610115,44.17502
VT,train,2022,False,-72.608215,43.202248
VT,train,2020,True,-72.60793,44.612366
VT,val,2024,False,-72.60749,44.211815
VT,val,2021,False,-72.60709,42.857418
VT,train,2022,False,-72.60667,42.96151
VT,train,2023,True,-72.60599,44.12363
VT,train,2020,False,-72.60554,44.789185
VT,train,2021,False,-72.60533,43.028687
VT,train,2023,True,-72.60062,44.018692
VT,val,2022,False,-72.6001,42.990326
VT,train,2021,False,-72.597275,43.614334
VT,train,2021,False,-72.596924,42.965584
VT,train,2024,False,-72.59661,43.389133
VT,train,2021,False,-72.594955,43.025784
VT,train,2023,False,-72.59429,44.15625
VT,train,2023,False,-72.593025,42.97843
VT,train,2023,False,-72.59211,42.984398
VT,train,2022,False,-72.592064,43.023426
VT,val,2021,False,-72.59153,42.853874
VT,val,2020,True,-72.59102,44.260853
VT,train,2024,False,-72.58995,42.886246
VT,train,2022,False,-72.58896,44.256084
VT,val,2024,False,-72.58795,43.014725
VT,train,2020,False,-72.587715,43.47334
VT,train,2020,True,-72.5877,44.259964
VT,val,2022,False,-72.58726,42.85853
VT,train,2023,False,-72.58681,43.730694
VT,train,2024,False,-72.58606,43.062508
VT,train,2020,False,-72.585365,43.019184
VT,train,2023,True,-72.58342,43.067215
VT,train,2022,False,-72.58052,44.25795
VT,val,2023,False,-72.58028,44.514225
VT,val,2024,False,-72.57971,43.01324
VT,train,2024,False,-72.57891,44.270405
VT,train,2020,False,-72.57532,42.85879
VT,train,2023,False,-72.573715,43.709087
VT,train,2022,False,-72.57327,42.867527
VT,val,2023,False,-72.57154,44.208973
VT,train,2024,True,-72.568504,43.328655
VT,train,2024,False,-72.56826,43.327896
VT,train,2021,False,-72.568016,42.860855
VT,train,2022,False,-72.567604,42.895454
VT,val,2021,True,-72.56738,43.980705
VT,val,2023,True,-72.567184,44.222622
VT,train,2022,False,-72.56694,42.814297
VT,train,2024,True,-72.56567,44.25621
VT,train,2024,True,-72.5624,42.99531
VT,train,2024,False,-72.561646,44.56293
VT,train,2022,True,-72.56071,42.84258
VT,train,2024,True,-72.559784,44.631256
VT,train,2023,False,-72.55896,42.864952
VT,train,2020,True,-72.558365,42.860973
VT,train,2021,False,-72.55814,44.31218
VT,train,2022,False,-72.55757,42.8652
VT,train,2021,False,-72.55705,44.36359
VT,val,2021,False,-72.55678,43.458237
VT,train,2024,False,-72.55594,44.28792
VT,train,2021,True,-72.55469,43.341515
VT,train,2024,False,-72.55438,44.514835
VT,train,2024,True,-72.55138,42.990917
VT,train,2024,False,-72.55102,44.621765
VT,train,2024,True,-72.54941,44.32121
VT,train,2022,True,-72.54852,44.242805
VT,train,2022,True,-72.54833,42.819225
VT,train,2022,True,-72.54751,42.96946
VT,train,2020,True,-72.54737,44.20944
VT,train,2024,True,-72.54736,42.83467
VT,train,2022,False,-72.546814,42.819923
VT,train,2020,False,-72.54638,44.945053
VT,train,2024,True,-72.545105,44.35785
VT,train,2021,False,-72.54436,44.295357
VT,train,2021,True,-72.544334,44.28578
VT,train,2023,False,-72.54398,43.178905
VT,train,2022,False,-72.54393,42.734344
VT,val,2021,True,-72.54232,43.56858
VT,train,2020,True,-72.540955,44.12203
VT,train,2024,True,-72.54021,43.33128
VT,train,2021,True,-72.53987,43.619633
VT,train,2020,True,-72.53925,43.333218
VT,train,2024,True,-72.53887,44.22306
VT,train,2021,False,-72.53874,42.803173
VT,train,2023,True,-72.53872,44.23562
VT,train,2023,False,-72.53815,44.316757
VT,train,2020,False,-72.53636,44.279915
VT,val,2024,True,-72.53615,43.825623
VT,train,2020,False,-72.53575,43.373207
VT,train,2024,False,-72.5345,44.304596
VT,train,2023,False,-72.53443,43.74255
VT,val,2024,True,-72.53381,43.835754
VT,train,2024,False,-72.53372,43.727913
VT,train,2021,False,-72.53258,43.62979
VT,val,2024,True,-72.53188,43.833447
VT,train,2023,False,-72.53184,44.25572
VT,train,2023,False,-72.531746,43.105145
VT,train,2024,False,-72.53162,44.21186
VT,train,2024,True,-72.530495,43.32447
VT,val,2022,False,-72.5286,43.925323
VT,train,2023,True,-72.52778,43.333344
VT,train,2024,False,-72.526726,43.145996
VT,train,2023,False,-72.52665,42.975494
VT,val,2022,False,-72.525444,43.93433
VT,train,2022,True,-72.52398,44.24485
VT,train,2024,True,-72.52389,43.04867
VT,train,2024,False,-72.52319,43.632805
VT,train,2024,False,-72.52275,43.632233
VT,train,2021,True,-72.52141,44.32923
VT,val,2024,True,-72.52035,43.029736
VT,train,2023,True,-72.51844,43.62427
VT,val,2020,True,-72.51813,43.81867
VT,train,2020,True,-72.517944,44.28741
VT,train,2023,True,-72.51615,43.271732
VT,train,2023,True,-72.51423,42.77228
VT,train,2021,True,-72.51357,43.374058
VT,train,2023,False,-72.51255,44.372154
VT,val,2022,True,-72.51215,43.416103
VT,train,2024,False,-72.51111,43.853046
VT,train,2020,True,-72.51056,43.625446
VT,train,2021,True,-72.50932,43.13825
VT,train,2024,False,-72.50705,42.764927
VT,train,2022,False,-72.50595,44.29178
VT,train,2021,False,-72.50536,43.13337
VT,train,2024,True,-72.50481,43.80646
VT,train,2024,False,-72.50332,44.912384
VT,train,2022,True,-72.50175,44.310993
VT,train,2020,False,-72.5006,44.0897
VT,val,2023,False,-72.49983,43.34511
VT,train,2020,False,-72.4998,44.0922
VT,train,2021,False,-72.49895,43.3652
VT,train,2021,True,-72.498795,42.767418
VT,train,2020,False,-72.4978,44.0905
VT,train,2024,False,-72.49636,44.08963
VT,train,2020,False,-72.49586,44.09314
VT,val,2022,False,-72.49537,42.7466
VT,train,2023,False,-72.495346,42.99159
VT,train,2022,False,-72.495255,43.846073
VT,train,2020,False,-72.49487,44.0973
VT,train,2023,False,-72.49204,43.870567
VT,train,2023,False,-72.49142,44.094215
VT,train,2020,True,-72.48756,44.560867
VT,train,2023,True,-72.48742,43.05933
VT,train,2023,True,-72.48716,44.561333
VT,val,2021,False,-72.48641,44.92402
VT,train,2023,False,-72.4838,44.08378
VT,train,2023,True,-72.48121,43.003616
VT,train,2020,False,-72.479675,43.372814
VT,train,2021,True,-72.478714,44.304825
VT,train,2021,False,-72.47807,44.846516
VT,train,2024,True,-72.47749,43.791565
VT,val,2024,False,-72.47679,44.122807
VT,train,2021,True,-72.47623,43.625042
VT,train,2024,False,-72.473206,43.504684
VT,train,2024,False,-72.47264,43.698627
VT,train,2024,False,-72.472084,43.823166
VT,train,2020,True,-72.46871,42.985153
VT,train,2020,True,-72.46862,44.813908
VT,train,2022,False,-72.467674,43.580124
VT,train,2023,False,-72.46749,44.352856
VT,train,2024,True,-72.46691,42.991085
VT,val,2023,True,-72.46453,43.040478
VT,train,2021,False,-72.464325,43.871964
VT,train,2023,False,-72.46377,43.405025
VT,train,2024,True,-72.46345,43.162933
VT,val,2023,False,-72.46223,43.02165
VT,train,2022,False,-72.46035,43.000004
VT,train,2020,False,-72.45792,44.46534
VT,train,2020,False,-72.457825,44.811104
VT,train,2023,False,-72.45777,43.35226
VT,train,2020,False,-72.45643,43.27296
VT,train,2021,False,-72.45596,43.36058
VT,train,2024,False,-72.454865,43.35977
VT,train,2023,False,-72.45403,43.128204
VT,train,2021,False,-72.453476,43.19652
VT,train,2021,True,-72.45328,43.1294
VT,train,2023,False,-72.452255,43.35024
VT,val,2021,False,-72.45203,43.10039
VT,train,2022,False,-72.45186,43.19756
VT,train,2021,False,-72.45142,44.354702
VT,train,2020,False,-72.45068,44.354366
VT,train,2022,False,-72.448784,43.69823
VT,train,2022,False,-72.44751,44.36885
VT,val,2024,False,-72.447235,43.096848
VT,val,2023,False,-72.4457,43.11313
VT,val,2022,False,-72.44469,43.11465
VT,val,2024,False,-72.44384,43.1137
VT,train,2021,False,-72.44354,43.13048
VT,train,2022,True,-72.44321,43.203487
VT,train,2024,False,-72.44158,43.378906
VT,train,2021,False,-72.43684,43.704586
VT,train,2024,False,-72.43454,44.740852
VT,train,2023,True,-72.433556,44.3226
VT,train,2022,False,-72.42747,44.363052
VT,val,2022,False,-72.424805,43.72747
VT,train,2024,False,-72.42299,43.91941
VT,train,2024,True,-72.42295,43.6013
VT,train,2021,False,-72.42192,44.55638
VT,val,2021,False,-72.42167,43.657963
VT,train,2024,False,-72.421165,43.679394
VT,train,2024,False,-72.421104,43.600967
VT,train,2024,True,-72.42086,43.45679
VT,train,2022,False,-72.42062,44.353336
VT,train,2021,False,-72.41925,43.766613
VT,val,2024,False,-72.41869,43.676014
VT,train,2022,True,-72.41867,43.646145
VT,train,2020,False,-72.4181,43.537224
VT,val,2023,False,-72.41098,43.72702
VT,train,2022,False,-72.410835,43.834557
VT,val,2021,False,-72.41013,43.726944
VT,val,2024,False,-72.407585,43.390236
VT,train,2021,True,-72.40722,43.345623
VT,train,2024,False,-72.406494,43.64548
VT,train,2022,False,-72.40596,43.65335
VT,train,2024,False,-72.40572,43.437828
VT,train,2021,False,-72.40476,43.437943
VT,train,2020,False,-72.39681,43.52204
VT,train,2024,False,-72.3949,43.80072
VT,train,2022,False,-72.39416,43.81051
VT,train,2020,False,-72.39184,43.74915
VT,train,2024,False,-72.39183,44.380127
VT,train,2022,False,-72.39112,43.81179
VT,train,2024,False,-72.39073,44.379402
VT,train,2023,False,-72.39049,43.63138
VT,train,2021,True,-72.38849,44.975433
VT,train,2024,False,-72.387024,43.806057
VT,train,2024,False,-72.3865,43.871365
VT,val,2023,False,-72.3841,43.726543
VT,train,2023,True,-72.38407,44.682552
VT,train,2022,False,-72.383125,44.024853
VT,val,2023,False,-72.37997,44.18095
VT,train,2023,False,-72.37949,43.72165
VT,train,2020,False,-72.37714,43.64263
VT,train,2023,False,-72.374344,43.63797
VT,train,2023,False,-72.37404,43.645046
VT,train,2020,True,-72.373886,43.76453
VT,train,2024,False,-72.37264,43.940956
VT,train,2021,True,-72.372345,44.63379
VT,train,2024,False,-72.37231,44.6715
VT,train,2024,True,-72.372,43.764023
VT,train,2024,False,-72.371574,43.64299
VT,train,2022,False,-72.37131,43.644848
VT,train,2022,True,-72.36792,44.50315
VT,train,2024,False,-72.36778,44.56161
VT,train,2021,False,-72.36581,43.595333
VT,train,2022,False,-72.35772,43.64715
VT,train,2021,True,-72.35372,43.597652
VT,train,2024,False,-72.351875,43.94339
VT,train,2020,False,-72.35187,43.64592
VT,train,2022,False,-72.348175,44.20856
VT,train,2022,False,-72.34635,43.717728
VT,train,2021,False,-72.34627,43.718723
VT,train,2020,True,-72.34622,43.590637
VT,train,2020,True,-72.345566,43.708843
VT,train,2023,False,-72.34545,43.823902
VT,train,2023,True,-72.344925,43.71038
VT,val,2022,False,-72.34401,44.471733
VT,train,2023,False,-72.33786,44.21558
VT,val,2024,False,-72.33674,44.42089
VT,train,2020,False,-72.33518,43.710136
VT,train,2024,False,-72.329666,44.46337
VT,train,2023,False,-72.32677,44.439426
VT,train,2023,False,-72.326675,44.04919
VT,train,2020,False,-72.32662,43.64637
VT,val,2022,True,-72.32641,43.743305
VT,val,2024,False,-72.32614,44.47967
VT,train,2020,False,-72.324715,43.862278
VT,train,2021,True,-72.32422,43.646404
VT,train,2020,False,-72.32318,43.71372
VT,val,2020,False,-72.320816,43.72831
VT,train,2024,True,-72.3153,43.652214
VT,train,2022,True,-72.31359,43.702366
VT,train,2024,False,-72.31153,43.710133
VT,train,2022,False,-72.310295,43.72639
VT,train,2024,True,-72.308426,44.780228
VT,train,2024,True,-72.30436,44.82179
VT,val,2020,False,-72.30381,43.6791
VT,train,2021,False,-72.30273,44.040844
VT,train,2021,False,-72.3012,43.87864
VT,val,2020,False,-72.299904,44.313053
VT,train,2022,True,-72.29926,43.831112
VT,train,2024,False,-72.296234,43.77525
VT,train,2022,True,-72.294754,44.524673
VT,train,2023,False,-72.294174,43.724834
VT,train,2022,False,-72.29309,43.722588
VT,train,2021,True,-72.29071,43.761215
VT,train,2024,True,-72.28156,44.548
VT,val,2020,False,-72.28058,43.764057
VT,val,2020,False,-72.28017,43.78875
VT,val,2020,True,-72.27592,43.789677
VT,train,2021,False,-72.26985,44.339554
VT,train,2024,False,-72.26859,44.483456
VT,train,2022,True,-72.26675,43.735428
VT,val,2024,False,-72.26494,44.254955
VT,val,2024,True,-72.26255,43.794052
VT,val,2023,False,-72.262405,44.27747
VT,val,2023,False,-72.262215,44.248505
VT,train,2024,True,-72.260254,43.75146
VT,train,2024,False,-72.25814,44.04042
VT,train,2024,False,-72.253654,44.858685
VT,val,2021,False,-72.249054,43.82381
VT,train,2024,False,-72.247055,44.662064
VT,train,2020,True,-72.24552,44.80383
VT,val,2020,True,-72.24412,44.246235
VT,train,2022,False,-72.2397,43.770374
VT,train,2022,True,-72.23281,44.545967
VT,train,2024,False,-72.22204,43.815857
VT,train,2024,False,-72.20887,43.77213
VT,train,2023,False,-72.20599,44.30565
VT,train,2022,False,-72.20541,44.834274
VT,val,2024,True,-72.1988,43.84635
VT,val,2020,False,-72.19695,44.045033
VT,train,2024,True,-72.19338,44.886253
VT,train,2023,False,-72.188934,43.930103
VT,train,2022,False,-72.18869,44.488792
VT,train,2024,False,-72.18153,44.00206
VT,train,2024,False,-72.1661,44.721024
VT,train,2024,False,-72.16147,43.92187
VT,train,2021,False,-72.15849,44.55773
VT,train,2021,True,-72.15749,43.9073
VT,train,2024,False,-72.15142,44.130573
VT,train,2020,True,-72.14821,44.41014
VT,train,2021,False,-72.14705,44.68021
VT,val,2021,False,-72.14626,44.021896
VT,train,2021,False,-72.145836,43.911118
VT,train,2024,False,-72.141,44.28
VT,train,2024,True,-72.14032,43.90889
VT,train,2024,True,-72.140045,44.82562
VT,train,2021,False,-72.137695,44.891483
VT,train,2023,False,-72.132286,44.41218
VT,train,2023,False,-72.132,44.266
VT,train,2024,False,-72.132,44.268
VT,train,2024,False,-72.131,44.267
VT,train,2021,False,-72.130104,44.581707
VT,train,2021,False,-72.12394,44.735214
VT,train,2020,True,-72.12116,44.51167
VT,train,2021,True,-72.12095,43.98946
VT,train,2022,True,-72.1043,44.469482
VT,val,2021,False,-72.103584,44.416393
VT,train,2021,True,-72.0956,44.927895
VT,train,2022,True,-72.09101,44.534588
VT,train,2024,False,-72.08852,44.91051
VT,train,2023,False,-72.08622,44.445038
VT,train,2024,True,-72.08289,44.910717
VT,val,2021,False,-72.06733,44.058727
VT,val,2024,False,-72.06274,44.061512
VT,train,2024,True,-72.03871,44.333313
VT,train,2024,True,-72.03334,44.71006
VT,train,2024,False,-72.031395,44.716156
VT,train,2024,False,-72.03134,44.71644
VT,train,2020,False,-72.030556,44.71725
VT,train,2022,False,-72.02926,44.79108
VT,train,2024,True,-72.02834,44.559998
VT,train,2021,False,-72.02619,44.70846
VT,train,2024,False,-72.02331,44.71186
VT,val,2020,True,-72.00979,44.415195
VT,val,2024,False,-72.00845,44.54153
VT,train,2021,False,-72.00423,44.70173
VT,val,2022,True,-72.0035,44.537907
VT,val,2023,False,-72.00259,44.32683
VT,val,2024,False,-72.00242,44.424004
VT,train,2024,False,-71.99549,44.867146
VT,train,2022,False,-71.97791,44.77303
VT,train,2021,False,-71.97295,44.63788
VT,train,2020,False,-71.96484,44.869026
VT,train,2021,True,-71.95515,44.649017
VT,train,2020,False,-71.95358,44.61491
VT,train,2021,False,-71.9502,44.522827
VT,val,2022,True,-71.94845,44.47056
VT,train,2024,True,-71.944695,44.587955
VT,val,2020,False,-71.928154,44.99446
VT,train,2021,False,-71.92138,44.913036
VT,train,2024,True,-71.921165,44.64312
VT,train,2024,False,-71.92042,44.420563
VT,train,2022,True,-71.90274,44.767685
VT,val,2023,True,-71.90198,44.59408
VT,val,2021,True,-71.90118,44.585175
VT,train,2023,True,-71.88684,44.524483
VT,train,2021,True,-71.88549,44.67042
VT,train,2024,False,-71.862785,44.791836
VT,train,2022,True,-71.85869,44.68009
VT,train,2022,False,-71.85256,44.410484
VT,train,2020,True,-71.839386,44.456882
VT,train,2022,False,-71.83867,44.79665
VT,val,2023,True,-71.837944,44.46528
VT,train,2024,False,-71.8068,44.52975
VT,train,2021,False,-71.7926,44.74415
VT,val,2023,False,-71.7871,44.83675
VT,train,2021,False,-71.76042,44.78948
VT,val,2021,True,-71.75361,44.752136
VT,val,2024,False,-71.753136,44.776432
VT,train,2023,True,-71.75188,44.848667
VT,train,2022,True,-71.74311,44.839718
VT,train,2023,True,-71.73054,44.83073
VT,train,2021,False,-71.72991,44.83114
VT,train,2024,False,-71.7226,44.726482
VT,train,2020,True,-71.718025,44.740547
VT,train,2020,False,-71.71301,44.893906
VT,train,2023,False,-71.69969,44.79274
VT,train,2021,False,-71.69549,44.79294
VT,train,2020,False,-71.67704,44.857197
VT,train,2020,True,-71.65371,44.460262
VT,train,2021,False,-71.637535,44.725685
VT,train,2020,False,-71.621056,44.68717
