region,split,longitude,latitude,year,block_id
ME,train,-71.04755,44.96972,2022,647_899
ME,val,-71.04482,44.84246,2024,649_895
ME,train,-71.0413,44.87081,2021,648_896
ME,train,-71.03837,45.028103,2020,647_901
ME,train,-71.03647,45.063435,2022,647_903
ME,train,-71.03489,45.13537,2024,646_905
ME,train,-71.03125,44.812454,2022,649_894
ME,train,-71.02469,45.06119,2021,647_903
ME,train,-71.02364,45.167915,2022,646_906
ME,train,-71.02142,45.07824,2022,647_903
ME,train,-71.017334,44.81936,2020,649_894
ME,train,-71.017235,44.713623,2022,650_890
ME,train,-71.01458,44.818253,2021,650_894
ME,val,-71.00996,44.94307,2021,648_898
ME,val,-71.009544,44.943493,2020,648_898
ME,val,-71.006325,44.863697,2020,649_896
ME,train,-71.00318,44.503677,2022,653_883
ME,train,-71.0028,44.80983,2020,650_894
ME,train,-70.99983,44.502934,2022,653_883
ME,train,-70.99664,44.05112,2024,657_867
ME,train,-70.996574,44.061054,2022,657_867
ME,train,-70.99297,44.917362,2021,649_898
ME,train,-70.991875,44.294556,2020,655_875
ME,val,-70.9916,44.045467,2022,658_866
ME,train,-70.987946,44.01807,2021,658_865
ME,train,-70.98764,44.507935,2021,653_883
ME,val,-70.98745,44.253544,2024,656_874
ME,train,-70.98589,44.932983,2020,649_898
ME,train,-70.98399,44.352303,2021,655_877
ME,train,-70.98343,44.746433,2021,651_892
ME,train,-70.975945,45.184265,2023,647_907
ME,train,-70.975105,44.336105,2021,655_877
ME,val,-70.97227,44.397285,2022,655_879
ME,val,-70.96949,44.24227,2020,656_874
ME,val,-70.96802,44.95806,2020,649_899
ME,train,-70.96306,44.984165,2020,649_900
ME,train,-70.95853,44.479156,2021,654_882
ME,train,-70.95844,44.29012,2023,656_875
ME,train,-70.95374,44.57063,2024,653_885
ME,val,-70.95323,44.57173,2020,653_886
ME,train,-70.95255,44.481213,2021,654_882
ME,train,-70.952545,43.53016,2021,664_848
ME,train,-70.95232,44.64426,2021,653_888
ME,val,-70.951614,44.83973,2021,651_895
ME,train,-70.95065,44.47335,2020,654_882
ME,train,-70.947945,43.620472,2020,663_851
ME,val,-70.94735,44.002136,2023,659_865
ME,val,-70.94725,44.589867,2024,653_886
ME,train,-70.945404,44.1436,2021,658_870
ME,train,-70.94486,44.23526,2021,657_874
ME,train,-70.94366,44.17951,2020,658_872
ME,train,-70.94352,44.167686,2020,658_871
ME,train,-70.942924,44.15239,2021,658_871
ME,train,-70.93787,44.0501,2021,659_867
ME,train,-70.937416,43.98202,2020,660_864
ME,val,-70.932526,44.84664,2021,651_896
ME,train,-70.93206,44.176155,2023,658_871
ME,train,-70.93083,45.01917,2020,650_902
ME,train,-70.930145,44.174797,2020,658_871
ME,train,-70.92993,43.98293,2021,660_865
ME,train,-70.929634,44.49841,2021,655_883
ME,train,-70.92752,44.250423,2024,657_874
ME,train,-70.92677,44.59708,2021,654_887
ME,train,-70.92424,44.55189,2020,654_885
ME,train,-70.921616,43.753174,2024,662_856
ME,train,-70.918434,44.916294,2020,651_898
ME,train,-70.918274,43.718365,2023,663_855
ME,train,-70.91667,44.16299,2020,658_871
ME,val,-70.91526,44.57259,2021,654_886
ME,train,-70.91364,44.37514,2022,656_879
ME,train,-70.91337,44.0577,2023,659_867
ME,train,-70.91306,43.80544,2022,662_858
ME,train,-70.913025,44.549133,2020,655_885
ME,train,-70.90974,44.60086,2022,654_887
ME,train,-70.908554,44.600506,2020,654_887
ME,train,-70.90467,44.24294,2022,658_874
ME,train,-70.902725,44.600964,2021,654_887
ME,train,-70.90241,44.571823,2024,655_886
ME,train,-70.90226,44.251026,2021,658_874
ME,train,-70.90097,44.998035,2021,651_901
ME,val,-70.900536,44.51378,2024,655_884
ME,train,-70.89849,44.557648,2023,655_885
ME,train,-70.897865,44.606358,2024,655_887
ME,val,-70.893906,44.41231,2021,657_880
ME,val,-70.893776,44.40996,2024,657_880
ME,train,-70.89243,44.610485,2022,655_887
ME,val,-70.892365,43.977917,2024,661_865
ME,val,-70.8919,44.410976,2024,657_880
ME,train,-70.8892,44.28594,2024,658_876
ME,train,-70.88619,43.53807,2022,665_849
ME,val,-70.8853,44.404373,2024,657_880
ME,train,-70.885284,43.700447,2022,664_855
ME,train,-70.88379,43.918503,2024,662_863
ME,train,-70.88342,44.758644,2022,653_893
ME,train,-70.88329,44.06654,2020,660_868
ME,train,-70.88022,43.312157,2021,668_841
ME,train,-70.8799,45.02288,2021,651_902
ME,train,-70.87255,44.372437,2024,657_879
ME,train,-70.87229,44.487617,2020,656_883
ME,train,-70.872055,44.723835,2024,654_892
ME,train,-70.87008,44.19609,2024,659_873
ME,train,-70.86892,44.593685,2021,655_887
ME,train,-70.86802,44.878494,2024,653_897
ME,train,-70.86766,43.598656,2021,665_851
ME,val,-70.86411,44.395653,2020,657_880
ME,train,-70.86355,45.020954,2023,651_902
ME,train,-70.863266,45.02055,2023,651_902
ME,train,-70.86008,44.26953,2020,659_875
ME,train,-70.85975,45.095947,2020,651_905
ME,train,-70.85764,44.038364,2021,661_867
ME,train,-70.85372,45.032803,2024,652_903
ME,train,-70.85325,43.95294,2022,662_864
ME,val,-70.85316,45.22141,2020,650_909
ME,val,-70.851616,45.196423,2021,650_909
ME,train,-70.851204,43.96756,2023,662_865
ME,train,-70.85074,44.038776,2020,661_867
ME,train,-70.84773,45.044655,2023,652_903
ME,train,-70.84755,44.032417,2022,661_867
ME,train,-70.84692,43.62269,2024,665_852
ME,train,-70.845955,44.364037,2020,658_879
ME,train,-70.84487,45.242077,2021,650_910
ME,train,-70.844826,43.45437,2022,667_846
ME,train,-70.84403,44.25208,2021,659_875
ME,val,-70.84228,44.672623,2020,655_890
ME,train,-70.83937,45.01722,2022,652_902
ME,val,-70.83753,44.68985,2020,655_891
ME,train,-70.837524,44.42869,2023,658_881
ME,train,-70.83695,43.76088,2021,664_857
ME,train,-70.83662,45.166813,2021,651_908
ME,train,-70.83617,43.644855,2020,665_853
ME,train,-70.83587,43.772827,2020,664_858
ME,train,-70.83511,43.59545,2020,666_851
ME,train,-70.83498,44.343884,2020,659_878
ME,train,-70.8348,43.774323,2020,664_858
ME,train,-70.834435,43.77206,2020,664_858
ME,train,-70.834366,43.342964,2024,668_842
ME,train,-70.83435,43.771774,2020,664_858
ME,train,-70.83401,43.772682,2021,664_858
ME,train,-70.833954,43.771717,2021,664_858
ME,train,-70.833565,43.673725,2021,665_854
ME,train,-70.83182,43.771694,2021,664_858
ME,train,-70.83177,43.77104,2021,664_858
ME,train,-70.83128,43.77144,2022,664_858
ME,train,-70.83012,43.77339,2022,664_858
ME,val,-70.82861,43.460537,2021,667_847
ME,train,-70.82671,45.010735,2021,652_902
ME,train,-70.82544,44.317036,2024,659_877
ME,train,-70.82416,44.178356,2023,661_872
ME,train,-70.82217,44.026657,2021,662_867
ME,train,-70.81918,44.317806,2020,659_877
ME,train,-70.81604,43.68262,2020,666_855
ME,train,-70.81581,43.875217,2022,664_862
ME,train,-70.80963,44.894794,2020,654_898
ME,train,-70.808685,45.231434,2021,651_910
ME,train,-70.80672,43.873665,2024,664_862
ME,val,-70.805595,44.997765,2024,653_902
ME,train,-70.80557,44.75137,2022,655_893
ME,train,-70.80437,44.04538,2023,662_868
ME,train,-70.80335,44.47929,2023,658_883
ME,train,-70.796936,44.364887,2020,659_879
ME,train,-70.79648,44.478237,2023,658_883
ME,train,-70.79596,45.0828,2020,653_905
ME,val,-70.79345,43.500618,2022,668_848
ME,train,-70.79294,44.766846,2020,656_894
ME,val,-70.79131,45.010082,2024,653_902
ME,train,-70.791306,44.950447,2022,654_900
ME,val,-70.78982,45.302174,2022,651_913
ME,val,-70.78893,43.44822,2020,669_846
ME,train,-70.78715,44.992184,2022,654_902
ME,train,-70.78652,44.99657,2023,654_902
ME,val,-70.784996,43.345966,2023,670_843
ME,train,-70.78439,44.99109,2024,654_902
ME,train,-70.783806,44.278767,2020,661_876
ME,train,-70.78106,43.659397,2021,667_854
ME,train,-70.77878,44.933907,2024,654_900
ME,train,-70.77589,45.14204,2022,652_907
ME,train,-70.77587,44.990376,2021,654_902
ME,train,-70.77402,44.74076,2022,656_893
ME,train,-70.77327,45.105988,2022,653_906
ME,train,-70.77308,44.99303,2021,654_902
ME,val,-70.77164,43.243095,2022,671_839
ME,train,-70.76888,44.756607,2020,656_893
ME,train,-70.76856,44.28552,2020,661_877
ME,train,-70.76812,44.988735,2021,654_902
ME,train,-70.76766,43.51015,2024,669_849
ME,train,-70.76765,45.108395,2024,653_906
ME,train,-70.76469,45.19734,2022,652_909
ME,train,-70.76138,44.290195,2021,661_877
ME,train,-70.76124,44.33547,2021,661_878
ME,val,-70.76122,43.249737,2024,671_839
ME,train,-70.76075,45.118385,2024,653_906
ME,train,-70.76022,44.291576,2021,661_877
ME,train,-70.75775,45.105717,2022,653_906
ME,train,-70.756744,44.807808,2022,656_895
ME,train,-70.7561,45.316246,2020,651_914
ME,train,-70.7553,44.304688,2024,661_877
ME,val,-70.74944,45.134724,2020,653_907
ME,val,-70.74907,44.110817,2020,663_870
ME,train,-70.74882,44.367855,2022,661_880
ME,train,-70.74631,44.760036,2020,657_894
ME,train,-70.74615,44.956753,2020,655_901
ME,train,-70.744064,43.203606,2020,672_838
ME,train,-70.743095,44.14446,2022,663_872
ME,train,-70.742226,44.98304,2021,655_902
ME,train,-70.74018,44.963726,2022,655_901
ME,train,-70.738594,44.963867,2020,655_901
ME,train,-70.73764,45.381943,2023,651_916
ME,train,-70.73505,43.667686,2021,668_855
ME,train,-70.73433,45.315838,2020,652_914
ME,val,-70.73003,45.27561,2024,652_912
ME,train,-70.7265,44.922573,2020,656_900
ME,train,-70.72285,44.1315,2022,664_871
ME,train,-70.72128,44.11008,2022,664_871
ME,train,-70.721054,44.939045,2023,656_900
ME,train,-70.72081,43.895664,2022,666_863
ME,train,-70.72006,44.97487,2020,655_902
ME,train,-70.71991,44.247616,2021,663_876
ME,train,-70.71984,44.83582,2021,657_897
ME,train,-70.71879,45.117474,2020,654_907
ME,train,-70.71591,43.2907,2020,672_841
ME,train,-70.71394,44.934757,2020,656_900
ME,val,-70.710175,44.961662,2021,656_901
ME,train,-70.71009,44.37449,2022,662_880
ME,train,-70.709404,44.37515,2022,662_880
ME,val,-70.708466,44.970264,2024,656_901
ME,train,-70.70815,44.278442,2021,663_877
ME,train,-70.70707,44.91489,2020,656_900
ME,train,-70.70663,44.915924,2021,656_900
ME,train,-70.70627,44.83566,2021,657_897
ME,train,-70.70621,44.929924,2021,656_900
ME,train,-70.70572,44.914528,2022,656_900
ME,train,-70.70498,44.689472,2022,659_891
ME,train,-70.70483,43.319267,2020,672_842
ME,val,-70.70483,44.965687,2022,656_901
ME,train,-70.70051,44.9795,2021,656_902
ME,train,-70.69696,44.84394,2021,657_897
ME,train,-70.69644,43.94555,2021,666_865
ME,val,-70.69222,45.16139,2020,654_908
ME,val,-70.69193,44.716843,2022,659_893
ME,val,-70.69007,44.96489,2024,656_901
ME,val,-70.68741,44.81107,2020,658_896
ME,train,-70.684784,43.912964,2022,667_864
ME,train,-70.68402,43.275955,2023,673_841
ME,train,-70.68222,45.163334,2020,655_909
ME,val,-70.680626,45.3446,2024,653_915
ME,train,-70.67946,44.314632,2022,663_878
ME,val,-70.678055,43.98328,2022,666_866
ME,train,-70.675354,44.929565,2020,657_900
ME,train,-70.67173,43.236576,2023,674_840
ME,train,-70.671715,44.77605,2023,659_895
ME,train,-70.67093,45.283463,2021,654_913
ME,val,-70.67068,43.367428,2022,672_844
ME,train,-70.662636,44.84048,2021,658_897
ME,val,-70.66219,43.66191,2024,670_855
ME,val,-70.66039,45.5515,2022,651_923
ME,train,-70.65667,45.17278,2020,655_909
ME,val,-70.65438,45.554237,2022,651_923
ME,train,-70.65424,45.370373,2020,653_916
ME,val,-70.64977,43.31265,2024,674_842
ME,train,-70.64865,45.028255,2024,657_904
ME,train,-70.648224,45.02827,2023,657_904
ME,train,-70.647026,44.98249,2022,657_902
ME,train,-70.64372,44.784313,2021,659_895
ME,val,-70.64031,44.27432,2023,664_877
ME,train,-70.63865,45.021202,2020,657_904
ME,train,-70.637924,44.131985,2021,666_872
ME,train,-70.63757,45.038673,2020,657_904
ME,train,-70.63581,44.843277,2020,659_897
ME,train,-70.63289,45.02933,2021,657_904
ME,val,-70.631615,44.268475,2023,665_877
ME,train,-70.62694,44.895653,2024,659_899
ME,train,-70.62553,43.40066,2021,673_846
ME,train,-70.62479,44.364357,2022,664_880
ME,val,-70.62349,44.219566,2022,665_875
ME,train,-70.62246,45.452934,2022,653_919
ME,val,-70.62178,44.219433,2021,665_875
ME,train,-70.61854,45.454853,2024,653_919
ME,train,-70.61723,44.35035,2022,664_880
ME,val,-70.61707,44.25794,2020,665_877
ME,train,-70.61702,45.05718,2020,657_905
ME,train,-70.61677,45.32391,2024,655_915
ME,train,-70.61645,44.34234,2022,664_880
ME,train,-70.615906,44.897923,2024,659_900
ME,train,-70.615814,43.37144,2023,674_845
ME,train,-70.6155,42.98926,2021,678_831
ME,train,-70.614784,45.056316,2020,657_905
ME,train,-70.61352,44.604137,2023,662_889
ME,train,-70.61205,45.350082,2020,655_916
ME,train,-70.61192,45.236523,2022,656_912
ME,train,-70.61152,45.239883,2021,656_912
ME,train,-70.610466,45.472588,2022,653_920
ME,train,-70.60868,43.828217,2020,670_861
ME,train,-70.60842,45.2389,2022,656_912
ME,train,-70.60099,44.350845,2022,665_880
ME,val,-70.60013,44.69108,2022,661_892
ME,train,-70.59967,45.413464,2022,654_918
ME,val,-70.598175,44.255386,2021,666_877
ME,train,-70.59619,44.96395,2020,659_902
ME,train,-70.59584,45.41233,2022,654_918
ME,train,-70.59467,44.96429,2021,659_902
ME,train,-70.59458,45.465797,2022,654_920
ME,train,-70.59456,44.968166,2021,659_902
ME,train,-70.59365,45.447346,2022,654_919
ME,train,-70.592606,44.21393,2020,666_875
ME,train,-70.59136,44.850536,2022,660_898
ME,train,-70.58982,45.453712,2022,654_920
ME,train,-70.58304,43.745037,2022,671_858
ME,train,-70.578476,45.004723,2024,659_904
ME,val,-70.57525,44.256924,2021,666_877
ME,train,-70.57394,45.426846,2022,655_919
ME,train,-70.569435,44.002693,2022,669_868
ME,train,-70.56937,44.21016,2024,667_875
ME,train,-70.5692,45.245396,2021,657_912
ME,train,-70.56859,45.425655,2022,655_919
ME,train,-70.5681,44.977055,2020,659_903
ME,train,-70.56781,45.457294,2022,655_920
ME,train,-70.566635,45.42556,2021,655_919
ME,train,-70.56628,45.23845,2021,657_912
ME,train,-70.5657,44.956795,2024,660_902
ME,val,-70.565216,45.385674,2021,655_917
ME,train,-70.56474,44.599354,2020,663_889
ME,train,-70.56433,44.208157,2024,667_875
ME,train,-70.559616,44.948467,2021,660_902
ME,train,-70.559555,44.499302,2021,664_886
ME,val,-70.55792,44.473408,2022,665_885
ME,train,-70.5526,45.25153,2021,657_913
ME,train,-70.55158,45.038048,2023,659_905
ME,val,-70.5442,45.417835,2020,656_919
ME,val,-70.54401,44.743053,2020,662_895
ME,val,-70.5433,44.748806,2023,662_895
ME,train,-70.53979,43.39547,2022,676_846
ME,train,-70.537796,43.4102,2021,675_847
ME,train,-70.53605,44.897087,2022,661_900
ME,train,-70.53578,43.641674,2020,673_855
ME,val,-70.53542,44.74789,2021,662_895
ME,val,-70.53284,43.97813,2020,670_867
ME,train,-70.532684,45.104942,2024,659_908
ME,train,-70.53227,45.10756,2021,659_908
ME,train,-70.531235,44.948837,2024,661_902
ME,train,-70.52815,43.582684,2022,674_853
ME,train,-70.527695,44.952766,2024,661_902
ME,train,-70.526726,44.435085,2021,666_884
ME,train,-70.524734,44.95373,2023,661_902
ME,val,-70.524124,45.318253,2020,657_915
ME,train,-70.52242,45.043766,2024,660_905
ME,train,-70.52081,43.477936,2020,675_849
ME,val,-70.52066,43.49544,2023,675_850
ME,val,-70.518906,43.495815,2021,675_850
ME,val,-70.51791,43.5002,2024,675_850
ME,train,-70.517654,44.499462,2024,665_886
ME,train,-70.51636,43.571465,2020,674_853
ME,train,-70.50849,45.598717,2022,655_925
ME,train,-70.50831,44.93438,2024,661_902
ME,train,-70.5,44.048077,2021,670_870
ME,train,-70.49901,45.10389,2022,660_908
ME,train,-70.49841,45.41529,2022,657_919
ME,train,-70.483894,44.99037,2020,661_904
ME,val,-70.48325,44.355408,2021,668_881
ME,train,-70.476906,45.29399,2022,659_915
ME,val,-70.47428,44.293816,2020,668_879
ME,train,-70.474,43.547,2022,676_852
ME,train,-70.47003,44.017155,2024,671_869
ME,train,-70.46894,44.757294,2024,664_896
ME,train,-70.46338,45.15517,2022,660_910
ME,train,-70.46251,45.189312,2022,660_911
ME,train,-70.4614,45.312836,2022,659_915
ME,train,-70.460846,43.423805,2023,677_848
ME,train,-70.45955,44.495567,2021,667_886
ME,train,-70.45813,45.409958,2020,658_919
ME,train,-70.45793,45.154972,2024,660_910
ME,train,-70.45699,44.838154,2021,663_899
ME,train,-70.45273,45.150944,2023,661_910
ME,train,-70.45077,44.96554,2020,662_903
ME,train,-70.450424,44.138073,2021,671_873
ME,train,-70.4485,44.479397,2020,667_886
ME,train,-70.44837,44.962433,2020,662_903
ME,val,-70.44745,43.771477,2020,674_860
ME,train,-70.44654,43.39088,2020,678_847
ME,train,-70.44545,44.363777,2022,668_882
ME,train,-70.44472,45.218403,2024,660_912
ME,train,-70.44365,43.84691,2021,674_863
ME,train,-70.44339,45.60993,2020,656_926
ME,val,-70.44259,44.97176,2022,663_903
ME,val,-70.437,45.51025,2022,657_923
ME,train,-70.43609,43.604576,2022,676_854
ME,train,-70.4358,43.701527,2023,675_858
ME,train,-70.43428,43.693096,2022,675_858
ME,train,-70.429695,43.744087,2021,675_860
ME,val,-70.429,44.63894,2020,666_892
ME,train,-70.424164,45.163944,2024,661_910
ME,train,-70.4219,44.399216,2021,669_883
ME,train,-70.42036,44.39881,2021,669_883
ME,val,-70.42022,44.726837,2022,666_895
ME,val,-70.41532,44.92283,2020,664_902
ME,val,-70.4087,44.72654,2021,666_895
ME,train,-70.405075,45.17536,2023,661_911
ME,train,-70.40367,43.787777,2022,675_861
ME,train,-70.4002,43.458233,2021,679_849
ME,train,-70.39948,45.65007,2020,657_928
ME,train,-70.39715,43.93123,2024,674_866
ME,train,-70.39573,43.689785,2020,676_858
ME,val,-70.39527,45.13133,2022,662_909
ME,train,-70.38803,45.37552,2022,660_918
ME,train,-70.38415,44.20066,2021,672_876
ME,train,-70.37932,44.6183,2021,668_891
ME,val,-70.378006,44.933136,2021,665_902
ME,train,-70.37422,43.95191,2024,674_867
ME,val,-70.37338,44.568447,2022,668_889
ME,train,-70.37303,43.95136,2021,674_867
ME,train,-70.372246,45.125874,2022,663_909
ME,train,-70.37195,45.113823,2020,663_909
ME,train,-70.37186,44.67892,2023,667_893
ME,train,-70.370636,44.85928,2021,665_900
ME,val,-70.370605,44.99373,2020,664_905
ME,train,-70.369675,43.88757,2024,675_865
ME,train,-70.3661,43.889755,2024,675_865
ME,val,-70.36594,45.18618,2023,662_912
ME,train,-70.364044,44.645195,2020,668_892
ME,train,-70.36378,43.591557,2024,678_855
ME,train,-70.363556,43.987602,2021,674_869
ME,train,-70.36197,44.722263,2024,667_895
ME,train,-70.36146,43.576378,2021,678_854
ME,val,-70.35987,44.98355,2021,665_904
ME,train,-70.35794,43.566807,2021,679_854
ME,train,-70.35673,45.10262,2023,663_909
ME,train,-70.35546,45.10461,2022,663_909
ME,val,-70.35314,43.72087,2021,677_859
ME,train,-70.34952,44.729897,2020,667_895
ME,train,-70.34941,44.670547,2022,668_893
ME,train,-70.3494,45.112343,2024,664_909
ME,train,-70.34867,45.12161,2020,663_909
ME,train,-70.347244,45.031094,2021,664_906
ME,train,-70.34685,45.058956,2020,664_907
ME,train,-70.3468,43.786667,2020,677_862
ME,train,-70.34366,45.278164,2023,662_915
ME,train,-70.342766,45.53674,2023,659_924
ME,val,-70.34134,45.242817,2022,662_914
ME,train,-70.34093,43.79398,2024,677_862
ME,val,-70.337845,45.33291,2022,662_917
ME,train,-70.337555,44.464375,2022,670_886
ME,train,-70.33694,43.447094,2020,680_850
ME,val,-70.3355,45.142822,2024,664_910
ME,train,-70.32951,45.09268,2024,664_909
ME,train,-70.32658,44.023994,2020,675_870
ME,train,-70.32645,45.2987,2022,662_916
ME,val,-70.325935,44.97368,2024,665_904
ME,train,-70.32381,45.09683,2024,664_909
ME,train,-70.323715,44.35076,2022,672_882
ME,train,-70.32357,45.20614,2024,663_913
ME,val,-70.32237,43.870953,2024,677_865
ME,train,-70.320625,44.128044,2024,674_874
ME,val,-70.318794,45.119053,2022,664_910
ME,train,-70.31867,45.29453,2022,662_916
ME,train,-70.31826,45.047436,2021,665_907
ME,train,-70.31818,45.081367,2023,665_908
ME,train,-70.31742,45.08094,2024,665_908
ME,train,-70.3168,45.61352,2021,659_927
ME,train,-70.31526,45.081245,2022,665_908
ME,train,-70.31466,44.975643,2022,666_904
ME,train,-70.31444,44.229317,2020,673_878
ME,train,-70.31376,45.083714,2021,665_908
ME,train,-70.3137,45.030773,2024,665_906
ME,train,-70.31286,44.264626,2024,673_879
ME,train,-70.30925,45.085163,2020,665_908
ME,train,-70.30622,43.560795,2022,680_854
ME,train,-70.29588,45.448723,2021,662_921
ME,train,-70.29433,45.829994,2021,658_935
ME,train,-70.29015,45.088757,2022,665_909
ME,train,-70.28812,45.829243,2021,658_935
ME,train,-70.28796,45.830227,2021,658_935
ME,train,-70.28735,45.088715,2021,665_909
ME,train,-70.286194,45.134224,2024,665_910
ME,train,-70.28495,45.1428,2023,665_911
ME,train,-70.282875,43.59024,2024,680_855
ME,train,-70.282036,44.14422,2023,675_875
ME,train,-70.28125,44.97912,2020,667_905
ME,train,-70.27569,45.516693,2020,661_924
ME,val,-70.27244,45.692974,2021,660_930
ME,train,-70.26957,45.826794,2021,658_935
ME,train,-70.2693,44.969658,2022,667_905
ME,train,-70.26727,43.956554,2024,677_868
ME,train,-70.26664,43.933685,2021,677_867
ME,train,-70.26254,44.61899,2022,671_892
ME,train,-70.260605,45.65807,2022,660_929
ME,train,-70.25925,45.147057,2020,665_911
ME,train,-70.252914,45.622463,2023,661_928
ME,train,-70.2511,46.07486,2021,656_944
ME,train,-70.25061,43.553604,2022,682_854
ME,train,-70.25028,44.63991,2022,671_893
ME,val,-70.24773,45.07684,2024,666_909
ME,train,-70.24618,45.482044,2021,662_923
ME,train,-70.24607,46.08435,2021,656_944
ME,train,-70.24556,43.78835,2024,679_862
ME,train,-70.24506,46.24029,2022,655_950
ME,train,-70.24462,43.788948,2021,679_862
ME,val,-70.244514,45.084915,2022,666_909
ME,val,-70.24417,45.85067,2021,659_936
ME,train,-70.243675,45.60152,2021,661_927
ME,val,-70.24338,43.58761,2021,681_855
ME,train,-70.24185,43.974804,2023,678_869
ME,val,-70.24176,43.7067,2022,680_860
ME,train,-70.241684,43.97233,2024,678_869
ME,train,-70.24068,44.693043,2022,670_895
ME,train,-70.240295,46.0865,2021,657_945
ME,val,-70.238686,44.234375,2023,675_878
ME,train,-70.23862,45.72685,2022,660_932
ME,train,-70.23801,43.971714,2023,678_869
ME,train,-70.235985,45.48952,2022,663_923
ME,val,-70.234314,45.848618,2021,659_936
ME,val,-70.2322,45.596615,2021,662_927
ME,train,-70.22371,43.790333,2023,680_863
ME,train,-70.22278,44.131447,2021,676_875
ME,train,-70.22276,44.47694,2021,673_887
ME,train,-70.22205,46.22539,2021,656_950
ME,val,-70.22111,45.850937,2021,659_936
ME,train,-70.22097,45.915226,2020,659_939
ME,val,-70.2202,45.593517,2021,662_927
ME,val,-70.220024,43.773888,2020,680_862
ME,train,-70.2189,45.848137,2021,660_936
ME,train,-70.21875,44.729122,2022,671_896
ME,train,-70.2186,43.562294,2022,682_855
ME,train,-70.216896,45.1344,2024,667_911
ME,train,-70.21276,45.73684,2020,661_932
ME,train,-70.212425,44.85252,2022,670_901
ME,train,-70.21042,45.129776,2024,667_911
ME,val,-70.20874,44.658318,2024,672_894
ME,val,-70.207375,45.073902,2020,667_909
ME,val,-70.2068,43.918236,2021,679_867
ME,val,-70.20604,45.078327,2022,667_909
ME,train,-70.204895,45.85554,2021,660_937
ME,train,-70.204315,44.354774,2024,675_883
ME,train,-70.20423,44.43957,2022,674_886
ME,val,-70.20268,43.810402,2020,680_864
ME,train,-70.20202,45.367588,2022,665_919
ME,train,-70.20136,44.991932,2023,668_906
ME,val,-70.200066,45.23108,2023,666_914
ME,val,-70.19863,44.24567,2020,676_879
ME,train,-70.19815,44.78307,2022,671_898
ME,train,-70.19653,46.085796,2022,658_945
ME,val,-70.19581,45.231262,2023,666_914
ME,train,-70.194534,43.937855,2023,679_868
ME,val,-70.19152,45.423233,2023,664_921
ME,train,-70.19148,45.00096,2021,669_906
ME,train,-70.19126,45.442398,2020,664_922
ME,train,-70.19028,44.990597,2022,669_906
ME,train,-70.1902,46.158154,2021,657_947
ME,val,-70.190186,43.88008,2022,680_866
ME,train,-70.18884,44.781876,2022,671_898
ME,train,-70.18835,44.783073,2023,671_898
ME,train,-70.18821,44.784035,2023,671_898
ME,train,-70.18809,44.9851,2022,669_906
ME,train,-70.18805,44.78213,2020,671_898
ME,val,-70.18787,43.879337,2020,680_866
ME,train,-70.1877,44.786953,2020,671_899
ME,train,-70.18307,43.823227,2021,681_864
ME,train,-70.18164,45.646477,2022,662_929
ME,train,-70.18159,43.901894,2020,680_867
ME,train,-70.17828,46.03608,2023,659_943
ME,val,-70.1782,44.106934,2021,678_874
ME,train,-70.17807,45.98736,2022,659_941
ME,train,-70.17589,46.20192,2023,657_949
ME,val,-70.17527,44.109234,2023,678_874
ME,train,-70.168076,44.432133,2023,675_886
ME,train,-70.167885,45.014515,2023,669_907
ME,train,-70.1673,43.95582,2022,680_869
ME,val,-70.16637,46.31523,2021,656_953
ME,val,-70.165726,44.53266,2023,674_890
ME,train,-70.16547,45.797634,2021,661_935
ME,train,-70.16453,45.217113,2020,667_914
ME,val,-70.162476,44.652596,2023,673_894
ME,train,-70.16075,45.136524,2024,668_911
ME,val,-70.15986,46.320885,2021,656_953
ME,train,-70.15983,45.80502,2021,661_935
ME,train,-70.158,44.38899,2023,676_885
ME,val,-70.15792,44.55725,2024,674_891
ME,val,-70.15773,44.813267,2023,671_900
ME,train,-70.15751,46.08947,2022,659_945
ME,train,-70.15712,43.821106,2023,681_864
ME,train,-70.15653,44.513153,2024,674_889
ME,val,-70.1565,44.66015,2024,673_894
ME,train,-70.15515,43.940174,2022,680_869
ME,train,-70.15477,45.80866,2021,661_935
ME,val,-70.1544,44.655716,2024,673_894
ME,train,-70.15423,43.940678,2021,680_869
ME,val,-70.15342,45.155987,2022,668_912
ME,val,-70.15128,44.556072,2024,674_891
ME,train,-70.13896,43.76932,2024,682_863
ME,val,-70.136986,44.956715,2020,670_905
ME,train,-70.13234,44.026672,2024,680_872
ME,val,-70.1323,44.212948,2021,678_878
ME,train,-70.129456,44.764744,2024,673_898
ME,val,-70.129005,43.865498,2020,682_866
ME,val,-70.123,43.85369,2020,682_866
ME,train,-70.12182,43.926117,2022,681_868
ME,train,-70.119545,45.212452,2024,668_914
ME,train,-70.11908,44.34779,2021,677_883
ME,train,-70.11831,45.67754,2022,664_931
ME,train,-70.11387,45.366745,2022,667_920
ME,train,-70.111115,45.685543,2022,664_931
ME,train,-70.10735,44.35944,2021,677_884
ME,val,-70.10648,44.54573,2020,675_891
ME,train,-70.106255,44.536617,2020,675_890
ME,val,-70.10473,43.913815,2021,682_868
ME,val,-70.10353,43.872585,2020,682_866
ME,val,-70.103264,43.872917,2021,682_866
ME,train,-70.10186,45.8518,2022,662_937
ME,train,-70.09776,44.70763,2021,674_896
ME,train,-70.09509,44.851784,2020,673_902
ME,train,-70.09463,46.351387,2021,658_955
ME,train,-70.09461,44.713142,2021,674_897
ME,train,-70.09299,45.37371,2022,667_920
ME,val,-70.09155,44.49139,2021,676_889
ME,train,-70.09084,46.00592,2023,661_943
ME,train,-70.09081,45.21316,2021,669_914
ME,val,-70.09037,43.903244,2024,682_868
ME,train,-70.09033,44.424183,2023,677_886
ME,train,-70.08911,44.424557,2024,677_886
ME,val,-70.087875,43.90534,2024,682_868
ME,train,-70.08617,44.296947,2023,678_882
ME,val,-70.08605,43.905754,2022,682_868
ME,train,-70.084984,43.86065,2024,683_866
ME,train,-70.07857,45.362095,2021,668_920
ME,train,-70.07711,44.846863,2020,673_901
ME,val,-70.07615,46.175423,2022,660_949
ME,train,-70.06612,44.287468,2021,679_882
ME,train,-70.064445,44.464382,2022,677_888
ME,val,-70.06372,43.959305,2023,682_870
ME,val,-70.058975,43.83399,2021,684_865
ME,val,-70.0578,46.165607,2023,660_949
ME,train,-70.05752,43.939568,2023,683_869
ME,train,-70.05212,44.300644,2020,679_882
ME,val,-70.05174,44.51224,2020,677_890
ME,train,-70.04812,44.714336,2023,675_897
ME,train,-70.04399,45.660522,2022,666_931
ME,val,-70.04263,46.195793,2021,660_950
ME,val,-70.04171,43.973328,2023,683_871
ME,val,-70.04106,44.40181,2024,678_886
ME,train,-70.0406,45.551437,2021,667_927
ME,val,-70.03903,44.117832,2020,681_876
ME,val,-70.03776,44.808453,2022,674_900
ME,train,-70.03772,46.198364,2022,661_950
ME,val,-70.037445,44.117085,2020,681_876
ME,train,-70.03701,44.982353,2020,673_907
ME,val,-70.03533,45.929996,2021,663_940
ME,train,-70.033806,44.48735,2020,678_889
ME,train,-70.033066,44.85762,2020,674_902
ME,train,-70.03286,45.655624,2022,666_931
ME,train,-70.03125,44.77079,2022,675_899
ME,train,-70.03012,45.64471,2022,666_930
ME,val,-70.029755,44.300076,2020,680_882
ME,train,-70.029655,46.10446,2023,662_947
ME,train,-70.02945,44.778103,2021,675_899
ME,train,-70.02794,44.85736,2023,674_902
ME,val,-70.026276,44.305588,2022,680_883
ME,train,-70.02621,43.95557,2023,683_870
ME,train,-70.025085,45.687275,2022,666_932
ME,train,-70.02477,45.5044,2021,668_925
ME,val,-70.023964,44.309147,2022,680_883
ME,train,-70.0239,45.570587,2021,667_928
ME,train,-70.02372,45.35815,2020,669_920
ME,train,-70.02361,45.689598,2022,666_932
ME,train,-70.02235,45.68879,2022,666_932
ME,train,-70.01618,45.687668,2022,666_932
ME,train,-70.01527,44.765873,2021,675_899
ME,train,-70.01366,44.851585,2024,675_902
ME,train,-70.013245,44.85187,2023,675_902
ME,train,-70.012505,44.854008,2022,675_902
ME,train,-70.011894,44.853527,2024,675_902
ME,train,-70.011444,44.85412,2023,675_902
ME,train,-70.01068,44.8529,2022,675_902
ME,train,-70.01035,44.8535,2023,675_902
ME,train,-70.0099,44.85393,2023,675_902
ME,train,-70.00793,45.956696,2021,664_942
ME,train,-70.00059,45.9367,2021,664_941
ME,train,-69.99965,44.35946,2021,680_885
ME,train,-69.998604,45.570312,2024,668_928
ME,train,-69.99696,45.8319,2021,665_937
ME,train,-69.99505,44.6016,2022,678_893
ME,train,-69.99242,46.224525,2022,661_951
ME,train,-69.99235,45.46421,2021,669_924
ME,train,-69.99231,45.936005,2024,664_941
ME,train,-69.99091,45.958454,2021,664_942
ME,train,-69.9906,44.385643,2023,680_886
ME,train,-69.99031,44.38302,2020,680_886
ME,train,-69.988205,45.974724,2022,664_942
ME,train,-69.98552,44.959187,2021,674_906
ME,train,-69.98293,45.480457,2021,669_925
ME,train,-69.981316,46.60204,2022,658_965
ME,train,-69.98006,46.33974,2022,661_955
ME,train,-69.97937,45.557877,2022,668_928
ME,train,-69.97615,44.732895,2022,677_898
ME,train,-69.97592,45.958523,2021,664_942
ME,val,-69.97521,46.097404,2021,663_947
ME,val,-69.9738,46.367558,2022,660_956
ME,val,-69.97091,46.13293,2023,663_948
ME,train,-69.97011,44.95796,2024,675_906
ME,train,-69.97006,44.867645,2021,676_903
ME,train,-69.96992,44.96252,2021,675_906
ME,train,-69.96985,44.068363,2020,684_874
ME,train,-69.96875,44.687458,2020,677_897
ME,train,-69.96868,44.958427,2020,675_906
ME,train,-69.968636,45.63902,2022,668_931
ME,train,-69.968575,46.143303,2023,663_949
ME,train,-69.96752,44.23988,2024,682_881
ME,train,-69.967186,44.855545,2021,676_903
ME,train,-69.96717,44.12474,2021,683_876
ME,train,-69.96717,44.958645,2021,675_906
ME,train,-69.96704,44.073338,2022,684_875
ME,train,-69.96649,44.974487,2024,675_907
ME,train,-69.9663,45.54829,2022,669_927
ME,train,-69.96597,45.874622,2022,666_939
ME,train,-69.96594,45.735012,2022,667_934
ME,train,-69.963264,44.96296,2020,675_906
ME,train,-69.96043,43.92457,2021,685_869
ME,train,-69.960335,43.82823,2024,686_866
ME,train,-69.95809,45.970993,2021,665_942
ME,train,-69.95734,45.969578,2022,665_942
ME,train,-69.95541,45.480305,2021,670_925
ME,train,-69.95466,45.966503,2021,665_942
ME,val,-69.95458,45.89043,2020,666_940
ME,train,-69.95404,45.86724,2022,666_939
ME,train,-69.95302,45.74918,2020,667_935
ME,val,-69.9528,45.234005,2021,672_916
ME,train,-69.9507,46.217377,2022,663_951
ME,val,-69.949615,45.234943,2021,672_916
ME,train,-69.948044,44.07436,2024,684_875
ME,train,-69.94627,45.729908,2022,667_934
ME,val,-69.936386,44.161407,2022,683_878
ME,val,-69.91915,45.7919,2020,668_936
ME,val,-69.91617,44.91073,2022,676_905
ME,val,-69.91538,44.911293,2021,676_905
ME,train,-69.91367,44.4429,2022,681_888
ME,val,-69.91132,45.78584,2021,668_936
ME,val,-69.902275,44.13582,2024,685_877
ME,train,-69.899895,44.706287,2022,679_898
ME,train,-69.89862,46.15786,2023,664_950
ME,train,-69.89766,44.01583,2021,686_873
ME,train,-69.89571,44.409935,2020,682_887
ME,train,-69.89023,44.547764,2020,681_892
ME,train,-69.88765,46.149708,2024,665_949
ME,train,-69.88362,44.572105,2020,681_893
ME,train,-69.88224,44.578197,2020,681_893
ME,val,-69.87952,44.725563,2023,679_899
ME,train,-69.878525,44.26644,2022,684_882
ME,train,-69.878044,44.26561,2020,684_882
ME,train,-69.87573,45.59898,2021,671_930
ME,train,-69.87446,43.8994,2024,688_869
ME,train,-69.872665,44.27649,2020,684_883
ME,train,-69.87071,44.575985,2021,681_893
ME,train,-69.8656,44.202385,2024,685_880
ME,train,-69.86167,43.855885,2020,688_868
ME,train,-69.860855,46.462315,2022,662_961
ME,train,-69.86056,44.85272,2021,678_903
ME,train,-69.85473,45.456615,2022,673_925
ME,train,-69.8543,46.148186,2023,666_949
ME,train,-69.851585,43.73092,2020,690_863
ME,train,-69.85133,43.951645,2023,688_871
ME,train,-69.85128,44.292633,2020,684_883
ME,train,-69.84876,45.13999,2022,676_914
ME,train,-69.845436,46.29561,2021,664_955
ME,train,-69.84486,46.731144,2022,660_970
ME,train,-69.84475,43.969036,2023,688_872
ME,train,-69.844246,46.73902,2022,660_971
ME,train,-69.84395,46.738743,2022,660_971
ME,train,-69.84194,44.03002,2022,687_874
ME,train,-69.841415,46.751694,2020,660_971
ME,train,-69.84137,44.932514,2022,678_906
ME,train,-69.84114,44.030437,2021,687_874
ME,train,-69.84022,45.51957,2021,672_927
ME,train,-69.83623,46.759308,2022,660_971
ME,train,-69.83481,46.680058,2022,661_969
ME,train,-69.83036,45.590714,2021,672_930
ME,train,-69.82865,45.615273,2021,672_931
ME,train,-69.82662,45.592834,2023,672_930
ME,train,-69.822876,44.300232,2023,685_884
ME,train,-69.82193,44.55671,2023,682_893
ME,train,-69.82025,44.55777,2022,682_893
ME,val,-69.820045,45.43318,2020,674_924
ME,train,-69.81985,43.994797,2020,688_873
ME,train,-69.818985,44.29804,2023,685_884
ME,val,-69.81821,45.5025,2022,673_927
ME,val,-69.81701,46.580364,2022,662_965
ME,val,-69.81695,46.580788,2024,662_965
ME,train,-69.81676,44.170105,2023,686_879
ME,train,-69.816605,43.815224,2023,690_866
ME,train,-69.81417,46.769108,2024,660_972
ME,train,-69.80758,44.565125,2024,683_893
ME,train,-69.805565,45.651054,2022,672_932
ME,train,-69.80512,45.489902,2022,673_926
ME,val,-69.79926,43.959007,2022,689_872
ME,train,-69.79567,44.29839,2023,686_884
ME,val,-69.795135,43.952305,2021,689_872
ME,val,-69.78593,45.53283,2021,673_928
ME,train,-69.7858,46.781982,2021,661_972
ME,train,-69.78448,46.779476,2021,661_972
ME,train,-69.78263,45.100025,2020,678_913
ME,train,-69.78149,44.636387,2022,683_896
ME,train,-69.778175,45.018356,2022,679_910
ME,train,-69.777374,43.90368,2023,690_870
ME,val,-69.77324,46.31032,2021,666_956
ME,train,-69.772255,43.85778,2023,691_868
ME,train,-69.77098,44.49033,2022,684_891
ME,train,-69.76606,44.49476,2020,684_891
ME,train,-69.76127,45.64695,2021,673_932
ME,val,-69.75933,44.54141,2022,684_893
ME,train,-69.75579,45.89118,2020,671_941
ME,val,-69.753426,43.761906,2024,692_865
ME,train,-69.75339,45.53824,2022,674_928
ME,train,-69.75033,43.79653,2020,692_866
ME,train,-69.74832,45.53467,2022,674_928
ME,train,-69.745605,44.76337,2023,682_901
ME,train,-69.74557,45.107212,2021,679_913
ME,train,-69.745,43.950317,2023,691_872
ME,val,-69.74419,44.698425,2021,683_899
ME,train,-69.74359,45.53155,2022,675_928
ME,val,-69.74346,45.861122,2022,671_940
ME,val,-69.74135,45.486664,2020,675_927
ME,val,-69.74131,45.486954,2022,675_927
ME,train,-69.73853,45.047672,2022,680_911
ME,train,-69.73751,45.11137,2021,679_913
ME,train,-69.7366,44.96811,2021,680_908
ME,train,-69.736496,44.24315,2020,688_882
ME,train,-69.735435,45.568214,2020,674_930
ME,val,-69.73511,45.85584,2022,671_940
ME,train,-69.734024,43.9452,2022,691_872
ME,train,-69.730804,45.14769,2022,679_915
ME,train,-69.73074,44.054615,2021,690_876
ME,train,-69.72456,45.149075,2022,679_915
ME,train,-69.724525,45.040195,2022,680_911
ME,train,-69.72351,43.78768,2023,693_866
ME,train,-69.720695,46.95616,2021,661_979
ME,val,-69.72047,46.065838,2021,670_947
ME,train,-69.719986,45.148724,2022,679_915
ME,val,-69.71556,46.064644,2021,670_947
ME,train,-69.71448,45.478367,2023,676_927
ME,train,-69.71165,45.359596,2022,677_922
ME,val,-69.70972,44.588837,2022,685_895
ME,train,-69.70894,45.940468,2023,671_943
ME,train,-69.70865,44.3737,2021,687_887
ME,train,-69.70747,46.362465,2021,667_958
ME,train,-69.70568,44.652546,2021,684_897
ME,train,-69.70395,46.35767,2023,667_958
ME,train,-69.70277,44.16254,2021,689_880
ME,train,-69.70063,44.27972,2024,688_884
ME,train,-69.699135,44.280075,2022,688_884
ME,train,-69.69857,44.17614,2020,689_880
ME,train,-69.69766,43.990334,2023,691_874
ME,val,-69.69486,44.101765,2024,690_878
ME,train,-69.6946,45.008053,2023,681_910
ME,val,-69.69373,45.213184,2021,679_917
ME,val,-69.6936,46.586334,2022,665_966
ME,val,-69.69034,45.37542,2020,677_923
ME,train,-69.68972,45.3745,2020,678_923
ME,val,-69.68937,44.10583,2024,690_878
ME,train,-69.68564,45.4622,2021,677_926
ME,train,-69.68359,45.46583,2021,677_926
ME,train,-69.68274,44.99431,2020,682_910
ME,train,-69.673805,45.351376,2021,678_922
ME,train,-69.67057,44.408703,2020,688_889
ME,train,-69.66764,45.361313,2021,678_923
ME,train,-69.66405,44.559013,2023,686_894
ME,val,-69.661385,46.28413,2021,669_956
ME,train,-69.65943,43.875298,2022,693_870
ME,val,-69.65919,44.312916,2020,689_885
ME,train,-69.659004,43.872143,2022,694_870
ME,val,-69.65752,44.374584,2024,688_888
ME,train,-69.656456,43.852573,2023,694_869
ME,train,-69.65506,44.561443,2023,687_894
ME,train,-69.650276,44.452244,2021,688_890
ME,train,-69.64954,46.097622,2022,671_949
ME,train,-69.64738,44.449234,2023,688_890
ME,train,-69.646286,44.453613,2023,688_891
ME,train,-69.6452,44.449886,2024,688_890
ME,val,-69.644325,44.58294,2020,687_895
ME,train,-69.64429,44.240685,2020,690_883
ME,train,-69.642746,44.291397,2020,690_885
ME,val,-69.64086,46.049522,2021,672_947
ME,train,-69.63938,43.930153,2022,693_872
ME,train,-69.63681,44.90368,2021,684_907
ME,val,-69.63255,45.824627,2021,674_940
ME,val,-69.63161,46.055256,2021,672_948
ME,train,-69.63149,44.72699,2022,686_900
ME,train,-69.63148,45.450134,2021,678_926
ME,train,-69.62585,46.714924,2022,666_971
ME,train,-69.62457,46.73653,2022,665_972
ME,train,-69.62333,45.08478,2022,682_913
ME,train,-69.62244,46.176613,2022,671_952
ME,train,-69.6223,44.976418,2022,683_909
ME,train,-69.621445,46.86309,2022,664_977
ME,train,-69.61987,44.262604,2023,691_884
ME,train,-69.6178,45.20372,2021,681_918
ME,train,-69.61689,44.105118,2023,692_878
ME,train,-69.61688,43.86163,2024,695_870
ME,train,-69.61621,45.19747,2021,681_917
ME,train,-69.61585,43.96387,2021,694_873
ME,train,-69.61573,44.91042,2023,684_907
ME,val,-69.61366,44.76452,2020,686_902
ME,val,-69.610405,45.114758,2022,682_914
ME,train,-69.61025,43.96644,2022,694_873
ME,train,-69.610016,44.57063,2024,688_895
ME,train,-69.60972,46.84642,2022,665_976
ME,val,-69.609245,43.85749,2023,695_869
ME,train,-69.60921,45.200176,2021,681_917
ME,train,-69.609116,46.84582,2022,665_976
ME,val,-69.608955,46.603565,2020,667_967
ME,train,-69.608925,46.08565,2021,672_949
ME,train,-69.605736,43.993217,2021,694_874
ME,train,-69.60436,46.05551,2021,673_948
ME,train,-69.60303,45.219643,2021,681_918
ME,train,-69.6025,46.089767,2021,672_949
ME,val,-69.60236,44.104984,2020,693_878
ME,train,-69.60012,45.210278,2021,681_918
ME,train,-69.59884,45.279896,2021,681_920
ME,train,-69.59873,46.24268,2020,671_955
ME,train,-69.59795,43.972435,2024,694_874
ME,train,-69.59733,46.367897,2021,670_959
ME,val,-69.59636,44.226597,2024,692_883
ME,train,-69.59565,44.19099,2024,692_882
ME,train,-69.59517,44.14145,2022,692_880
ME,train,-69.5951,45.845978,2021,675_941
ME,train,-69.5943,44.113895,2020,693_879
ME,train,-69.59403,45.53097,2020,678_929
ME,train,-69.59327,45.476467,2022,679_927
ME,val,-69.59276,44.298847,2021,691_885
ME,train,-69.59198,45.371426,2024,680_924
ME,train,-69.5917,44.86112,2021,685_905
ME,train,-69.59127,46.607826,2022,667_968
ME,train,-69.59078,46.90353,2022,664_978
ME,train,-69.59029,45.933453,2021,674_944
ME,train,-69.58891,44.13894,2020,693_880
ME,train,-69.58871,46.487972,2022,669_963
ME,train,-69.58866,44.80115,2020,686_903
ME,train,-69.587906,44.06716,2024,693_877
ME,train,-69.587746,46.05774,2021,673_948
ME,train,-69.58685,45.270443,2021,681_920
ME,train,-69.58662,45.225677,2021,682_919
ME,val,-69.58646,44.238037,2023,692_883
ME,train,-69.5859,46.056404,2021,673_948
ME,train,-69.585075,46.117313,2021,673_950
ME,train,-69.58504,45.26302,2021,681_920
ME,train,-69.58379,47.06164,2021,663_984
ME,train,-69.581955,44.778023,2020,686_903
ME,train,-69.5801,43.962418,2023,695_873
ME,train,-69.580025,45.92585,2022,675_944
ME,train,-69.57979,46.106274,2021,673_950
ME,train,-69.57724,44.98409,2022,684_910
ME,train,-69.57682,45.273556,2021,681_920
ME,train,-69.57638,44.5535,2023,689_895
ME,val,-69.57557,44.09792,2022,693_878
ME,train,-69.57444,46.90995,2022,665_979
ME,val,-69.57334,44.242554,2024,692_884
ME,train,-69.57311,45.225006,2021,682_919
ME,train,-69.570145,45.21299,2021,682_918
ME,train,-69.56977,44.912487,2022,685_907
ME,train,-69.56958,45.21525,2021,682_918
ME,train,-69.568886,45.62139,2021,678_933
ME,val,-69.56779,45.99464,2023,674_946
ME,train,-69.56739,44.335712,2021,691_887
ME,train,-69.56648,45.65591,2022,678_934
ME,val,-69.56623,45.569393,2020,679_931
ME,train,-69.56569,44.99499,2020,684_910
ME,train,-69.56568,46.0516,2021,674_948
ME,val,-69.56474,44.21851,2023,692_883
ME,val,-69.563934,44.216656,2024,692_883
ME,train,-69.56309,46.9032,2022,665_978
ME,train,-69.560036,46.83335,2022,666_976
ME,train,-69.55838,46.259087,2021,672_956
ME,val,-69.55759,45.4782,2021,680_928
ME,train,-69.556335,44.44684,2024,690_891
ME,train,-69.5559,45.27134,2022,682_920
ME,train,-69.554985,45.99484,2023,675_946
ME,train,-69.55447,44.028362,2023,695_876
ME,train,-69.55386,46.001568,2021,675_946
ME,train,-69.553635,44.942974,2021,685_909
ME,train,-69.55354,45.2504,2020,682_920
ME,train,-69.55306,44.17967,2020,693_881
ME,train,-69.552826,44.00326,2024,695_875
ME,train,-69.55206,46.006313,2021,675_947
ME,train,-69.55187,46.007626,2021,675_947
ME,train,-69.551506,45.976334,2021,675_945
ME,train,-69.55055,45.69387,2022,678_935
ME,val,-69.5494,45.203365,2021,683_918
ME,val,-69.548874,45.215363,2020,683_918
ME,val,-69.548584,45.572346,2024,679_931
ME,train,-69.54801,45.980457,2023,675_946
ME,train,-69.54742,46.014248,2023,675_947
ME,train,-69.54729,45.857758,2024,676_941
ME,val,-69.54728,45.57204,2024,679_931
ME,train,-69.54705,46.009487,2021,675_947
ME,train,-69.546295,45.223717,2022,683_919
ME,train,-69.54604,45.22166,2021,683_919
ME,train,-69.545815,45.69395,2022,678_935
ME,train,-69.54493,45.22818,2023,683_919
ME,train,-69.54391,45.846245,2021,676_941
ME,train,-69.542564,46.011475,2021,675_947
ME,train,-69.5406,45.27073,2021,682_920
ME,val,-69.54057,46.614456,2022,669_968
ME,train,-69.53845,44.43156,2023,691_891
ME,val,-69.538,45.280407,2021,682_921
ME,train,-69.5364,45.54651,2020,680_930
ME,train,-69.53572,45.223988,2021,683_919
ME,val,-69.53535,45.49228,2022,680_928
ME,val,-69.533775,46.0327,2021,675_948
ME,train,-69.53364,45.702206,2022,678_936
ME,train,-69.53347,45.227093,2021,683_919
ME,train,-69.53159,45.217075,2020,683_919
ME,train,-69.53125,45.354115,2020,682_923
ME,train,-69.53125,45.60411,2022,679_932
ME,val,-69.53067,46.60291,2023,669_968
ME,train,-69.52961,45.526684,2024,680_930
ME,val,-69.528595,44.803936,2024,687_904
ME,train,-69.528275,45.224323,2021,683_919
ME,val,-69.5277,45.197224,2021,683_918
ME,train,-69.527695,46.02696,2023,675_947
ME,train,-69.527275,45.588528,2024,679_932
ME,train,-69.52559,45.586605,2022,679_932
ME,train,-69.52499,45.588573,2021,679_932
ME,train,-69.52438,45.58669,2024,679_932
ME,train,-69.52422,45.587822,2023,679_932
ME,val,-69.52042,45.211185,2021,683_918
ME,train,-69.51998,46.00906,2023,675_947
ME,train,-69.519455,44.99865,2022,686_911
ME,train,-69.51641,45.201183,2021,684_918
ME,train,-69.5155,46.01049,2021,675_947
ME,train,-69.51473,45.30731,2022,683_922
ME,train,-69.51439,45.29619,2021,683_922
ME,val,-69.51414,46.60608,2022,669_968
ME,train,-69.51344,45.21785,2020,684_919
ME,val,-69.51283,46.066624,2021,675_949
ME,train,-69.51176,45.66123,2022,679_935
ME,val,-69.51109,43.99192,2021,696_875
ME,train,-69.51,45.669,2022,679_935
ME,val,-69.50871,43.996254,2021,696_875
ME,train,-69.505585,45.308933,2021,683_922
ME,train,-69.50506,44.40836,2020,692_890
ME,train,-69.50244,45.59318,2020,680_932
ME,train,-69.50216,45.29669,2023,683_922
ME,train,-69.50207,45.555126,2022,680_931
ME,val,-69.50164,45.534676,2024,681_930
ME,train,-69.50023,44.072384,2020,696_878
ME,train,-69.499794,46.739674,2022,668_973
ME,train,-69.49846,46.097862,2021,675_950
ME,train,-69.49823,44.387566,2024,692_889
ME,train,-69.4965,44.735012,2022,689_902
ME,train,-69.49606,45.56154,2022,680_931
ME,val,-69.49566,46.335247,2020,673_959
ME,train,-69.49432,44.97603,2022,686_910
ME,train,-69.49349,45.63337,2021,680_934
ME,train,-69.49262,46.72251,2022,669_972
ME,train,-69.491264,46.86878,2022,667_978
ME,train,-69.49001,44.7108,2020,689_901
ME,train,-69.48994,45.8198,2021,678_940
ME,train,-69.48982,45.51379,2022,681_929
ME,train,-69.487236,45.292187,2023,683_922
ME,train,-69.485435,45.4458,2022,682_927
ME,train,-69.48426,44.67455,2022,690_900
ME,train,-69.48154,45.642048,2021,680_934
ME,val,-69.478,46.749,2022,669_973
ME,train,-69.475655,45.339344,2023,683_923
ME,train,-69.47506,45.483112,2022,682_928
ME,train,-69.47328,46.96372,2022,667_981
ME,train,-69.47309,46.993073,2022,666_982
ME,train,-69.47245,45.702927,2022,680_936
ME,train,-69.47194,47.182213,2021,665_989
ME,train,-69.471855,47.185852,2021,665_989
ME,train,-69.47125,45.61711,2021,681_933
ME,train,-69.47105,45.56322,2022,681_931
ME,train,-69.47098,45.704243,2022,680_936
ME,val,-69.47026,46.467575,2021,672_964
ME,train,-69.469536,46.177425,2022,675_953
ME,train,-69.46889,45.564564,2022,681_931
ME,train,-69.46875,45.354115,2020,683_924
ME,train,-69.46758,45.561443,2022,681_931
ME,train,-69.46663,45.34213,2022,683_924
ME,train,-69.46584,45.615772,2021,681_933
ME,train,-69.46496,47.186073,2020,665_989
ME,train,-69.464096,45.699387,2022,680_936
ME,train,-69.46394,47.123837,2020,665_987
ME,train,-69.46254,44.235786,2020,695_884
ME,train,-69.46162,46.871735,2022,668_978
ME,train,-69.460335,45.555367,2022,681_931
ME,train,-69.459694,47.066578,2023,666_985
ME,train,-69.45892,44.336407,2020,694_888
ME,train,-69.45843,45.475655,2021,682_928
ME,train,-69.45836,44.458107,2024,693_892
ME,train,-69.458305,44.33603,2020,694_888
ME,train,-69.45699,44.569866,2022,692_896
ME,train,-69.45651,45.78595,2021,679_939
ME,train,-69.45554,46.186005,2021,675_954
ME,train,-69.45543,44.58715,2020,691_897
ME,train,-69.45543,46.247604,2024,674_956
ME,train,-69.45517,45.46463,2020,682_928
ME,train,-69.45485,44.57311,2021,692_896
ME,val,-69.45408,45.419235,2020,683_926
ME,train,-69.45327,45.55241,2022,682_931
ME,train,-69.45268,44.897327,2023,688_908
ME,val,-69.45213,44.205986,2021,695_883
ME,train,-69.45082,44.8984,2023,688_908
ME,train,-69.450745,45.60979,2021,681_933
ME,train,-69.449776,45.093224,2022,686_915
ME,train,-69.449036,45.208073,2021,685_919
ME,train,-69.44774,45.69465,2022,680_936
ME,train,-69.44746,44.77952,2021,690_904
ME,train,-69.44633,47.113914,2021,666_987
ME,train,-69.44293,45.60823,2021,681_933
ME,train,-69.44233,46.04224,2021,677_949
ME,train,-69.441666,44.983833,2021,688_911
ME,train,-69.44165,44.0222,2022,698_877
ME,val,-69.440926,44.5283,2021,692_895
ME,train,-69.44017,45.456264,2020,683_928
ME,train,-69.437744,45.01356,2022,688_912
ME,val,-69.435684,45.616783,2021,681_934
ME,val,-69.4351,44.947144,2022,688_910
ME,train,-69.43477,45.691933,2020,681_936
ME,train,-69.43445,45.52805,2024,682_930
ME,train,-69.43435,45.99153,2021,678_947
ME,val,-69.43317,45.434807,2022,683_927
ME,val,-69.43292,45.42881,2022,683_927
ME,train,-69.432915,45.793423,2021,680_940
ME,train,-69.43096,45.745934,2021,680_938
ME,train,-69.43032,45.74659,2021,680_938
ME,train,-69.43021,45.26298,2021,685_921
ME,train,-69.429985,45.74884,2021,680_938
ME,train,-69.428024,44.1442,2021,697_881
ME,train,-69.4277,45.539158,2022,682_931
ME,train,-69.42731,45.53994,2022,682_931
ME,train,-69.42503,45.98692,2021,678_947
ME,train,-69.42403,46.15077,2022,676_953
ME,train,-69.423065,45.553635,2022,682_931
ME,train,-69.42247,44.977665,2023,688_911
ME,train,-69.41953,45.633762,2021,682_934
ME,train,-69.41851,45.248745,2021,686_921
ME,train,-69.418236,45.638542,2022,682_934
ME,train,-69.41658,44.01236,2023,698_876
ME,train,-69.4157,45.74128,2021,681_938
ME,train,-69.4126,45.636925,2021,682_934
ME,val,-69.4097,45.765312,2021,681_939
ME,train,-69.40692,45.9862,2020,678_947
ME,train,-69.40625,45.020786,2022,688_913
ME,train,-69.40308,45.392284,2022,685_926
ME,train,-69.40215,45.493717,2020,683_929
ME,train,-69.4016,44.91632,2022,689_909
ME,train,-69.400696,45.621353,2021,682_934
ME,val,-69.40031,45.41381,2022,684_927
ME,train,-69.40008,44.599533,2020,693_898
ME,val,-69.400024,44.5241,2021,693_895
ME,train,-69.39928,45.620007,2024,682_934
ME,train,-69.398705,45.604473,2024,682_933
ME,train,-69.39644,44.040276,2023,699_878
ME,train,-69.39594,45.636208,2022,682_935
ME,train,-69.39513,47.16707,2020,667_989
ME,train,-69.39472,45.484516,2021,684_929
ME,train,-69.39227,46.61632,2023,672_969
ME,train,-69.392105,45.58923,2021,683_933
ME,val,-69.39006,44.33338,2023,696_888
ME,train,-69.38816,45.649345,2020,682_935
ME,train,-69.38704,44.446907,2021,695_892
ME,train,-69.38621,44.181137,2024,697_883
ME,train,-69.3856,45.690742,2022,682_937
ME,train,-69.38463,44.447998,2020,695_892
ME,val,-69.38114,47.188976,2020,667_990
ME,train,-69.38075,44.11335,2022,698_880
ME,train,-69.380646,44.395756,2022,695_890
ME,val,-69.38051,44.733612,2024,692_902
ME,train,-69.38031,44.17316,2024,698_882
ME,train,-69.38025,45.46518,2021,684_929
ME,train,-69.37952,44.616226,2020,693_898
ME,train,-69.37862,44.561348,2024,694_896
ME,train,-69.37831,44.831245,2023,691_906
ME,train,-69.37625,45.69216,2022,682_937
ME,val,-69.37582,46.31984,2021,676_959
ME,train,-69.374306,44.97611,2020,690_911
ME,train,-69.3727,45.39054,2020,685_926
ME,val,-69.37223,46.321774,2024,676_959
ME,val,-69.37038,46.35905,2021,675_960
ME,train,-69.37,44.9667,2021,690_911
ME,train,-69.369865,45.981014,2021,679_947
ME,train,-69.3695,44.57182,2022,694_897
ME,train,-69.36823,45.883286,2023,680_943
ME,train,-69.36782,45.368374,2021,686_925
ME,train,-69.36754,45.36774,2024,686_925
ME,train,-69.36716,45.086,2021,689_915
ME,train,-69.36716,46.3674,2021,675_961
ME,train,-69.366905,45.68448,2022,682_936
ME,train,-69.3669,43.969296,2023,700_875
ME,train,-69.36516,45.678905,2022,683_936
ME,train,-69.36392,45.986053,2021,679_947
ME,train,-69.36332,47.226894,2021,667_991
ME,train,-69.362045,44.38908,2023,696_890
ME,train,-69.36173,45.876274,2023,681_943
ME,train,-69.36152,46.844513,2020,671_978
ME,val,-69.36034,45.522537,2021,684_931
ME,val,-69.35901,45.51681,2023,684_931
ME,train,-69.35802,45.98035,2021,680_947
ME,train,-69.356415,45.473846,2022,685_929
ME,train,-69.35587,44.21933,2023,698_884
ME,train,-69.35587,45.364304,2023,686_925
ME,train,-69.35562,45.753418,2021,682_939
ME,train,-69.35519,47.15317,2020,668_989
ME,train,-69.35443,46.11503,2023,678_952
ME,train,-69.35411,45.97421,2021,680_947
ME,train,-69.35214,45.58928,2021,684_933
ME,val,-69.35041,45.7365,2021,682_938
ME,train,-69.34929,45.012207,2023,690_913
ME,val,-69.34912,45.495106,2022,685_930
ME,train,-69.34695,46.27642,2021,677_958
ME,train,-69.34683,45.723675,2021,683_938
ME,train,-69.34575,46.57264,2022,674_968
ME,val,-69.344734,45.257076,2021,687_921
ME,train,-69.34466,45.517216,2022,685_931
ME,train,-69.34375,46.354095,2022,676_960
ME,train,-69.34345,46.479694,2021,675_965
ME,train,-69.34327,44.656612,2021,694_900
ME,train,-69.34323,44.62839,2020,694_899
ME,train,-69.34183,44.72782,2022,693_903
ME,train,-69.34,45.68,2020,683_936
ME,train,-69.33976,45.52018,2022,685_931
ME,train,-69.33968,45.727383,2021,683_938
ME,train,-69.33926,45.19999,2020,688_919
ME,train,-69.33897,45.59453,2021,684_933
ME,train,-69.33821,45.775684,2022,682_940
ME,train,-69.33563,45.11433,2021,689_916
ME,train,-69.33435,45.869194,2023,681_943
ME,train,-69.33154,44.599808,2020,694_898
ME,train,-69.33092,46.620747,2023,674_970
ME,train,-69.327385,46.430767,2021,676_963
ME,train,-69.32721,45.720425,2021,683_938
ME,train,-69.32384,45.603886,2021,684_934
ME,train,-69.3237,45.786312,2021,682_940
ME,train,-69.32253,43.992725,2023,701_876
ME,train,-69.32244,46.983715,2020,670_983
ME,train,-69.32222,45.674587,2024,684_936
ME,train,-69.321,46.26775,2021,678_958
ME,val,-69.32077,44.39589,2024,697_891
ME,train,-69.32035,45.6751,2022,684_936
ME,train,-69.31987,45.673874,2021,684_936
ME,train,-69.319565,44.988586,2023,691_912
ME,train,-69.31883,43.98072,2021,701_876
ME,train,-69.31811,46.964542,2021,671_982
ME,train,-69.3166,44.245968,2024,698_886
ME,val,-69.31619,47.3121,2021,667_995
ME,train,-69.3126,45.212936,2020,689_920
ME,train,-69.311966,45.58855,2024,685_933
ME,train,-69.31052,46.156944,2021,679_954
ME,val,-69.30987,44.45291,2021,697_893
ME,train,-69.30941,44.24275,2024,699_885
ME,train,-69.30736,45.451656,2022,686_929
ME,train,-69.3053,44.586895,2021,695_898
ME,train,-69.30361,45.828228,2023,683_942
ME,train,-69.30326,45.792816,2021,683_941
ME,train,-69.29806,44.49448,2020,696_895
ME,val,-69.29678,44.461197,2020,697_893
ME,val,-69.29657,46.47698,2021,676_965
ME,train,-69.29636,44.2531,2024,699_886
ME,train,-69.29545,44.585007,2020,696_898
ME,val,-69.29107,44.562405,2024,696_897
ME,train,-69.29046,45.57201,2021,685_933
ME,val,-69.28594,44.62913,2020,695_899
ME,val,-69.28562,44.447445,2022,697_893
ME,train,-69.28503,45.090973,2024,691_916
ME,train,-69.28497,45.806984,2021,683_941
ME,val,-69.28304,44.6198,2022,695_899
ME,train,-69.279144,45.651844,2023,685_936
ME,train,-69.27697,44.697834,2023,695_902
ME,val,-69.27502,45.98886,2024,682_948
ME,train,-69.272964,45.58816,2023,686_934
ME,train,-69.271965,44.70431,2024,695_902
ME,train,-69.27192,43.98676,2021,702_877
ME,train,-69.27086,45.788124,2021,684_941
ME,train,-69.26949,43.95666,2023,703_876
ME,train,-69.26905,46.13335,2022,680_953
ME,train,-69.26821,44.887844,2021,693_909
ME,train,-69.26757,44.41306,2020,698_892
ME,train,-69.26693,46.164566,2021,680_954
ME,train,-69.26594,46.166744,2024,680_954
ME,train,-69.26504,44.082966,2021,701_880
ME,train,-69.26411,47.289696,2021,669_994
ME,train,-69.26339,46.170063,2022,680_954
ME,train,-69.26252,44.420105,2020,698_892
ME,val,-69.261505,45.548256,2022,686_932
ME,train,-69.26046,45.546326,2022,687_932
ME,train,-69.25914,45.617107,2022,686_935
ME,train,-69.25755,45.252914,2020,690_922
ME,train,-69.25696,45.17286,2020,690_919
ME,train,-69.25691,46.77397,2022,674_976
ME,train,-69.256226,46.164814,2020,680_954
ME,val,-69.25581,45.013615,2024,692_913
ME,train,-69.25212,46.16653,2024,680_954
ME,train,-69.246826,44.12327,2024,702_882
ME,train,-69.24649,44.483463,2020,698_895
ME,train,-69.24588,45.55451,2022,687_933
ME,train,-69.24397,45.586227,2022,687_934
ME,train,-69.243515,45.102604,2020,691_917
ME,train,-69.242294,44.472626,2020,698_894
ME,train,-69.2405,44.4839,2022,698_895
ME,train,-69.23943,47.244663,2020,670_993
ME,val,-69.23874,47.39751,2020,668_998
ME,train,-69.23849,44.487965,2020,698_895
ME,train,-69.23843,45.579437,2022,687_934
ME,train,-69.235214,44.436386,2020,699_893
ME,train,-69.235176,44.468246,2020,698_894
ME,val,-69.23435,47.398724,2020,668_998
ME,train,-69.23319,44.229824,2022,701_886
ME,train,-69.23308,45.843548,2021,684_943
ME,train,-69.232544,44.22924,2024,701_886
ME,train,-69.23234,44.460846,2021,698_894
ME,train,-69.23099,44.492733,2020,698_895
ME,train,-69.23071,44.47846,2024,698_894
ME,train,-69.23068,47.243168,2020,670_993
ME,train,-69.22986,44.486416,2020,698_895
ME,train,-69.2289,44.35354,2020,700_890
ME,train,-69.2279,44.475994,2020,698_894
ME,train,-69.2278,46.173756,2024,681_955
ME,val,-69.22777,47.21832,2022,670_992
ME,val,-69.22665,47.218388,2022,670_992
ME,train,-69.22656,46.21603,2022,680_956
ME,train,-69.22486,45.65414,2021,686_936
ME,val,-69.22475,45.405865,2021,689_928
ME,train,-69.22437,44.105213,2021,702_881
ME,train,-69.22405,44.49856,2020,698_895
ME,train,-69.223694,46.478416,2024,678_966
ME,val,-69.22267,47.427086,2020,668_999
ME,train,-69.222595,46.171894,2021,681_955
ME,train,-69.22083,46.850163,2022,674_979
ME,train,-69.22059,44.39159,2020,699_891
ME,train,-69.21973,44.479504,2020,699_895
ME,train,-69.219696,46.1459,2024,681_954
ME,train,-69.21942,45.842422,2021,684_943
ME,val,-69.21875,47.27075,2023,670_994
ME,train,-69.21859,44.30776,2024,700_888
ME,train,-69.21841,47.339005,2021,669_996
ME,train,-69.217766,44.48048,2021,699_895
ME,train,-69.21733,46.134655,2021,682_954
ME,train,-69.21726,45.857124,2021,684_944
ME,train,-69.21545,45.63146,2020,687_936
ME,train,-69.21527,45.871517,2021,684_944
ME,train,-69.215256,47.455482,2021,668_1000
ME,train,-69.21228,44.453583,2020,699_894
ME,train,-69.21126,47.33543,2020,669_996
ME,val,-69.209595,45.857044,2023,685_944
ME,train,-69.20931,45.46369,2020,689_930
ME,train,-69.208374,46.993893,2021,673_984
ME,train,-69.20712,47.336525,2021,669_996
ME,train,-69.20623,44.02402,2022,704_878
ME,train,-69.206154,46.340973,2022,680_961
ME,train,-69.2043,44.475784,2022,699_895
ME,train,-69.20414,46.616524,2022,677_971
ME,train,-69.20343,44.614662,2024,698_900
ME,train,-69.202324,46.339355,2022,680_961
ME,train,-69.200935,45.46237,2021,689_930
ME,val,-69.19676,47.261787,2020,670_994
ME,train,-69.19668,46.616585,2022,677_971
ME,train,-69.19304,44.027058,2023,704_879
ME,train,-69.191666,46.649315,2022,677_972
ME,train,-69.18976,44.684708,2020,697_902
ME,train,-69.1897,45.199574,2021,692_920
ME,train,-69.18937,44.494358,2020,699_895
ME,val,-69.18883,45.9697,2021,684_948
ME,val,-69.18805,45.9678,2020,684_948
ME,train,-69.1845,47.32709,2020,670_996
ME,train,-69.18271,43.986824,2023,705_877
ME,val,-69.18175,46.09548,2024,683_952
ME,train,-69.17945,44.269188,2023,702_887
ME,train,-69.175865,44.58417,2023,699_899
ME,train,-69.17532,44.33067,2022,701_890
ME,train,-69.17521,46.271423,2022,681_959
ME,val,-69.173836,45.964268,2021,684_948
ME,train,-69.1719,44.53377,2022,699_897
ME,train,-69.17109,44.533222,2022,699_897
ME,train,-69.170715,45.805103,2021,686_942
ME,train,-69.17032,47.101276,2021,673_988
ME,train,-69.16925,45.69716,2021,687_938
ME,train,-69.1669,44.53234,2022,699_897
ME,val,-69.163635,45.158768,2023,693_919
ME,val,-69.16352,45.448997,2023,690_930
ME,val,-69.16168,45.770367,2020,687_941
ME,train,-69.16087,44.280563,2021,702_888
ME,train,-69.16076,44.828033,2020,696_907
ME,train,-69.1601,44.59518,2023,699_899
ME,val,-69.159775,44.31539,2021,702_889
ME,train,-69.15949,44.280724,2021,702_888
ME,train,-69.15832,45.69944,2022,687_938
ME,val,-69.15804,46.210846,2021,682_957
ME,train,-69.15625,47.229084,2023,672_993
ME,train,-69.155106,46.76358,2024,677_976
ME,train,-69.15411,45.10131,2020,694_917
ME,train,-69.15354,44.128403,2024,704_883
ME,val,-69.1506,45.86216,2021,686_944
ME,val,-69.14934,45.86361,2021,686_944
ME,train,-69.14741,44.291077,2022,702_888
ME,train,-69.146194,46.608803,2023,678_971
ME,val,-69.14358,44.20731,2024,703_885
ME,train,-69.14101,44.457172,2024,701_894
ME,train,-69.14088,44.846176,2021,697_908
ME,val,-69.13831,44.642387,2022,699_901
ME,train,-69.13683,47.10987,2023,673_989
ME,train,-69.13563,46.015903,2023,685_950
ME,train,-69.13382,44.736862,2023,698_904
ME,train,-69.132904,44.94302,2023,696_912
ME,train,-69.130905,45.20093,2020,693_921
ME,train,-69.13021,44.516712,2022,700_897
ME,train,-69.12742,45.69667,2024,688_939
ME,val,-69.12621,44.68049,2024,699_902
ME,train,-69.12555,44.61211,2024,700_900
ME,train,-69.123726,45.62006,2022,689_936
ME,train,-69.12286,45.95055,2020,686_948
ME,train,-69.11793,45.94514,2020,686_947
ME,train,-69.1166,46.627476,2022,679_972
ME,train,-69.11593,44.30569,2021,703_889
ME,val,-69.11375,46.15416,2021,684_955
ME,train,-69.112045,45.07199,2020,695_916
ME,train,-69.11192,44.932026,2022,697_911
ME,train,-69.11156,45.237667,2020,693_922
ME,train,-69.110535,44.06552,2020,706_881
ME,train,-69.110405,46.86774,2022,677_980
ME,val,-69.10994,44.776,2020,698_906
ME,train,-69.10743,45.056545,2024,695_916
ME,train,-69.10728,46.854527,2022,677_980
ME,train,-69.10655,46.58061,2022,680_970
ME,train,-69.10589,46.02916,2022,685_951
ME,train,-69.10555,45.05624,2021,695_916
ME,train,-69.10398,45.43147,2024,692_929
ME,train,-69.10384,44.355648,2021,703_891
ME,train,-69.10231,46.98147,2020,676_984
ME,train,-69.10228,44.2908,2024,703_889
ME,train,-69.101814,44.168106,2024,705_884
ME,train,-69.10004,45.690495,2021,689_939
ME,train,-69.09912,46.253506,2022,683_959
ME,train,-69.09854,46.252087,2022,683_959
ME,train,-69.098465,45.083115,2020,695_917
ME,val,-69.0974,44.455017,2022,702_895
ME,train,-69.09676,47.34107,2021,672_997
ME,train,-69.09375,46.31243,2022,683_961
ME,train,-69.09375,47.35408,2023,672_998
ME,train,-69.09334,46.57545,2022,680_970
ME,val,-69.09308,45.84485,2022,688_944
ME,train,-69.092545,47.216915,2020,673_993
ME,train,-69.0921,44.945255,2020,697_912
ME,train,-69.08986,44.71109,2021,699_904
ME,train,-69.088455,45.368763,2023,693_927
ME,train,-69.088165,45.369003,2023,693_927
ME,train,-69.08774,47.369923,2023,672_998
ME,train,-69.0873,47.333332,2020,672_997
ME,train,-69.086494,45.371887,2021,693_927
ME,val,-69.08525,45.847763,2022,688_944
ME,train,-69.08511,46.15898,2021,685_955
ME,train,-69.08414,44.71271,2021,700_904
ME,train,-69.08409,46.021503,2024,686_950
ME,train,-69.08233,45.107033,2020,696_918
ME,train,-69.08212,44.58575,2021,701_899
ME,train,-69.08047,47.23075,2023,674_993
ME,train,-69.07997,46.001194,2024,686_950
ME,train,-69.07934,46.02069,2022,686_950
ME,train,-69.07883,44.29106,2020,704_889
ME,train,-69.07851,46.61885,2022,680_972
ME,val,-69.07679,45.756268,2024,689_941
ME,val,-69.076065,46.721027,2022,679_975
ME,train,-69.07567,45.979023,2024,687_949
ME,train,-69.07561,46.729202,2022,679_976
ME,train,-69.07536,47.20927,2020,674_993
ME,train,-69.0749,45.963768,2022,687_948
ME,train,-69.07476,45.975803,2021,687_949
ME,train,-69.07298,44.444275,2022,703_894
ME,train,-69.072876,45.959568,2020,687_948
ME,train,-69.068825,47.24384,2020,674_994
ME,train,-69.06697,46.135475,2021,685_955
ME,val,-69.065414,45.84806,2022,688_944
ME,train,-69.06445,46.01944,2020,687_951
ME,train,-69.0642,46.020042,2021,687_951
ME,val,-69.06295,45.40971,2022,693_929
ME,val,-69.06214,46.078346,2021,686_953
ME,train,-69.0615,44.330315,2023,704_890
ME,train,-69.0612,44.329964,2022,704_890
ME,train,-69.061134,44.329197,2023,704_890
ME,train,-69.05842,44.227226,2024,705_887
ME,val,-69.057236,45.84624,2022,688_944
ME,train,-69.05602,45.943184,2021,688_948
ME,train,-69.05572,45.135406,2020,696_919
ME,train,-69.05496,44.413403,2020,703_893
ME,train,-69.05438,44.32576,2022,704_890
ME,train,-69.05409,46.36068,2024,683_963
ME,train,-69.05011,45.8437,2024,689_944
ME,train,-69.0489,46.055252,2022,687_952
ME,val,-69.04804,44.445118,2021,703_895
ME,train,-69.046906,45.893345,2024,688_946
ME,val,-69.0469,44.444748,2024,703_895
ME,train,-69.04562,45.11753,2024,696_919
ME,train,-69.044685,45.116467,2020,696_919
ME,train,-69.04043,44.311512,2024,705_890
ME,train,-69.039246,45.935856,2022,688_948
ME,train,-69.03908,45.872433,2022,689_945
ME,train,-69.03801,46.056255,2020,687_952
ME,val,-69.03738,47.182556,2020,675_992
ME,train,-69.036934,46.420643,2024,683_965
ME,train,-69.03551,44.332897,2023,705_891
ME,train,-69.03549,46.23041,2021,685_958
ME,val,-69.03531,44.4568,2023,703_895
ME,train,-69.03364,44.482838,2024,703_896
ME,train,-69.03314,44.48281,2024,703_896
ME,train,-69.033035,44.91305,2024,699_911
ME,train,-69.032234,45.43945,2022,693_930
ME,val,-69.03175,45.882286,2022,689_946
ME,val,-69.031746,45.88977,2022,689_946
ME,train,-69.0317,44.30718,2020,705_890
ME,train,-69.0298,44.647106,2021,702_902
ME,val,-69.02959,45.881004,2023,689_946
ME,train,-69.02849,45.438904,2021,693_930
ME,train,-69.02521,44.80755,2023,700_908
ME,train,-69.02313,44.911907,2022,699_911
ME,val,-69.02273,44.441013,2024,704_895
ME,val,-69.02266,45.429623,2021,694_930
ME,train,-69.02219,44.730495,2021,701_905
ME,train,-69.02101,45.94937,2023,688_948
ME,train,-69.01637,45.950634,2023,688_948
ME,train,-69.0157,46.070957,2022,687_953
ME,train,-69.01141,45.714,2022,691_940
ME,val,-69.01111,45.463055,2020,694_931
ME,train,-69.00646,45.85942,2021,690_945
ME,val,-69.00603,44.45145,2021,704_895
ME,train,-69.001175,45.841,2023,690_945
ME,val,-68.99944,45.88645,2020,690_946
ME,val,-68.998055,45.657806,2021,692_938
ME,val,-68.99343,45.890026,2021,690_946
ME,train,-68.99109,44.39266,2022,705_893
ME,train,-68.99042,44.39282,2023,705_893
ME,train,-68.988884,45.833942,2022,690_944
ME,train,-68.978325,45.895996,2024,690_947
ME,val,-68.977615,47.18595,2021,677_993
ME,val,-68.97671,46.98555,2022,679_985
ME,train,-68.9731,45.478428,2021,694_932
ME,train,-68.97287,45.724236,2020,692_941
ME,train,-68.969864,44.604237,2020,704_901
ME,train,-68.9698,47.17421,2021,677_992
ME,val,-68.96875,46.1041,2022,688_954
ME,train,-68.96834,46.955086,2024,679_984
ME,train,-68.9677,44.944344,2024,700_913
ME,train,-68.96723,46.293083,2022,686_961
ME,train,-68.96339,46.99435,2024,679_986
ME,train,-68.96277,44.49408,2022,705_897
ME,train,-68.96242,47.17787,2021,677_992
ME,train,-68.96159,44.64865,2024,703_903
ME,train,-68.96137,45.873703,2021,691_946
ME,train,-68.96133,46.29299,2022,686_961
ME,train,-68.96089,45.875057,2024,691_946
ME,train,-68.96058,45.866577,2024,691_946
ME,train,-68.96031,45.823112,2021,691_944
ME,val,-68.960175,45.837376,2021,691_945
ME,val,-68.95976,44.363945,2021,706_892
ME,train,-68.9582,44.677654,2024,703_904
ME,val,-68.95746,46.83764,2022,681_980
ME,val,-68.95292,45.84226,2024,691_945
ME,train,-68.951546,45.107403,2021,699_919
ME,train,-68.94819,47.17843,2020,677_992
ME,train,-68.94495,45.006516,2024,700_915
ME,train,-68.94375,46.139095,2023,688_956
ME,train,-68.94362,44.67847,2022,703_904
ME,train,-68.94277,46.027325,2022,689_952
ME,train,-68.94147,45.972492,2022,690_950
ME,val,-68.93634,47.19779,2020,677_993
ME,train,-68.93517,45.97548,2024,690_950
ME,train,-68.92952,45.429996,2021,696_931
ME,val,-68.927956,46.83028,2022,681_980
ME,val,-68.921974,45.90448,2023,691_947
ME,train,-68.91757,46.990795,2024,680_986
ME,train,-68.917564,45.797314,2021,692_944
ME,train,-68.91705,44.750942,2021,703_906
ME,train,-68.9153,46.13518,2024,689_956
ME,val,-68.9124,46.631874,2022,684_973
ME,train,-68.91017,44.65124,2022,705_903
ME,val,-68.90989,45.049942,2024,700_917
ME,train,-68.90859,46.095512,2021,690_954
ME,val,-68.90523,46.10058,2021,690_955
ME,train,-68.90364,45.997078,2023,691_951
ME,train,-68.89889,45.7957,2022,693_944
ME,train,-68.89862,46.640377,2022,684_974
ME,val,-68.898,46.108,2023,690_955
ME,train,-68.89787,44.809597,2021,703_909
ME,train,-68.89526,46.71162,2020,684_976
ME,train,-68.89429,44.57331,2023,706_900
ME,val,-68.89198,44.478577,2020,707_897
ME,train,-68.89194,46.506172,2021,686_969
ME,train,-68.8913,44.81129,2022,703_909
ME,train,-68.89101,46.053917,2021,690_953
ME,train,-68.8908,45.301575,2021,698_926
ME,train,-68.89042,45.79827,2022,693_944
ME,train,-68.88863,45.82667,2021,693_945
ME,train,-68.888626,45.785973,2022,693_944
ME,val,-68.88806,44.61896,2023,705_902
ME,train,-68.88796,45.814083,2021,693_945
ME,train,-68.88609,45.823887,2022,693_945
ME,train,-68.885574,44.45,2022,707_896
ME,train,-68.88551,44.44944,2024,707_896
ME,train,-68.8809,44.45301,2024,707_896
ME,val,-68.87023,46.114437,2023,690_955
ME,train,-68.86946,46.16208,2020,690_957
ME,val,-68.86825,45.683846,2020,695_940
ME,train,-68.86791,45.92301,2020,692_949
ME,train,-68.86679,46.13998,2021,690_956
ME,train,-68.86572,45.852825,2023,693_946
ME,train,-68.86544,44.60263,2020,706_902
ME,train,-68.86341,46.234962,2022,689_960
ME,train,-68.86313,44.06126,2023,712_882
ME,train,-68.86303,46.2296,2022,689_959
ME,train,-68.8615,46.944847,2024,682_985
ME,train,-68.8581,44.714844,2021,705_906
ME,train,-68.855125,45.870396,2024,693_947
ME,train,-68.853,46.940445,2023,682_985
ME,train,-68.85284,45.92772,2024,693_949
ME,val,-68.851585,46.968334,2020,682_986
ME,train,-68.85082,46.164917,2024,690_957
ME,train,-68.84876,45.930454,2022,693_949
ME,train,-68.84857,46.347267,2021,688_964
ME,train,-68.84789,46.818974,2022,684_980
ME,train,-68.84772,47.105732,2022,681_991
ME,train,-68.84738,47.105984,2022,681_991
ME,train,-68.84721,46.12526,2020,691_956
ME,train,-68.846985,45.803047,2021,694_944
ME,train,-68.84585,45.933666,2022,693_949
ME,train,-68.84537,45.350574,2020,699_928
ME,train,-68.84493,45.93466,2021,693_949
ME,val,-68.8432,45.099197,2022,702_919
ME,train,-68.841515,46.958378,2021,682_985
ME,train,-68.841255,46.07712,2022,691_954
ME,val,-68.83969,46.96763,2022,682_986
ME,train,-68.83968,45.33971,2020,699_928
ME,train,-68.839355,44.858433,2020,704_911
ME,train,-68.83516,44.80452,2022,705_909
ME,train,-68.8346,47.11506,2022,681_991
ME,train,-68.834564,46.46131,2022,688_968
ME,train,-68.834526,46.589184,2020,686_972
ME,train,-68.83319,46.813046,2022,684_980
ME,train,-68.83279,44.804752,2023,705_909
ME,val,-68.831665,44.53472,2020,708_899
ME,train,-68.826965,44.923477,2020,704_913
ME,val,-68.824356,44.576233,2021,708_901
ME,train,-68.82376,44.333366,2022,710_892
ME,train,-68.82327,44.64999,2021,707_904
ME,train,-68.822525,46.460323,2022,688_968
ME,train,-68.82156,45.95934,2022,693_950
ME,train,-68.82069,45.340393,2022,700_928
ME,train,-68.820656,45.91112,2022,694_948
ME,train,-68.820465,44.72912,2020,706_906
ME,train,-68.81819,45.726128,2020,696_942
ME,train,-68.817406,44.390648,2024,710_894
ME,train,-68.8166,45.115704,2022,702_920
ME,train,-68.813354,44.425026,2023,709_896
ME,train,-68.812744,45.71247,2024,696_941
ME,train,-68.81191,44.4685,2021,709_897
ME,train,-68.81187,44.467274,2022,709_897
ME,train,-68.811264,46.23832,2020,691_960
ME,train,-68.81019,44.414787,2024,710_895
ME,train,-68.80999,44.415375,2024,710_895
ME,train,-68.80959,44.390694,2023,710_894
ME,train,-68.80788,44.330482,2024,711_892
ME,val,-68.80749,44.506016,2024,709_899
ME,train,-68.8051,44.424698,2024,710_896
ME,val,-68.80295,46.591885,2023,687_973
ME,train,-68.802376,46.23859,2020,691_960
ME,train,-68.80189,44.70581,2024,707_906
ME,train,-68.799484,44.95287,2022,704_915
ME,val,-68.79237,44.866596,2023,705_912
ME,train,-68.791374,46.23025,2021,691_960
ME,train,-68.79066,46.239986,2021,691_960
ME,train,-68.790054,45.093204,2021,703_920
ME,train,-68.78804,46.238853,2023,691_960
ME,train,-68.78368,44.98684,2024,704_916
ME,val,-68.78282,44.93361,2020,705_914
ME,train,-68.782524,45.786964,2022,696_944
ME,train,-68.781,44.478134,2024,710_898
ME,val,-68.77943,45.025936,2022,704_917
ME,train,-68.77197,44.585545,2021,709_902
ME,train,-68.768776,44.95618,2020,705_915
ME,train,-68.768745,44.845337,2024,706_911
ME,train,-68.768585,44.965034,2024,705_915
ME,train,-68.76544,44.823326,2023,706_910
ME,train,-68.764984,44.967484,2022,705_915
ME,val,-68.7634,45.87854,2022,695_948
ME,train,-68.76313,45.1411,2023,703_922
ME,val,-68.7615,44.865063,2020,706_912
ME,val,-68.761444,45.79514,2022,696_945
ME,train,-68.76061,44.49904,2020,710_899
ME,val,-68.760124,44.347164,2023,712_893
ME,train,-68.75998,44.89306,2021,706_913
ME,train,-68.758995,44.84069,2024,706_911
ME,train,-68.75873,44.893353,2020,706_913
ME,train,-68.75637,45.860336,2021,696_947
ME,train,-68.754326,45.930363,2024,695_950
ME,train,-68.75033,45.855423,2021,696_947
ME,train,-68.74836,45.194183,2020,703_924
ME,val,-68.74773,44.86483,2022,706_912
ME,train,-68.74725,45.845856,2024,696_947
ME,train,-68.74592,44.71411,2020,708_906
ME,train,-68.74484,44.48958,2020,710_898
ME,train,-68.7448,46.230457,2020,692_960
ME,train,-68.744514,44.472244,2022,711_898
ME,train,-68.74388,44.85346,2024,707_911
ME,train,-68.74216,44.479958,2022,711_898
ME,train,-68.740326,44.432884,2024,711_896
ME,val,-68.740166,44.881454,2023,706_912
ME,train,-68.739624,46.84445,2022,686_982
ME,train,-68.737465,44.891937,2020,706_913
ME,val,-68.73697,44.885036,2020,707_913
ME,train,-68.73683,44.858894,2023,707_912
ME,val,-68.73645,44.49295,2020,711_899
ME,val,-68.73637,44.886196,2022,707_913
ME,train,-68.735565,45.84556,2024,696_947
ME,train,-68.735374,44.86227,2024,707_912
ME,train,-68.7352,46.720512,2022,687_978
ME,train,-68.73511,44.866596,2022,707_912
ME,train,-68.7348,44.898766,2023,706_913
ME,train,-68.73469,44.712383,2020,708_906
ME,train,-68.73435,45.84575,2022,697_947
ME,train,-68.7332,44.479736,2020,711_898
ME,train,-68.7329,45.846085,2022,697_947
ME,val,-68.731995,45.618454,2022,699_939
ME,train,-68.731964,44.83795,2023,707_911
ME,val,-68.731895,44.89148,2020,707_913
ME,train,-68.7314,44.478252,2020,711_898
ME,val,-68.731224,46.036163,2022,695_954
ME,train,-68.73097,44.864326,2021,707_912
ME,train,-68.72898,44.866074,2024,707_912
ME,train,-68.728355,44.8627,2023,707_912
ME,train,-68.728165,46.98666,2022,685_987
ME,train,-68.72766,44.479637,2023,711_898
ME,train,-68.72743,44.863415,2024,707_912
ME,train,-68.72703,44.867397,2024,707_912
ME,train,-68.72682,46.120804,2022,694_957
ME,val,-68.72623,46.03442,2021,695_954
ME,train,-68.72527,44.74478,2022,708_908
ME,train,-68.724625,45.719913,2022,698_942
ME,train,-68.72449,46.1048,2023,694_956
ME,train,-68.72139,45.968025,2020,696_951
ME,train,-68.71934,46.490623,2022,690_970
ME,train,-68.718575,45.676304,2021,699_941
ME,train,-68.71773,44.444756,2023,712_897
ME,train,-68.71752,46.93195,2023,686_985
ME,train,-68.71612,44.444687,2023,712_897
ME,train,-68.71543,44.440376,2024,712_897
ME,val,-68.71528,45.229443,2020,703_925
ME,train,-68.71332,47.106167,2022,684_992
ME,train,-68.71309,46.067463,2022,695_955
ME,train,-68.71285,44.42298,2024,712_896
ME,train,-68.71277,45.858715,2021,697_947
ME,train,-68.712456,44.439953,2024,712_897
ME,train,-68.71238,44.42343,2022,712_896
ME,train,-68.71222,45.420555,2021,702_932
ME,train,-68.71218,44.423847,2020,712_896
ME,train,-68.71083,45.229168,2020,704_925
ME,train,-68.71038,44.43884,2023,712_897
ME,train,-68.709854,45.71433,2022,699_942
ME,train,-68.709694,44.4033,2021,712_896
ME,train,-68.70823,46.018864,2022,695_953
ME,train,-68.70642,45.91245,2021,697_949
ME,train,-68.705894,45.87381,2021,697_948
ME,train,-68.705894,47.05035,2022,685_990
ME,train,-68.705315,46.59452,2022,689_974
ME,train,-68.70485,45.922947,2022,696_950
ME,train,-68.704285,45.911312,2021,697_949
ME,train,-68.70346,44.43595,2020,712_897
ME,train,-68.70268,45.09052,2022,705_920
ME,train,-68.70265,45.084785,2022,705_920
ME,train,-68.702225,45.603424,2022,700_938
ME,train,-68.70077,44.613346,2021,710_903
ME,train,-68.69858,45.297276,2020,703_928
ME,val,-68.69816,44.385834,2022,713_895
ME,train,-68.695854,44.351826,2021,713_894
ME,train,-68.695,45.255554,2020,704_926
ME,val,-68.69335,44.87072,2024,708_912
ME,train,-68.69261,44.80203,2022,709_910
ME,train,-68.692154,46.240406,2022,693_961
ME,train,-68.690895,46.203125,2022,694_960
ME,train,-68.689606,45.874714,2024,697_948
ME,train,-68.68839,47.114243,2022,684_992
ME,train,-68.68835,44.890007,2023,708_913
ME,train,-68.688286,44.593018,2024,711_903
ME,train,-68.68552,45.94141,2023,697_951
ME,train,-68.68533,44.882732,2024,708_913
ME,train,-68.68511,44.919632,2024,707_914
ME,val,-68.684265,44.621143,2020,711_904
ME,train,-68.68161,45.87058,2022,698_948
ME,train,-68.6814,44.938713,2022,707_915
ME,val,-68.68012,44.445484,2023,713_897
ME,train,-68.6779,44.587555,2022,711_902
ME,train,-68.67625,44.27753,2023,714_891
ME,train,-68.67497,44.3621,2024,714_894
ME,train,-68.67456,45.8627,2024,698_948
ME,train,-68.671684,45.8607,2021,698_948
ME,train,-68.671555,47.22373,2021,684_996
ME,train,-68.67069,44.928204,2021,708_915
ME,train,-68.6664,44.599743,2020,711_903
ME,val,-68.662964,44.412357,2022,713_896
ME,val,-68.6597,45.979527,2022,697_952
ME,val,-68.65944,44.61383,2024,711_904
ME,train,-68.658424,46.559444,2022,691_973
ME,train,-68.65759,44.335026,2023,714_894
ME,train,-68.65639,47.06918,2022,686_991
ME,train,-68.65625,44.562458,2020,712_902
ME,train,-68.65625,44.604126,2020,712_903
ME,train,-68.65625,47.104084,2023,685_992
ME,val,-68.655624,44.451054,2024,713_898
ME,val,-68.65537,44.493397,2021,713_899
ME,val,-68.65494,44.617935,2022,711_904
ME,train,-68.654274,46.813293,2022,688_982
ME,val,-68.65343,44.618282,2020,711_904
ME,val,-68.65304,44.613663,2021,711_904
ME,val,-68.652954,45.813843,2022,699_946
ME,train,-68.652466,44.894318,2021,709_914
ME,train,-68.64964,44.61698,2022,712_904
ME,val,-68.649315,44.447536,2021,713_898
ME,train,-68.648575,44.895,2023,709_914
ME,train,-68.64802,44.587894,2020,712_903
ME,train,-68.64784,45.731644,2022,700_943
ME,train,-68.64749,44.53347,2020,712_901
ME,val,-68.64702,44.62814,2020,711_904
ME,val,-68.646164,46.901688,2020,688_985
ME,train,-68.646095,44.61731,2020,712_904
ME,train,-68.644745,44.615932,2023,712_904
ME,train,-68.644585,44.62395,2023,712_904
ME,train,-68.6443,44.760357,2024,710_909
ME,train,-68.64422,44.6233,2024,712_904
ME,train,-68.64242,44.588966,2022,712_903
ME,train,-68.641914,44.620556,2020,712_904
ME,train,-68.641624,44.52615,2024,713_901
ME,train,-68.641525,44.601433,2020,712_903
ME,train,-68.64042,44.865685,2021,709_913
ME,train,-68.64,44.63177,2022,712_904
ME,train,-68.6399,44.61259,2022,712_904
ME,train,-68.63931,44.87432,2021,709_913
ME,train,-68.639175,44.87282,2023,709_913
ME,train,-68.63893,44.41021,2021,714_896
ME,train,-68.63815,44.28854,2022,715_892
ME,train,-68.63679,45.857677,2022,699_948
ME,train,-68.63659,45.169662,2024,706_923
ME,train,-68.63571,45.969288,2022,698_952
ME,train,-68.63539,44.873207,2023,709_913
ME,train,-68.63468,44.39822,2024,714_896
ME,train,-68.63467,44.529434,2024,713_901
ME,train,-68.63465,44.862762,2022,709_913
ME,train,-68.633026,44.510677,2021,713_900
ME,train,-68.63185,44.568275,2024,713_902
ME,train,-68.63095,44.590305,2023,712_903
ME,train,-68.63031,46.55639,2022,692_973
ME,train,-68.627716,44.61028,2023,712_904
ME,train,-68.62688,44.52385,2023,713_901
ME,train,-68.6261,44.6109,2020,712_904
ME,train,-68.62548,44.532463,2021,713_901
ME,train,-68.62489,46.838295,2020,689_983
ME,train,-68.624504,45.860477,2022,699_948
ME,val,-68.624435,44.283066,2024,716_892
ME,val,-68.6244,44.282375,2023,716_892
ME,val,-68.623985,44.283012,2023,716_892
ME,train,-68.62343,45.97271,2022,698_952
ME,train,-68.62028,46.539345,2024,692_972
ME,train,-68.619514,45.96827,2022,698_952
ME,train,-68.61951,44.72261,2020,711_908
ME,train,-68.616844,45.37464,2021,704_931
ME,train,-68.61429,45.864624,2022,699_948
ME,train,-68.61339,45.908997,2024,699_950
ME,train,-68.61301,44.308475,2021,716_893
ME,train,-68.61297,47.10494,2021,686_992
ME,train,-68.61295,44.423008,2021,715_897
ME,train,-68.61147,46.110058,2024,697_957
ME,train,-68.61022,46.73657,2022,690_979
ME,train,-68.61003,45.344856,2021,705_930
ME,train,-68.60889,45.33917,2021,705_930
ME,train,-68.60839,44.829575,2021,710_912
ME,train,-68.60743,44.81451,2020,711_911
ME,train,-68.60669,44.8165,2021,711_911
ME,train,-68.60469,45.602005,2022,702_939
ME,train,-68.604126,44.951134,2020,709_916
ME,train,-68.60299,45.828766,2022,700_947
ME,train,-68.60019,44.82563,2022,711_911
ME,train,-68.59999,44.824497,2021,711_911
ME,val,-68.59942,45.72586,2022,701_943
ME,train,-68.59876,44.834995,2021,711_912
ME,train,-68.59836,44.812363,2020,711_911
ME,train,-68.598015,44.426186,2024,715_897
ME,train,-68.59739,44.632317,2021,713_905
ME,train,-68.5971,45.901768,2024,699_950
ME,train,-68.59565,46.58305,2020,692_974
ME,val,-68.593864,46.017384,2022,698_954
ME,train,-68.59375,44.520794,2021,714_901
ME,train,-68.59375,45.979103,2022,699_953
ME,train,-68.59375,46.354095,2022,695_966
ME,train,-68.59352,47.233185,2020,685_997
ME,val,-68.59335,46.84535,2021,690_983
ME,train,-68.59272,44.818134,2020,711_911
ME,train,-68.59152,44.43468,2023,715_898
ME,train,-68.59139,44.713875,2020,712_908
ME,train,-68.590775,44.434177,2024,715_898
ME,train,-68.58984,45.736206,2022,701_944
ME,train,-68.589355,44.398563,2020,715_896
ME,train,-68.58916,45.609055,2022,703_939
ME,train,-68.58889,45.474167,2021,704_935
ME,train,-68.5881,46.35447,2022,695_966
ME,val,-68.58804,46.04152,2022,698_955
ME,train,-68.58712,44.429523,2020,715_897
ME,train,-68.586784,45.15514,2021,707_923
ME,train,-68.58553,44.43334,2023,715_898
ME,train,-68.58498,44.431442,2021,715_898
ME,train,-68.58411,44.39695,2020,716_896
ME,train,-68.58374,44.79266,2024,711_910
ME,val,-68.58243,46.016277,2021,698_954
ME,train,-68.5817,44.81524,2021,711_911
ME,train,-68.58151,45.235287,2020,707_926
ME,val,-68.58074,46.847637,2021,690_983
ME,val,-68.5807,46.044476,2022,698_955
ME,train,-68.57969,46.642406,2020,692_976
ME,train,-68.579666,46.39712,2022,695_967
ME,val,-68.57783,46.048065,2020,698_955
ME,train,-68.575584,45.77287,2020,701_945
ME,train,-68.57386,44.589878,2022,714_903
ME,train,-68.57099,44.26403,2024,717_892
ME,train,-68.57091,44.690388,2021,713_907
ME,train,-68.570496,46.01425,2024,699_954
ME,train,-68.56925,44.313545,2023,717_894
ME,train,-68.56652,46.10395,2022,698_957
ME,train,-68.566376,46.4415,2022,694_969
ME,train,-68.56519,44.75971,2024,712_909
ME,train,-68.565155,44.49826,2020,715_900
ME,val,-68.564445,46.12428,2021,698_958
ME,val,-68.56369,46.887188,2021,690_985
ME,val,-68.56266,46.08112,2021,698_956
ME,train,-68.5618,44.827076,2023,712_912
ME,train,-68.559746,44.44161,2022,716_898
ME,train,-68.5553,45.879578,2021,701_949
ME,train,-68.55461,44.632915,2021,714_905
ME,val,-68.553635,45.514027,2023,705_936
ME,train,-68.55185,44.247456,2022,718_891
ME,train,-68.55174,45.888184,2021,701_950
ME,val,-68.551704,46.111,2022,698_958
ME,train,-68.54954,45.021812,2020,710_919
ME,train,-68.549416,46.86372,2021,690_984
ME,train,-68.54911,44.77158,2020,712_910
ME,train,-68.54365,44.96198,2022,711_917
ME,train,-68.542564,44.77123,2024,713_910
ME,train,-68.54111,44.264145,2024,718_892
ME,train,-68.5383,44.240295,2022,718_891
ME,train,-68.53745,45.020267,2020,710_919
ME,train,-68.53673,44.970398,2024,711_917
ME,train,-68.536095,44.590576,2024,715_904
ME,train,-68.53519,44.29534,2023,718_893
ME,train,-68.534874,44.969933,2020,711_917
ME,val,-68.53125,45.06245,2020,710_920
ME,val,-68.53125,45.10412,2020,709_922
ME,val,-68.529625,46.83203,2021,691_983
ME,val,-68.529465,44.428707,2020,717_898
ME,train,-68.528694,44.975986,2020,711_917
ME,train,-68.52725,44.588066,2020,715_904
ME,val,-68.52225,44.978645,2020,711_918
ME,val,-68.52199,45.0001,2020,711_918
ME,train,-68.521675,44.631927,2020,715_905
ME,train,-68.52148,45.221428,2022,708_926
ME,val,-68.516014,44.500988,2021,716_901
ME,val,-68.51601,44.420654,2022,717_898
ME,train,-68.51574,46.82286,2021,692_983
ME,val,-68.513214,44.990555,2022,711_918
ME,val,-68.51113,45.001976,2022,711_918
ME,val,-68.50921,44.419052,2021,717_898
ME,train,-68.50637,46.72794,2021,693_980
ME,val,-68.505005,46.952633,2023,691_988
ME,train,-68.504654,47.255077,2021,687_998
ME,val,-68.50395,45.403957,2023,707_933
ME,train,-68.50364,47.255955,2022,687_998
ME,train,-68.50362,45.47352,2020,706_935
ME,train,-68.50285,44.61509,2020,715_905
ME,train,-68.50125,44.83796,2022,713_913
ME,train,-68.49729,44.500057,2024,717_901
ME,train,-68.49677,44.984406,2020,712_918
ME,train,-68.49393,44.469227,2022,717_900
ME,train,-68.49332,45.06008,2021,711_921
ME,train,-68.49242,44.468246,2020,717_900
ME,train,-68.49069,46.98501,2022,691_989
ME,train,-68.48819,44.498775,2024,717_901
ME,train,-68.48733,44.502094,2024,717_901
ME,train,-68.48586,46.001335,2022,701_954
ME,train,-68.48556,45.470554,2020,707_935
ME,train,-68.483635,45.56468,2022,706_939
ME,val,-68.48351,45.84402,2022,703_949
ME,train,-68.48344,46.632214,2022,694_976
ME,train,-68.48279,45.461205,2021,707_935
ME,train,-68.48272,44.538895,2023,717_902
ME,train,-68.48195,45.564827,2022,706_939
ME,train,-68.48116,44.807407,2021,714_912
ME,train,-68.480194,46.99373,2022,691_989
ME,train,-68.480125,44.47369,2022,717_900
ME,val,-68.47901,46.530857,2022,696_973
ME,train,-68.47889,44.841396,2021,713_913
ME,val,-68.47855,45.361744,2021,708_931
ME,train,-68.47827,46.108425,2021,700_958
ME,train,-68.477936,46.295773,2022,698_965
ME,val,-68.47727,45.3395,2020,708_931
ME,train,-68.475685,44.442066,2023,718_899
ME,train,-68.47495,44.45738,2024,718_899
ME,train,-68.47233,45.788986,2022,704_947
ME,train,-68.471855,45.454655,2021,707_935
ME,train,-68.47081,44.54585,2024,717_903
ME,train,-68.470406,45.633038,2022,705_941
ME,train,-68.46875,45.10412,2020,711_922
ME,train,-68.46811,46.06232,2022,701_956
ME,train,-68.46762,44.44944,2022,718_899
ME,train,-68.466965,45.23534,2022,710_927
ME,train,-68.46615,44.52673,2024,717_902
ME,train,-68.46576,44.97558,2021,712_918
ME,train,-68.46555,44.65361,2020,716_906
ME,train,-68.46466,45.967213,2022,702_953
ME,train,-68.46385,45.71387,2022,705_944
ME,train,-68.46344,45.722492,2022,705_944
ME,train,-68.46259,47.115513,2023,690_994
ME,val,-68.46254,47.106552,2022,690_993
ME,train,-68.46221,45.403835,2020,708_933
ME,train,-68.46132,45.723656,2022,705_944
ME,train,-68.4605,46.03946,2021,701_956
ME,train,-68.459816,46.038277,2021,701_956
ME,train,-68.45876,46.235435,2022,699_963
ME,train,-68.457695,45.23181,2022,710_927
ME,train,-68.45693,44.878475,2020,714_914
ME,train,-68.45668,44.83558,2021,714_913
ME,train,-68.45113,46.095127,2021,701_958
ME,train,-68.44865,45.260086,2023,710_928
ME,train,-68.44636,46.09499,2022,701_958
ME,train,-68.445915,45.747036,2022,705_945
ME,train,-68.44491,44.732327,2022,716_909
ME,train,-68.44204,45.61356,2022,706_941
ME,val,-68.4412,46.31171,2022,699_965
ME,train,-68.440765,44.716232,2020,716_909
ME,train,-68.43859,46.056503,2024,702_956
ME,train,-68.43842,44.841812,2020,715_913
ME,train,-68.43832,46.841125,2022,693_984
ME,val,-68.438225,44.67414,2022,716_907
ME,train,-68.437775,45.496944,2022,708_937
ME,train,-68.43553,46.059822,2020,702_957
ME,train,-68.43539,45.502647,2020,708_937
ME,train,-68.43397,45.503696,2020,708_937
ME,train,-68.43208,44.846733,2024,715_914
ME,train,-68.43177,46.093487,2021,701_958
ME,train,-68.42952,44.8469,2021,715_914
ME,train,-68.42882,46.78556,2022,694_982
ME,train,-68.42798,44.84683,2022,715_914
ME,train,-68.424706,46.061,2021,702_957
ME,train,-68.421455,44.313175,2024,721_895
ME,train,-68.41915,45.887383,2021,704_951
ME,train,-68.41909,44.48952,2021,719_901
ME,train,-68.41891,44.48978,2021,719_901
ME,train,-68.41844,44.840885,2021,715_913
ME,train,-68.41782,44.490078,2021,719_901
ME,train,-68.4176,44.159336,2020,722_889
ME,train,-68.41752,45.877285,2024,704_950
ME,train,-68.416664,46.58818,2023,697_975
ME,train,-68.41623,44.48984,2021,719_901
ME,train,-68.41574,44.156445,2020,722_889
ME,train,-68.414314,44.63561,2021,717_906
ME,val,-68.41269,44.971924,2021,714_918
ME,train,-68.409904,46.53478,2022,697_974
ME,train,-68.4092,45.3986,2024,709_933
ME,train,-68.40908,46.87924,2022,694_986
ME,train,-68.4087,44.28328,2024,721_894
ME,train,-68.408104,44.282986,2024,721_894
ME,train,-68.406296,46.604916,2023,697_976
ME,train,-68.404854,46.432278,2023,698_970
ME,train,-68.40372,44.94726,2022,714_917
ME,train,-68.402405,46.847843,2022,694_985
ME,train,-68.39777,44.81344,2020,716_913
ME,train,-68.393936,45.151314,2022,712_925
ME,train,-68.393005,44.942444,2020,715_917
ME,train,-68.392296,44.25262,2022,722_893
ME,train,-68.39193,44.252453,2021,722_893
ME,train,-68.39137,44.25232,2020,722_893
ME,val,-68.38822,46.83068,2020,695_984
ME,train,-68.388054,44.767963,2020,717_911
ME,train,-68.38765,44.253376,2021,722_893
ME,val,-68.38713,44.609608,2022,718_905
ME,train,-68.38627,44.247303,2023,722_893
ME,train,-68.38339,46.021774,2020,703_956
ME,train,-68.382774,44.313923,2021,722_895
ME,train,-68.38266,45.735077,2023,706_945
ME,train,-68.38148,44.61966,2022,718_906
ME,train,-68.37976,47.10763,2021,692_994
ME,train,-68.37428,46.420055,2021,699_970
ME,train,-68.37424,47.342857,2021,690_1002
ME,train,-68.37269,44.762978,2022,717_911
ME,train,-68.368004,45.019314,2020,714_920
ME,train,-68.36771,47.134205,2021,692_995
ME,train,-68.36724,44.604633,2022,719_905
ME,train,-68.36699,44.46271,2024,720_900
ME,train,-68.36663,47.11429,2022,692_994
ME,train,-68.36595,44.775738,2022,717_911
ME,train,-68.3653,46.85377,2021,695_985
ME,train,-68.36505,44.41519,2022,721_899
ME,train,-68.36491,44.847908,2020,716_914
ME,train,-68.36295,45.23109,2020,712_928
ME,train,-68.36265,45.04378,2023,714_921
ME,train,-68.362335,47.310143,2021,690_1001
ME,train,-68.36227,46.605076,2022,698_976
ME,train,-68.36185,44.416294,2023,721_899
ME,train,-68.36112,44.844208,2020,716_914
ME,train,-68.36046,44.33501,2023,722_896
ME,val,-68.35927,44.6586,2022,718_907
ME,train,-68.35835,45.48644,2021,710_937
ME,train,-68.35753,46.822777,2020,696_984
ME,train,-68.35702,44.83717,2020,717_914
ME,train,-68.3567,45.48829,2021,710_937
ME,train,-68.35629,46.368713,2023,700_968
ME,train,-68.35617,44.87895,2021,716_915
ME,train,-68.35609,47.12831,2022,692_995
ME,train,-68.35412,46.852512,2022,695_985
ME,train,-68.3536,44.564793,2021,720_904
ME,train,-68.35346,46.020927,2020,704_956
ME,train,-68.353134,46.23457,2022,702_963
ME,train,-68.35292,46.13853,2020,703_960
ME,train,-68.351746,47.331963,2021,690_1002
ME,train,-68.35107,44.604046,2022,719_905
ME,train,-68.35022,46.599705,2022,698_976
ME,train,-68.34869,45.22777,2020,713_928
ME,train,-68.34773,46.997654,2022,694_990
ME,train,-68.34708,47.330414,2021,690_1002
ME,train,-68.34494,47.331985,2023,690_1002
ME,train,-68.34468,47.332413,2021,690_1002
ME,train,-68.34461,44.357235,2023,722_897
ME,train,-68.34435,46.402645,2023,700_969
ME,train,-68.34375,44.687458,2020,719_909
ME,train,-68.34375,46.1041,2022,703_959
ME,train,-68.34375,47.145752,2021,692_996
ME,train,-68.34347,44.314636,2022,723_895
ME,train,-68.343285,44.319286,2023,722_895
ME,val,-68.342224,46.238575,2022,702_964
ME,val,-68.34209,44.706684,2023,718_909
ME,val,-68.34049,46.708405,2020,697_980
ME,train,-68.34048,44.92166,2023,716_917
ME,train,-68.33983,44.405434,2023,722_899
ME,train,-68.33879,44.859394,2020,717_915
ME,train,-68.338104,46.997433,2022,694_990
ME,train,-68.33742,46.678593,2020,698_979
ME,train,-68.33641,45.07327,2022,715_922
ME,train,-68.336174,44.35686,2023,722_897
ME,train,-68.335945,45.597267,2022,709_941
ME,train,-68.33553,46.724495,2022,697_981
ME,train,-68.33329,45.111504,2021,714_924
ME,train,-68.33228,47.32932,2022,691_1002
ME,train,-68.32929,47.345596,2023,691_1003
ME,train,-68.32796,45.12219,2024,714_924
ME,train,-68.32599,45.593678,2022,709_941
ME,train,-68.324875,44.321453,2024,723_896
ME,train,-68.32454,47.320343,2021,691_1002
ME,val,-68.32438,45.745358,2020,708_946
ME,train,-68.32391,45.593815,2022,709_941
ME,train,-68.32279,46.869026,2020,696_986
ME,train,-68.32177,47.312187,2020,691_1002
ME,val,-68.32116,45.73566,2020,708_946
ME,train,-68.32076,44.38047,2023,722_898
ME,train,-68.31987,44.233753,2023,724_893
ME,train,-68.319176,47.298347,2020,691_1001
ME,train,-68.31833,47.153484,2022,693_996
ME,train,-68.31766,44.987125,2023,716_919
ME,train,-68.317,44.381714,2022,722_898
ME,val,-68.31623,44.559162,2022,721_904
ME,train,-68.31594,44.440063,2024,722_900
ME,train,-68.31425,44.302372,2022,723_895
ME,train,-68.31384,44.422127,2021,722_899
ME,train,-68.31358,44.91443,2023,717_917
ME,train,-68.31277,44.915276,2023,717_917
ME,train,-68.31256,46.235,2022,703_964
ME,val,-68.3088,44.555145,2022,721_904
ME,train,-68.30871,44.23231,2020,724_893
ME,train,-68.30804,45.672894,2020,709_944
ME,train,-68.307365,44.243355,2020,724_893
ME,val,-68.30518,44.55267,2024,721_904
ME,train,-68.304665,44.37585,2022,723_898
ME,train,-68.30448,47.26903,2024,692_1000
ME,train,-68.304474,45.673912,2022,709_944
ME,train,-68.3025,44.2373,2021,724_893
ME,train,-68.3025,44.37278,2024,723_898
ME,train,-68.30175,44.862865,2021,718_915
ME,train,-68.29858,44.785324,2021,719_912
ME,train,-68.29823,45.42514,2020,712_935
ME,train,-68.29805,45.07514,2022,716_923
ME,train,-68.29717,45.658234,2024,709_943
ME,train,-68.29675,47.172894,2021,693_997
ME,train,-68.29668,44.38574,2024,723_898
ME,train,-68.29272,47.169853,2022,693_997
ME,train,-68.29086,44.922794,2023,717_917
ME,train,-68.28973,46.05281,2023,705_957
ME,val,-68.289635,47.16772,2022,694_997
ME,val,-68.28879,47.166523,2020,694_997
ME,train,-68.28761,44.33068,2022,724_896
ME,val,-68.28609,47.168526,2020,694_997
ME,train,-68.28526,44.337845,2022,724_897
ME,train,-68.28474,44.827236,2020,719_914
ME,train,-68.284256,44.377132,2024,723_898
ME,train,-68.283806,44.335144,2023,724_896
ME,train,-68.28135,44.333317,2020,724_896
ME,train,-68.280975,44.493767,2021,722_902
ME,val,-68.2793,44.9818,2021,717_919
ME,train,-68.27791,44.655293,2020,721_908
ME,train,-68.27658,44.30032,2021,724_895
ME,train,-68.27542,45.329784,2021,713_932
ME,train,-68.27501,44.303112,2020,724_895
ME,train,-68.273865,44.876118,2021,718_916
ME,train,-68.27333,44.3386,2023,724_897
ME,train,-68.27196,44.36884,2024,724_898
ME,train,-68.27177,44.348133,2024,724_897
ME,train,-68.27103,47.055458,2022,695_993
ME,train,-68.269936,45.40218,2021,713_934
ME,train,-68.26949,46.882645,2023,697_987
ME,train,-68.2688,44.434837,2020,723_900
ME,train,-68.26734,45.647938,2023,710_943
ME,train,-68.26662,44.33297,2024,724_896
ME,val,-68.26604,44.39203,2023,724_899
ME,train,-68.26467,45.62891,2022,710_943
ME,train,-68.26456,44.3404,2024,724_897
ME,train,-68.264244,45.15139,2022,716_926
ME,train,-68.26127,44.596947,2023,722_906
ME,train,-68.26009,44.326122,2021,725_896
ME,train,-68.254715,44.52759,2024,722_904
ME,train,-68.25439,44.386395,2022,724_898
ME,val,-68.254234,44.40412,2024,724_899
ME,train,-68.25402,44.34251,2020,724_897
ME,val,-68.25369,44.293762,2024,725_895
ME,val,-68.25297,44.410244,2020,724_899
ME,val,-68.25175,44.406517,2020,724_899
ME,train,-68.25119,44.376633,2022,724_898
ME,train,-68.24998,44.32424,2023,725_896
ME,train,-68.24936,46.91411,2021,697_988
ME,train,-68.24853,44.709736,2021,721_910
ME,train,-68.24829,44.999134,2021,718_920
ME,train,-68.24706,46.968346,2021,697_990
ME,val,-68.24647,44.399067,2024,724_899
ME,val,-68.24639,44.408474,2024,724_899
ME,val,-68.24565,46.357742,2021,703_969
ME,train,-68.24364,44.853825,2021,719_915
ME,train,-68.24306,44.908237,2020,719_917
ME,train,-68.24282,45.22057,2022,715_928
ME,train,-68.2428,45.00007,2021,718_920
ME,val,-68.24157,46.512623,2020,702_974
ME,val,-68.24083,44.295963,2024,725_895
ME,train,-68.24055,45.492744,2021,713_938
ME,train,-68.24043,44.87639,2021,719_916
ME,val,-68.24029,44.34552,2020,725_897
ME,train,-68.239494,45.08725,2022,717_924
ME,val,-68.2376,45.59005,2022,712_941
ME,train,-68.23676,44.865295,2020,719_916
ME,train,-68.23598,46.716576,2021,700_981
ME,train,-68.23582,45.08339,2021,717_923
ME,val,-68.23534,44.330868,2020,725_897
ME,val,-68.235306,44.329727,2020,725_897
ME,train,-68.23446,45.08136,2021,717_923
ME,train,-68.233574,45.742405,2022,710_947
ME,train,-68.23331,44.49007,2020,723_902
ME,train,-68.23261,45.716606,2020,710_946
ME,val,-68.232056,45.58893,2022,712_941
ME,train,-68.23191,44.307365,2023,725_896
ME,train,-68.23191,44.30969,2021,725_896
ME,train,-68.23173,44.968678,2022,718_919
ME,train,-68.23062,45.3973,2020,714_935
ME,train,-68.230316,45.595177,2022,712_942
ME,val,-68.2301,47.041008,2022,696_993
ME,val,-68.22988,44.34374,2024,725_897
ME,train,-68.22958,46.44235,2021,703_972
ME,train,-68.22948,46.90082,2020,698_988
ME,train,-68.22895,44.964653,2022,718_919
ME,train,-68.228676,44.377563,2024,725_898
ME,train,-68.2282,44.299644,2024,726_896
ME,train,-68.22682,44.96714,2022,719_919
ME,train,-68.226814,45.48348,2021,713_938
ME,train,-68.22675,45.41288,2020,714_935
ME,train,-68.22604,44.35348,2024,725_898
ME,train,-68.225746,45.385914,2020,714_934
ME,train,-68.22546,45.38621,2020,714_934
ME,val,-68.225204,47.11296,2022,696_995
ME,train,-68.224266,46.451878,2021,703_972
ME,train,-68.22415,45.122044,2020,717_925
ME,val,-68.22173,45.98608,2023,708_956
ME,train,-68.22131,44.711315,2020,721_910
ME,train,-68.22041,44.39541,2020,725_899
ME,train,-68.22038,46.61103,2021,701_978
ME,train,-68.219574,47.0676,2022,696_994
ME,train,-68.219475,44.97416,2022,719_920
ME,train,-68.21875,45.47911,2021,713_938
ME,val,-68.21875,46.1041,2022,707_960
ME,train,-68.21757,46.9639,2022,697_990
ME,train,-68.21702,46.96387,2022,697_990
ME,train,-68.21497,46.856045,2020,699_986
ME,train,-68.214966,44.354664,2023,725_898
ME,train,-68.212746,45.59745,2022,712_942
ME,train,-68.21268,44.99315,2022,719_920
ME,train,-68.212494,44.327457,2024,726_897
ME,train,-68.211205,44.36725,2020,725_898
ME,train,-68.21065,47.314922,2022,694_1003
ME,train,-68.20999,46.977753,2022,697_991
ME,train,-68.20983,45.749416,2022,711_947
ME,val,-68.20858,47.09592,2022,696_995
ME,train,-68.208496,46.60657,2021,701_978
ME,train,-68.20807,45.59723,2022,712_942
ME,train,-68.20797,44.36181,2023,725_898
ME,train,-68.207306,45.729107,2020,711_947
ME,train,-68.20701,44.36697,2022,725_898
ME,train,-68.20401,45.225918,2020,716_929
ME,train,-68.20294,45.733932,2020,711_947
ME,val,-68.20265,46.79086,2020,700_984
ME,train,-68.201775,45.540916,2022,713_940
ME,val,-68.20134,44.7938,2020,721_913
ME,train,-68.201004,45.736214,2020,711_947
ME,train,-68.20047,45.526703,2022,713_939
ME,val,-68.20024,44.35238,2021,726_898
ME,train,-68.19881,44.33636,2022,726_897
ME,val,-68.19815,46.89809,2020,699_988
ME,train,-68.194725,45.738277,2020,711_947
ME,val,-68.194534,46.898003,2021,699_988
ME,val,-68.194046,44.35082,2023,726_898
ME,val,-68.19396,46.902386,2020,699_988
ME,train,-68.193085,44.32827,2022,726_897
ME,train,-68.1919,47.026825,2020,697_993
ME,val,-68.189445,46.99606,2022,698_991
ME,train,-68.188934,46.87897,2021,699_987
ME,val,-68.1877,46.988194,2022,698_991
ME,train,-68.1868,44.971634,2020,719_920
ME,train,-68.18607,44.3319,2023,726_897
ME,val,-68.185486,44.34891,2020,726_898
ME,val,-68.18521,47.273083,2021,695_1001
ME,val,-68.18444,45.485832,2021,714_938
ME,train,-68.18292,44.341404,2021,726_897
ME,val,-68.18254,46.981697,2020,698_991
ME,train,-68.18125,44.61809,2023,723_907
ME,val,-68.18119,44.34786,2021,726_898
ME,val,-68.18118,46.988667,2022,698_991
ME,val,-68.18024,46.988644,2022,698_991
ME,train,-68.179886,46.589462,2020,702_977
ME,train,-68.178764,44.333878,2021,726_897
ME,val,-68.17807,45.483276,2021,714_938
ME,train,-68.17779,44.330532,2020,727_897
ME,val,-68.17693,45.59791,2022,713_942
ME,train,-68.17536,45.955547,2020,709_955
ME,train,-68.17419,44.328926,2024,727_897
ME,train,-68.17305,45.808647,2022,711_950
ME,train,-68.1723,46.56872,2020,703_977
ME,train,-68.17215,46.57416,2020,703_977
ME,train,-68.17188,47.04194,2024,698_993
ME,val,-68.16991,45.77723,2023,711_949
ME,train,-68.16861,45.614723,2021,713_943
ME,train,-68.16833,45.733715,2022,712_947
ME,val,-68.165855,44.47542,2024,725_902
ME,train,-68.1652,44.53164,2022,725_904
ME,val,-68.165146,45.593918,2022,713_942
ME,train,-68.1651,44.519688,2022,725_904
ME,val,-68.16508,46.667187,2020,702_980
ME,train,-68.164925,44.531235,2022,725_904
ME,train,-68.1632,44.52729,2024,725_904
ME,train,-68.162926,44.527077,2020,725_904
ME,train,-68.16219,46.517265,2023,704_975
ME,train,-68.1621,47.30667,2022,695_1003
ME,train,-68.15873,44.562565,2024,725_905
ME,train,-68.15779,46.587765,2020,703_977
ME,train,-68.15727,44.550034,2021,725_905
ME,train,-68.15701,44.55031,2022,725_905
ME,train,-68.15605,46.258343,2022,706_966
ME,train,-68.15558,44.54505,2024,725_905
ME,train,-68.150276,45.481388,2021,715_938
ME,train,-68.14826,44.850502,2022,722_916
ME,train,-68.147995,45.11366,2022,719_925
ME,train,-68.147446,44.63498,2021,724_908
ME,train,-68.144455,45.599827,2022,714_942
ME,train,-68.14328,47.041615,2022,698_993
ME,train,-68.14263,45.724915,2023,713_947
ME,train,-68.14201,46.880142,2024,700_988
ME,train,-68.14182,46.88502,2020,700_988
ME,train,-68.14112,47.17809,2020,697_998
ME,train,-68.14101,46.975826,2021,699_991
ME,train,-68.1408,47.04097,2022,698_993
ME,train,-68.14074,47.040623,2022,698_993
ME,train,-68.140594,46.878117,2024,700_988
ME,train,-68.13848,46.22988,2022,707_965
ME,train,-68.13819,45.31687,2021,717_932
ME,val,-68.13447,44.579494,2022,725_906
ME,train,-68.134384,45.704117,2022,713_946
ME,train,-68.130844,45.731663,2023,713_947
ME,val,-68.12889,44.573746,2021,725_906
ME,train,-68.128845,44.54877,2022,725_905
ME,train,-68.12852,44.54842,2023,725_905
ME,train,-68.12727,44.6139,2021,725_908
ME,train,-68.124245,46.173847,2020,708_963
ME,train,-68.1204,46.16437,2023,708_963
ME,train,-68.1194,46.939407,2022,700_990
ME,train,-68.11822,47.070717,2020,699_995
ME,val,-68.11166,46.99121,2022,700_992
ME,train,-68.11075,44.64329,2022,725_909
ME,train,-68.10927,44.548435,2020,726_905
ME,train,-68.10917,45.73,2021,713_947
ME,train,-68.10428,44.59817,2024,726_907
ME,train,-68.103775,46.939243,2022,700_990
ME,train,-68.10325,44.618412,2023,725_908
ME,val,-68.1025,47.03004,2020,700_993
ME,train,-68.10001,44.99754,2020,721_921
ME,train,-68.09973,44.97125,2020,722_920
ME,train,-68.099106,46.234238,2022,708_965
ME,train,-68.09883,44.906162,2020,722_918
ME,train,-68.097404,44.621048,2021,725_908
ME,val,-68.093735,44.882313,2020,723_917
ME,train,-68.09307,45.75982,2022,713_948
ME,train,-68.092865,45.16489,2021,720_927
ME,train,-68.091576,44.61584,2022,726_908
ME,train,-68.09126,44.63787,2020,725_909
ME,val,-68.09035,44.489716,2020,727_903
ME,train,-68.08875,44.62513,2022,726_908
ME,train,-68.08612,46.243294,2022,708_966
ME,val,-68.08495,44.47774,2020,727_903
ME,val,-68.082054,45.90266,2022,712_954
ME,val,-68.081276,44.475105,2020,727_903
ME,train,-68.079834,45.533928,2022,716_941
ME,val,-68.07861,46.87236,2020,702_988
ME,val,-68.07801,44.857517,2022,723_917
ME,train,-68.07421,44.616226,2022,726_908
ME,train,-68.07261,44.964306,2020,722_920
ME,train,-68.07243,46.783615,2022,703_985
ME,train,-68.07242,46.782825,2022,703_985
ME,val,-68.07093,46.866787,2020,702_988
ME,val,-68.06906,45.958805,2022,712_956
ME,train,-68.067726,44.382458,2023,729_900
ME,train,-68.06694,44.37991,2020,729_900
ME,train,-68.06601,46.839527,2024,702_987
ME,train,-68.06501,46.579155,2020,705_978
ME,val,-68.06466,44.505962,2021,728_904
ME,val,-68.06457,46.35392,2022,708_970
ME,val,-68.062035,46.87253,2023,702_988
ME,val,-68.06035,44.495117,2020,728_904
ME,val,-68.05949,44.494507,2021,728_904
ME,val,-68.059235,44.495384,2022,728_904
ME,val,-68.059006,44.4958,2020,728_904
ME,train,-68.05888,44.475063,2023,728_903
ME,val,-68.05824,44.3403,2024,729_898
ME,val,-68.058205,44.50341,2021,728_904
ME,train,-68.05737,45.18023,2021,720_928
ME,val,-68.05716,44.50261,2021,728_904
ME,val,-68.05639,44.50169,2022,728_904
ME,train,-68.05506,45.11594,2021,721_926
ME,train,-68.05482,46.9105,2020,702_989
ME,val,-68.0545,44.497246,2023,728_904
ME,train,-68.05295,44.350727,2023,730_899
ME,train,-68.05258,44.348763,2020,730_899
ME,train,-68.05103,44.346764,2022,730_899
ME,train,-68.05096,44.988503,2021,723_921
ME,train,-68.0506,44.346207,2023,730_899
ME,val,-68.048996,44.488865,2020,728_904
ME,val,-68.048836,44.488487,2021,728_904
ME,val,-68.04826,44.488327,2021,728_904
ME,train,-68.04742,44.339005,2023,730_898
ME,train,-68.04564,46.986492,2020,701_992
ME,val,-68.04276,45.94696,2022,713_955
ME,train,-68.0388,46.651882,2023,705_980
ME,train,-68.03642,46.424355,2021,708_972
ME,train,-68.03308,46.914864,2020,702_990
ME,val,-68.02858,45.941624,2022,713_955
ME,train,-68.02841,44.78604,2021,725_914
ME,val,-68.027115,46.430458,2022,708_973
ME,val,-68.023834,45.016407,2022,723_923
ME,train,-68.019905,45.944485,2022,713_956
ME,train,-68.01913,46.196617,2023,711_964
ME,val,-68.01465,44.48721,2020,729_904
ME,train,-68.01452,44.800236,2022,726_915
ME,val,-68.011375,47.066868,2020,701_995
ME,train,-68.00966,46.607704,2022,706_979
ME,train,-68.00955,44.994576,2021,724_922
ME,train,-68.0067,45.01049,2021,724_923
ME,train,-68.00641,45.247787,2022,721_931
ME,train,-68.006065,45.883106,2022,714_953
ME,train,-68.002754,46.671196,2021,706_981
ME,train,-68.002495,44.424244,2021,730_902
ME,train,-68.000885,47.0644,2020,702_995
ME,train,-67.99674,47.203243,2020,700_1000
ME,train,-67.9967,47.15041,2022,701_998
ME,train,-67.99655,46.974274,2022,703_992
ME,train,-67.99631,44.79539,2022,726_915
ME,train,-67.9957,46.071278,2022,712_960
ME,train,-67.99451,46.071106,2022,712_960
ME,train,-67.994415,44.992992,2021,724_922
ME,val,-67.993484,44.405724,2023,730_901
ME,train,-67.9881,45.715473,2022,716_948
ME,train,-67.98773,47.112724,2022,701_997
ME,train,-67.98629,46.536354,2022,708_977
ME,train,-67.98562,45.960716,2021,714_956
ME,train,-67.985146,44.976246,2021,724_921
ME,train,-67.98499,45.063133,2021,724_925
ME,train,-67.98424,45.71733,2022,717_948
ME,train,-67.98352,45.711357,2022,717_948
ME,train,-67.98334,46.18831,2021,711_964
ME,val,-67.98255,44.492104,2022,730_904
ME,val,-67.98216,46.186954,2023,712_964
ME,train,-67.98182,46.494213,2021,708_975
ME,train,-67.98176,44.605442,2024,729_908
ME,train,-67.981636,45.72883,2022,716_948
ME,train,-67.98088,46.189262,2020,712_965
ME,train,-67.979645,46.189987,2020,712_965
ME,train,-67.978905,45.478046,2022,719_939
ME,train,-67.977905,44.97235,2021,725_921
ME,train,-67.97664,44.577995,2021,729_907
ME,train,-67.97602,47.066925,2020,702_996
ME,train,-67.975464,45.857227,2023,715_953
ME,train,-67.9753,45.062534,2022,724_925
ME,train,-67.97478,44.790928,2022,727_915
ME,train,-67.97475,45.352177,2020,721_935
ME,train,-67.973564,44.763195,2022,727_914
ME,train,-67.9725,44.813442,2022,727_916
ME,train,-67.970894,45.06127,2021,724_925
ME,train,-67.97028,45.343475,2022,721_935
ME,train,-67.96875,44.562458,2021,729_907
ME,val,-67.96875,45.229115,2022,722_931
ME,train,-67.968666,46.800182,2022,705_986
ME,train,-67.968056,46.93763,2021,704_991
ME,train,-67.96741,45.055557,2021,724_924
ME,train,-67.96669,44.850517,2020,726_917
ME,train,-67.96634,45.26054,2021,722_932
ME,train,-67.963745,46.36551,2021,710_971
ME,train,-67.96356,45.135487,2022,723_927
ME,train,-67.96301,44.604122,2020,729_908
ME,train,-67.962135,45.04578,2021,724_924
ME,train,-67.96164,46.09834,2021,713_961
ME,train,-67.96148,45.129997,2021,723_927
ME,train,-67.96121,44.79008,2022,727_915
ME,train,-67.960526,47.0671,2020,703_996
ME,train,-67.960464,45.363194,2020,721_935
ME,val,-67.96028,45.029057,2021,725_924
ME,train,-67.94783,44.95053,2021,726_921
ME,val,-67.94559,45.485092,2022,720_940
ME,train,-67.945465,46.479366,2021,709_975
ME,val,-67.943115,46.399296,2022,710_972
ME,train,-67.94308,46.72231,2022,707_984
ME,train,-67.942696,45.13463,2020,724_927
ME,train,-67.939926,46.850357,2024,705_988
ME,val,-67.934395,46.397697,2022,710_972
ME,train,-67.93383,45.180458,2021,724_929
ME,train,-67.93209,46.440903,2020,710_974
ME,train,-67.92881,46.72927,2023,707_984
ME,train,-67.92871,46.39252,2022,711_972
ME,train,-67.92392,46.92588,2024,705_991
ME,train,-67.923256,46.74029,2021,707_984
ME,train,-67.91849,46.92573,2022,705_991
ME,train,-67.91702,46.00275,2021,715_958
ME,train,-67.91219,47.04236,2020,704_995
ME,val,-67.908035,46.913715,2020,706_991
ME,train,-67.906166,45.972786,2022,716_957
ME,val,-67.9061,44.412632,2020,733_902
ME,train,-67.90418,46.017384,2021,715_959
ME,val,-67.90359,44.409786,2020,733_902
ME,val,-67.9026,44.833275,2021,728_917
ME,train,-67.90201,47.017,2020,705_994
ME,val,-67.900826,45.40191,2022,722_937
ME,train,-67.90078,46.96496,2024,705_993
ME,val,-67.89932,44.395016,2024,733_902
ME,train,-67.89917,45.97267,2022,716_957
ME,train,-67.898155,47.01064,2020,705_994
ME,val,-67.89756,44.627518,2021,730_910
ME,train,-67.89739,46.88188,2022,706_990
ME,val,-67.89633,47.0487,2020,704_996
ME,train,-67.895935,44.759026,2021,729_914
ME,train,-67.89282,44.431725,2022,733_903
ME,train,-67.88832,44.455666,2024,733_904
ME,train,-67.88727,45.973133,2021,716_958
ME,train,-67.88627,46.70167,2021,708_983
ME,train,-67.88579,46.879337,2021,706_990
ME,train,-67.88397,46.304913,2022,713_969
ME,train,-67.88326,46.300865,2022,713_969
ME,train,-67.88252,46.34897,2021,712_971
ME,train,-67.88024,44.45494,2021,733_904
ME,train,-67.87741,46.29726,2022,713_969
ME,train,-67.87604,46.959393,2023,706_993
ME,train,-67.872406,46.950806,2023,706_992
ME,train,-67.871254,45.048637,2024,727_925
ME,train,-67.870865,46.960693,2023,706_993
ME,train,-67.87002,46.934296,2023,706_992
ME,train,-67.86985,44.95994,2022,728_922
ME,val,-67.869675,46.000084,2020,716_959
ME,train,-67.86895,47.043182,2022,705_996
ME,train,-67.86787,46.93477,2020,706_992
ME,train,-67.867065,45.78802,2023,719_951
ME,train,-67.86696,45.00049,2021,727_923
ME,train,-67.86693,46.03161,2021,716_960
ME,train,-67.86609,45.129864,2022,726_928
ME,train,-67.86601,46.819637,2021,708_988
ME,train,-67.86586,44.55475,2023,732_907
ME,train,-67.86497,46.944946,2023,706_992
ME,train,-67.86416,46.364243,2021,713_972
ME,train,-67.86329,45.089516,2020,726_926
ME,train,-67.86024,46.95018,2020,706_992
ME,train,-67.86018,47.050667,2022,705_996
ME,train,-67.8587,46.36213,2021,713_972
ME,train,-67.856865,45.36611,2020,723_936
ME,train,-67.85371,45.841534,2020,718_953
ME,train,-67.85202,44.881866,2021,729_919
ME,train,-67.85028,45.859837,2021,718_954
ME,train,-67.84788,45.367123,2020,724_936
ME,train,-67.84761,45.216682,2020,725_931
ME,train,-67.84731,44.696358,2020,731_913
ME,train,-67.84684,45.213745,2020,725_931
ME,val,-67.84603,45.97956,2021,717_958
ME,val,-67.84478,45.58891,2022,721_944
ME,train,-67.844574,46.49121,2021,712_976
ME,train,-67.84375,44.895786,2020,729_920
ME,val,-67.843414,45.590347,2022,721_944
ME,train,-67.84315,44.846992,2022,729_918
ME,train,-67.841385,45.22046,2020,725_931
ME,train,-67.8361,45.59812,2021,721_945
ME,train,-67.82968,46.729984,2021,709_985
ME,train,-67.82673,46.823418,2020,708_988
ME,train,-67.826454,46.82075,2024,709_988
ME,train,-67.82444,46.82279,2021,709_988
ME,train,-67.81975,46.82165,2021,709_988
ME,train,-67.81713,44.88308,2020,730_919
ME,train,-67.81675,45.466198,2020,723_940
ME,train,-67.81621,45.581196,2022,722_944
ME,train,-67.81573,45.66223,2021,721_947
ME,train,-67.81193,46.906204,2022,708_991
ME,train,-67.805626,45.60266,2022,722_945
ME,train,-67.80555,45.59285,2020,722_945
ME,train,-67.800316,45.987827,2022,718_959
ME,train,-67.797714,45.466846,2020,724_940
ME,train,-67.79532,46.530754,2024,712_978
ME,train,-67.79311,45.416985,2020,725_939
ME,train,-67.77814,45.401707,2020,725_938
ME,train,-67.77396,45.477356,2022,724_941
ME,train,-67.773674,45.401268,2020,725_938
ME,train,-67.77131,45.47568,2020,724_941
ME,train,-67.76623,45.19683,2021,728_931
ME,train,-67.76139,45.26962,2023,727_934
ME,train,-67.75875,45.66068,2023,723_947
ME,train,-67.75331,45.47935,2020,725_941
ME,train,-67.75255,45.167274,2023,728_930
ME,val,-67.75016,45.5462,2022,724_943
ME,train,-67.746635,45.472286,2020,725_941
ME,train,-67.74627,45.457806,2020,725_940
ME,train,-67.74604,44.53837,2022,735_908
ME,train,-67.74109,45.4795,2020,725_941
ME,val,-67.74104,44.77392,2022,733_916
ME,train,-67.740364,45.484913,2020,725_941
ME,train,-67.733406,44.536633,2022,736_908
ME,train,-67.73267,45.64984,2023,724_947
ME,train,-67.73097,45.360928,2022,727_937
ME,train,-67.72736,44.542522,2022,736_908
ME,val,-67.72394,45.38903,2020,727_938
ME,train,-67.72169,45.42486,2020,726_939
ME,train,-67.72091,45.43529,2021,726_940
ME,train,-67.71875,44.64579,2020,735_912
ME,train,-67.71875,44.687458,2020,734_913
ME,val,-67.71875,44.729122,2021,734_915
ME,val,-67.71875,44.77079,2021,733_916
ME,train,-67.71875,44.854122,2021,732_919
ME,train,-67.71287,45.43734,2021,726_940
ME,train,-67.709816,45.33755,2022,727_936
ME,train,-67.70934,44.50037,2022,737_907
ME,train,-67.70622,45.095226,2021,730_928
ME,train,-67.70337,45.478,2020,726_941
ME,val,-67.70273,45.11812,2021,730_929
ME,val,-67.698944,45.438244,2020,727_940
ME,train,-67.69602,44.51882,2023,737_907
ME,train,-67.68581,45.099754,2021,731_928
ME,train,-67.684265,44.808434,2022,734_918
ME,val,-67.68329,45.46066,2020,727_941
ME,train,-67.680466,45.226746,2021,729_933
ME,train,-67.679596,45.018337,2022,732_925
ME,train,-67.678925,45.236717,2020,729_933
ME,val,-67.67775,45.446568,2021,727_941
ME,val,-67.67209,45.448456,2020,727_941
ME,train,-67.67168,45.21847,2020,730_932
ME,train,-67.65625,44.687458,2021,736_914
ME,train,-67.654945,44.566223,2023,737_909
ME,train,-67.64558,45.460148,2020,728_941
ME,train,-67.64122,44.85927,2023,734_920
ME,val,-67.640305,45.51431,2020,727_943
ME,val,-67.62709,44.866795,2022,735_920
ME,train,-67.62269,45.206852,2022,731_932
ME,train,-67.61931,45.34505,2022,730_937
ME,train,-67.61857,44.870148,2022,735_921
ME,train,-67.61402,45.342484,2022,730_937
ME,train,-67.611305,45.483494,2020,728_942
ME,train,-67.609695,45.477394,2020,728_942
ME,train,-67.60914,45.3364,2022,730_937
ME,train,-67.601814,45.489307,2020,729_943
ME,train,-67.60111,44.623657,2021,738_912
ME,train,-67.59888,45.445908,2020,729_941
ME,train,-67.59531,45.494617,2020,729_943
ME,train,-67.59524,45.35866,2022,730_938
ME,train,-67.59467,44.481083,2023,740_907
ME,train,-67.59375,44.729122,2021,737_916
ME,train,-67.59375,44.854122,2020,736_920
ME,train,-67.59375,45.10412,2022,733_929
ME,train,-67.59375,45.145782,2020,732_931
ME,train,-67.59106,45.354206,2023,730_938
ME,train,-67.59097,44.556843,2022,739_910
ME,train,-67.58943,45.456013,2020,729_942
ME,train,-67.58221,45.498775,2020,729_943
ME,train,-67.57991,45.007214,2022,734_926
ME,train,-67.576,45.097843,2021,733_929
ME,train,-67.55538,44.845192,2024,737_920
ME,train,-67.53321,44.621674,2023,740_912
ME,train,-67.53125,44.687458,2021,739_915
ME,train,-67.5283,44.6558,2023,739_914
ME,train,-67.52609,45.191494,2020,734_933
ME,train,-67.52601,44.700314,2021,739_915
ME,train,-67.52467,44.724342,2022,739_916
ME,train,-67.51692,44.720215,2023,739_916
ME,train,-67.51531,44.72036,2020,739_916
ME,train,-67.51156,44.65113,2021,740_914
ME,train,-67.50504,44.64053,2023,740_913
ME,train,-67.50248,44.71752,2023,739_916
ME,train,-67.49739,45.33204,2022,733_938
ME,train,-67.49094,44.715057,2020,740_916
ME,train,-67.48808,45.547035,2022,731_946
ME,train,-67.487404,44.617817,2021,741_913
ME,train,-67.48212,44.717102,2020,740_916
ME,train,-67.48097,44.61302,2022,741_913
ME,train,-67.47243,44.848686,2021,739_921
ME,train,-67.46875,45.229115,2022,735_934
ME,train,-67.45293,44.94478,2024,738_924
ME,val,-67.44524,44.836163,2020,740_921
ME,train,-67.430756,44.612907,2024,742_913
ME,train,-67.42433,45.17758,2021,736_933
ME,train,-67.42432,45.55289,2020,732_946
ME,train,-67.40625,45.145782,2023,737_932
ME,train,-67.39829,44.93006,2020,740_924
ME,train,-67.393684,45.1024,2024,738_931
ME,train,-67.38719,44.76944,2022,742_919
ME,train,-67.37497,45.142174,2021,738_932
ME,train,-67.36829,44.862495,2021,741_922
ME,train,-67.366806,45.048553,2020,739_929
ME,train,-67.34033,44.721443,2021,743_917
ME,train,-67.33446,45.081738,2021,740_930
ME,train,-67.32251,45.05401,2020,740_929
ME,train,-67.32172,44.66224,2024,745_915
ME,train,-67.31807,45.102806,2024,740_931
ME,train,-67.31685,44.75198,2022,744_919
ME,train,-67.296974,44.682735,2022,745_916
ME,train,-67.29048,45.13557,2023,740_933
ME,train,-67.289764,45.110954,2022,740_932
ME,train,-67.28928,45.13567,2022,740_933
ME,train,-67.288345,45.060265,2021,741_930
ME,train,-67.28682,45.135834,2022,740_933
ME,train,-67.285934,45.098763,2024,741_931
ME,train,-67.28516,45.145294,2024,740_933
ME,train,-67.28284,45.055103,2022,741_930
ME,train,-67.280174,45.137733,2024,740_933
ME,train,-67.27836,44.88378,2021,743_924
ME,train,-67.27784,45.15436,2021,740_933
ME,train,-67.27574,45.07971,2024,741_931
ME,train,-67.274185,45.028683,2024,742_929
ME,train,-67.27345,45.060886,2024,741_930
ME,val,-67.27206,44.863823,2021,744_923
ME,train,-67.27025,44.836422,2022,744_922
ME,val,-67.27009,44.85136,2021,744_923
ME,train,-67.26844,45.078953,2021,741_931
ME,train,-67.2652,44.77491,2022,745_920
ME,train,-67.26448,44.84597,2021,744_922
ME,train,-67.26435,44.82824,2022,744_922
ME,train,-67.263054,44.771374,2022,745_920
ME,train,-67.25757,45.120186,2024,741_932
ME,train,-67.25464,44.80553,2022,745_921
ME,train,-67.25418,45.130554,2021,741_933
ME,train,-67.24793,44.91384,2020,744_925
ME,train,-67.24319,44.775185,2022,745_920
ME,val,-67.22943,44.722126,2022,746_918
ME,val,-67.22871,44.723824,2021,746_918
ME,train,-67.2252,44.982903,2022,743_928
ME,train,-67.22037,44.83839,2022,745_923
ME,train,-67.21554,44.71099,2021,747_918
ME,val,-67.21491,44.773968,2023,746_920
ME,train,-67.207184,44.84911,2022,745_923
ME,val,-67.20677,44.967495,2020,744_927
ME,val,-67.20234,44.84866,2021,746_923
ME,train,-67.199234,44.65669,2021,748_916
ME,val,-67.19594,44.844448,2024,746_923
ME,val,-67.19503,44.843803,2023,746_923
ME,train,-67.1937,45.10075,2022,743_932
ME,val,-67.19351,44.836708,2023,746_923
ME,val,-67.19324,44.849968,2024,746_923
ME,val,-67.19256,44.837948,2024,746_923
ME,val,-67.192505,44.674603,2024,748_917
ME,train,-67.19207,44.644913,2021,748_916
ME,val,-67.19122,44.841507,2023,746_923
ME,train,-67.18806,44.825237,2022,746_922
ME,val,-67.18732,44.852203,2024,746_923
ME,train,-67.18552,44.790607,2020,747_921
ME,train,-67.18515,44.87675,2022,746_924
ME,val,-67.1802,44.842476,2023,746_923
ME,val,-67.17996,44.84169,2024,746_923
ME,train,-67.17517,44.856476,2024,746_924
ME,train,-67.17402,44.857365,2020,746_924
ME,train,-67.173325,45.15289,2024,743_934
ME,train,-67.17329,44.965565,2020,745_927
ME,train,-67.17257,44.859993,2022,746_924
ME,val,-67.17097,44.844982,2021,746_923
ME,train,-67.16855,44.77111,2020,747_921
ME,train,-67.16781,44.77275,2021,747_921
ME,train,-67.16724,44.967346,2020,745_928
ME,train,-67.16622,44.77104,2023,747_921
ME,train,-67.1659,44.912853,2024,746_926
ME,train,-67.164,44.87186,2024,746_924
ME,train,-67.1579,44.698475,2024,748_918
ME,val,-67.156784,44.677597,2020,749_917
ME,val,-67.15576,44.863327,2023,747_924
ME,train,-67.15539,44.94129,2024,746_927
ME,train,-67.1532,44.8072,2022,747_922
ME,train,-67.15263,44.703556,2023,748_918
ME,train,-67.15202,44.73671,2021,748_919
ME,train,-67.150345,44.841858,2024,747_923
ME,val,-67.14878,44.853695,2022,747_924
ME,train,-67.13931,44.936813,2023,746_927
ME,train,-67.13913,44.727917,2021,748_919
ME,val,-67.135895,44.71677,2024,749_919
ME,train,-67.13532,44.884235,2020,747_925
ME,train,-67.1345,44.846497,2020,747_923
ME,train,-67.13378,44.834717,2022,747_923
ME,train,-67.132034,44.83468,2024,747_923
ME,train,-67.1297,44.88301,2020,747_925
ME,train,-67.127945,44.925007,2024,747_926
ME,train,-67.12732,44.82734,2020,748_923
ME,train,-67.126785,44.82584,2022,748_923
ME,train,-67.12648,44.93965,2020,746_927
ME,val,-67.12567,44.71376,2024,749_919
ME,train,-67.1176,44.82508,2021,748_923
ME,train,-67.11052,44.73045,2020,749_920
ME,train,-67.10684,44.870766,2024,748_925
ME,val,-67.106636,44.71934,2020,749_919
ME,train,-67.10092,44.83054,2024,748_923
ME,train,-67.10038,44.73159,2023,749_920
ME,train,-67.09833,44.83174,2023,748_923
ME,train,-67.09458,44.8779,2022,748_925
ME,train,-67.09308,44.85036,2022,748_924
ME,val,-67.09096,44.75342,2021,749_921
ME,train,-67.09026,44.80401,2021,749_922
ME,train,-67.08303,44.865475,2024,748_925
ME,val,-67.0814,44.91747,2023,748_926
ME,train,-67.07164,44.772934,2023,750_921
ME,val,-67.06879,44.86885,2022,749_925
ME,val,-67.06673,44.85779,2024,749_924
ME,val,-67.06141,44.90405,2021,748_926
ME,train,-67.05656,44.7981,2020,750_922
ME,train,-67.05643,44.964676,2022,748_928
ME,train,-67.0537,44.97304,2023,748_929
ME,train,-67.05178,44.89834,2024,749_926
ME,train,-67.0504,44.899353,2022,749_926
ME,train,-67.05023,44.900276,2021,749_926
ME,train,-67.04911,44.835255,2024,750_924
ME,train,-67.04844,44.833508,2022,750_924
ME,train,-67.04822,44.90197,2024,749_926
ME,train,-67.044716,44.830624,2023,750_924
ME,train,-67.0312,44.77536,2024,751_922
ME,train,-67.02479,44.86128,2020,750_925
ME,train,-67.021324,44.885403,2024,750_926
ME,train,-67.017265,44.86579,2021,750_925
ME,train,-67.01277,44.905403,2024,750_927
ME,train,-67.01272,44.78893,2024,751_922
ME,train,-66.98164,44.807377,2024,752_923
ME,train,-66.97913,44.810524,2024,752_923
ME,train,-66.96619,44.81713,2022,752_924
ME,train,-66.96098,44.811584,2022,752_924
ME,train,-66.952576,44.813908,2024,752_924
ME,train,-66.95233,44.816116,2020,752_924
NH,val,-72.52591,42.859177,2022,629_813
NH,val,-72.51871,42.86309,2024,629_813
NH,train,-72.50221,42.774048,2024,630_810
NH,train,-72.48264,42.929234,2024,629_816
NH,train,-72.47027,42.96955,2024,629_818
NH,train,-72.44736,42.998608,2021,630_819
NH,train,-72.44689,43.04954,2024,629_821
NH,train,-72.43164,42.946842,2021,631_817
NH,train,-72.423164,43.07424,2023,630_822
NH,train,-72.41567,43.00003,2021,630_819
NH,val,-72.40735,43.162838,2024,629_825
NH,train,-72.387505,43.44662,2024,627_835
NH,train,-72.38369,43.161236,2023,630_825
NH,train,-72.36845,43.36001,2024,628_832
NH,train,-72.36823,42.885323,2021,633_815
NH,train,-72.36429,43.42078,2024,628_835
NH,train,-72.362656,43.083435,2022,631_822
NH,train,-72.36043,43.304436,2020,629_830
NH,val,-72.35793,43.505363,2024,627_838
NH,train,-72.35305,43.483345,2022,628_837
NH,train,-72.34704,43.441395,2024,628_835
NH,train,-72.33792,43.50507,2023,628_838
NH,train,-72.32948,43.032047,2021,632_821
NH,train,-72.32327,43.114716,2022,632_824
NH,train,-72.31915,43.02022,2021,633_820
NH,train,-72.31264,43.263226,2022,631_829
NH,train,-72.31155,43.26752,2023,631_829
NH,train,-72.30921,43.40216,2024,630_834
NH,train,-72.30383,43.39684,2022,630_834
NH,train,-72.298195,42.98609,2020,634_819
NH,train,-72.27976,43.709496,2024,627_846
NH,train,-72.27603,43.55166,2020,629_840
NH,train,-72.271675,43.062904,2022,634_822
NH,train,-72.26513,42.7884,2021,636_812
NH,train,-72.25644,42.97559,2021,635_819
NH,train,-72.25225,43.32605,2024,632_832
NH,train,-72.25094,43.322945,2024,632_832
NH,train,-72.25082,43.324795,2024,632_832
NH,train,-72.24157,42.91635,2023,636_817
NH,train,-72.24129,43.143177,2020,634_825
NH,val,-72.2394,43.71684,2024,628_846
NH,train,-72.23695,43.740467,2023,628_847
NH,train,-72.23113,43.558247,2023,630_840
NH,train,-72.229164,43.140663,2020,634_825
NH,train,-72.22379,43.139534,2021,634_825
NH,train,-72.21356,43.657627,2020,630_844
NH,train,-72.21233,43.703224,2021,629_846
NH,train,-72.21161,43.34744,2024,633_833
NH,train,-72.21102,43.274117,2024,633_830
NH,train,-72.209694,43.76563,2023,629_848
NH,train,-72.19934,43.71711,2022,630_846
NH,train,-72.199196,42.933685,2022,637_818
NH,train,-72.19254,42.783043,2024,638_813
NH,train,-72.19121,42.93575,2023,637_818
NH,train,-72.186066,43.019226,2022,636_821
NH,train,-72.18282,43.679504,2020,630_845
NH,train,-72.18269,43.77734,2022,629_849
NH,train,-72.18151,43.785957,2021,629_849
NH,train,-72.1803,43.861084,2021,629_852
NH,train,-72.17521,43.195946,2024,635_828
NH,train,-72.17454,43.81904,2020,629_850
NH,train,-72.17075,42.875633,2021,638_816
NH,train,-72.16831,43.81768,2020,629_850
NH,train,-72.16581,43.824833,2021,629_850
NH,train,-72.16433,43.70328,2024,631_846
NH,train,-72.16384,43.703278,2024,631_846
NH,train,-72.16379,43.533752,2024,632_840
NH,train,-72.16321,43.766327,2021,630_848
NH,train,-72.1625,42.917824,2021,638_818
NH,train,-72.161835,43.821724,2020,630_850
NH,train,-72.15988,43.82121,2020,630_850
NH,val,-72.159256,42.82068,2024,639_814
NH,train,-72.158394,43.82079,2021,630_850
NH,train,-72.15815,43.817158,2023,630_850
NH,train,-72.157616,43.819675,2021,630_850
NH,val,-72.15728,42.820663,2024,639_814
NH,train,-72.15711,43.819496,2022,630_850
NH,train,-72.15697,43.81855,2023,630_850
NH,train,-72.15686,43.820435,2020,630_850
NH,train,-72.15653,43.81874,2024,630_850
NH,train,-72.1564,43.81907,2024,630_850
NH,train,-72.15614,43.817745,2022,630_850
NH,train,-72.156105,43.81929,2020,630_850
NH,train,-72.15488,43.81658,2021,630_850
NH,train,-72.15168,43.88878,2024,629_853
NH,train,-72.151184,43.189323,2021,636_828
NH,val,-72.14938,43.10905,2020,636_825
NH,val,-72.14811,43.091988,2020,637_824
NH,train,-72.1458,43.195446,2023,636_828
NH,val,-72.145744,43.09062,2020,637_824
NH,val,-72.14408,43.11508,2020,637_825
NH,train,-72.14104,42.824104,2021,639_815
NH,train,-72.13857,42.82349,2024,639_815
NH,train,-72.13698,43.20066,2023,636_828
NH,train,-72.135544,43.898247,2021,629_853
NH,val,-72.13518,43.094074,2024,637_824
NH,val,-72.135155,43.10241,2020,637_825
NH,train,-72.131325,43.395782,2020,634_835
NH,train,-72.12549,43.793835,2022,631_850
NH,train,-72.12098,43.260323,2022,636_830
NH,val,-72.118576,42.88529,2023,639_817
NH,val,-72.11827,43.82865,2021,631_851
NH,train,-72.117676,43.8903,2024,630_853
NH,train,-72.11687,43.72051,2021,632_847
NH,train,-72.11655,43.72068,2021,632_847
NH,val,-72.11602,43.111717,2020,637_825
NH,val,-72.11544,43.1121,2021,637_825
NH,val,-72.11512,43.395172,2022,635_835
NH,val,-72.11308,43.39242,2024,635_835
NH,train,-72.1112,43.031868,2024,638_822
NH,train,-72.11063,43.770237,2020,631_849
NH,train,-72.11059,43.788986,2020,631_850
NH,train,-72.10991,43.735798,2020,632_848
NH,train,-72.10873,43.029594,2024,638_822
NH,train,-72.1074,43.028725,2022,638_822
NH,train,-72.10587,42.913246,2022,639_818
NH,val,-72.10544,43.380093,2021,635_835
NH,val,-72.10311,43.82368,2020,631_851
NH,train,-72.10057,43.786522,2023,631_850
NH,val,-72.100266,43.871895,2024,631_853
NH,train,-72.09958,43.73578,2023,632_848
NH,train,-72.09761,42.84614,2023,640_816
NH,train,-72.09338,43.002293,2022,639_821
NH,train,-72.092735,43.100185,2023,638_825
NH,train,-72.0916,43.794888,2020,632_850
NH,train,-72.091286,42.861893,2024,640_816
NH,train,-72.090965,43.27529,2024,636_831
NH,val,-72.08945,43.893684,2022,631_853
NH,train,-72.089066,42.877224,2021,640_817
NH,train,-72.08854,43.00157,2022,639_821
NH,train,-72.08829,43.74559,2022,632_848
NH,train,-72.087585,43.480354,2023,635_839
NH,val,-72.08524,43.181206,2024,637_828
NH,train,-72.07922,43.524918,2020,634_840
NH,train,-72.07675,43.07649,2020,639_824
NH,train,-72.07644,43.68652,2022,633_846
NH,train,-72.07605,43.68415,2023,633_846
NH,train,-72.075745,43.526443,2022,634_840
NH,train,-72.07541,43.722466,2022,633_847
NH,val,-72.07356,43.47117,2024,635_838
NH,train,-72.071365,43.797787,2023,632_850
NH,train,-72.07134,44.044228,2021,630_859
NH,train,-72.07121,43.797367,2020,632_850
NH,train,-72.07022,43.798492,2024,632_850
NH,train,-72.06483,43.043167,2022,639_823
NH,train,-72.06393,43.316605,2022,637_833
NH,train,-72.06373,43.862675,2022,632_853
NH,train,-72.0621,43.6619,2024,634_845
NH,train,-72.061386,42.936962,2022,640_819
NH,train,-72.06118,43.812626,2021,632_851
NH,val,-72.06094,43.204144,2024,638_829
NH,train,-72.05773,43.102936,2020,639_825
NH,train,-72.05609,43.77813,2022,633_850
NH,train,-72.05375,43.4514,2020,636_838
NH,train,-72.05191,42.722374,2021,643_812
NH,train,-72.04907,43.899097,2020,632_854
NH,val,-72.049034,43.736736,2022,633_848
NH,train,-72.048485,43.000954,2021,640_822
NH,val,-72.04791,42.97335,2020,640_821
NH,train,-72.044304,43.349026,2023,637_834
NH,val,-72.0442,42.983875,2023,640_821
NH,val,-72.044,42.974503,2021,640_821
NH,train,-72.04352,43.88635,2023,632_854
NH,train,-72.041214,42.973778,2020,641_821
NH,train,-72.04026,42.977474,2022,641_821
NH,train,-72.03981,42.72425,2020,643_812
NH,train,-72.039185,43.29785,2023,638_832
NH,train,-72.038185,42.969265,2022,641_821
NH,train,-72.03797,42.936264,2023,641_819
NH,train,-72.037476,43.69041,2023,634_847
NH,val,-72.03721,43.689796,2020,634_846
NH,train,-72.03512,43.86547,2021,632_853
NH,train,-72.034744,43.291676,2024,638_832
NH,train,-72.032326,43.69518,2024,634_847
NH,val,-72.030975,43.688496,2023,634_846
NH,train,-72.029655,43.694603,2024,634_847
NH,train,-72.02881,43.71463,2022,634_847
NH,train,-72.028,43.07265,2020,640_824
NH,train,-72.02208,43.89208,2020,632_854
NH,val,-72.022,43.58269,2023,635_843
NH,train,-72.01587,43.868782,2021,633_853
NH,train,-72.01487,43.868073,2020,633_853
NH,train,-72.0141,43.865215,2020,633_853
NH,train,-72.013756,43.740833,2022,634_848
NH,train,-72.01277,43.202583,2022,639_829
NH,train,-72.00963,43.19722,2021,639_829
NH,train,-72.00901,43.203373,2024,639_829
NH,train,-72.0075,43.374676,2023,638_835
NH,train,-72.0068,44.013435,2022,632_858
NH,train,-72.00602,42.95265,2023,642_820
NH,train,-72.00381,44.00404,2022,632_858
NH,train,-72.00153,43.913185,2021,633_855
NH,train,-72.00088,43.406406,2024,638_837
NH,train,-72.000465,42.997288,2021,641_822
NH,val,-71.99935,43.03563,2021,641_823
NH,val,-71.99841,43.035954,2023,641_823
NH,val,-71.99822,43.035385,2021,641_823
NH,train,-71.997574,43.494766,2021,637_840
NH,val,-71.99756,43.03562,2021,641_823
NH,train,-71.99665,43.913406,2020,633_855
NH,train,-71.99573,42.970905,2023,642_821
NH,val,-71.993996,43.02949,2023,641_823
NH,train,-71.99348,42.99302,2024,642_822
NH,train,-71.98561,43.99233,2024,632_858
NH,val,-71.98437,43.99267,2020,633_858
NH,val,-71.983475,43.992744,2022,633_858
NH,train,-71.980606,43.16363,2024,640_828
NH,val,-71.980125,42.792713,2024,644_815
NH,train,-71.977615,43.433975,2023,638_838
NH,val,-71.975525,42.810654,2021,644_815
NH,train,-71.97508,42.993435,2022,642_822
NH,train,-71.97491,42.984573,2023,642_821
NH,val,-71.974495,42.810272,2020,644_815
NH,train,-71.97127,42.85655,2024,643_817
NH,train,-71.97038,43.432888,2022,638_838
NH,train,-71.96979,43.23681,2024,640_831
NH,train,-71.9688,42.973465,2023,642_821
NH,train,-71.96797,43.242718,2022,640_831
NH,train,-71.96768,43.243053,2021,640_831
NH,train,-71.96754,43.930225,2020,634_856
NH,train,-71.96737,43.516857,2022,637_841
NH,train,-71.96629,43.919125,2024,634_855
NH,train,-71.96589,42.999397,2023,642_822
NH,train,-71.965164,44.100597,2022,632_862
NH,train,-71.965,43.51116,2024,638_841
NH,train,-71.96305,42.998516,2022,642_822
NH,val,-71.96294,43.961586,2021,633_857
NH,train,-71.96291,42.998173,2023,642_822
NH,val,-71.96174,43.024406,2023,642_823
NH,val,-71.958664,43.961224,2022,633_857
NH,train,-71.95648,42.993885,2021,643_822
NH,train,-71.950874,42.839138,2020,644_816
NH,train,-71.94669,43.274776,2024,640_832
NH,train,-71.946175,42.82229,2024,644_816
NH,train,-71.94586,43.75857,2023,636_850
NH,train,-71.945175,43.447983,2022,639_838
NH,train,-71.94485,43.431175,2023,639_838
NH,train,-71.94339,42.927067,2024,644_820
NH,train,-71.94116,43.46857,2022,639_839
NH,train,-71.94062,43.41128,2024,639_837
NH,train,-71.94019,43.644524,2020,637_846
NH,train,-71.935005,42.867363,2024,644_818
NH,train,-71.93348,44.245304,2020,631_867
NH,train,-71.9323,44.296333,2021,631_869
NH,train,-71.93061,42.838097,2021,645_817
NH,train,-71.92601,44.00142,2023,634_858
NH,train,-71.9237,44.0745,2021,633_861
NH,train,-71.921104,42.849205,2023,645_817
NH,train,-71.92084,42.83934,2022,645_817
NH,train,-71.91886,42.73487,2024,646_813
NH,train,-71.917984,43.999588,2022,634_858
NH,train,-71.91584,43.445244,2022,639_838
NH,val,-71.91417,43.29686,2024,641_833
NH,train,-71.91359,43.648735,2022,638_846
NH,train,-71.91338,42.72431,2020,646_813
NH,train,-71.91283,42.72359,2020,646_813
NH,val,-71.912796,43.29658,2023,641_833
NH,train,-71.911865,43.139072,2023,642_827
NH,train,-71.91084,43.018272,2024,644_823
NH,train,-71.910324,43.88593,2023,635_854
NH,train,-71.90843,42.92048,2023,644_820
NH,train,-71.90288,43.008186,2022,644_823
NH,val,-71.90257,43.295376,2024,641_833
NH,train,-71.902405,43.418243,2024,640_838
NH,train,-71.898994,42.862377,2020,645_818
NH,train,-71.89763,43.984806,2024,635_858
NH,train,-71.89472,44.294266,2022,632_869
NH,val,-71.89398,42.948574,2023,645_821
NH,train,-71.892784,43.489502,2022,640_840
NH,train,-71.892044,44.166096,2021,633_865
NH,train,-71.89174,43.034706,2022,644_824
NH,train,-71.891716,43.615177,2021,638_845
NH,train,-71.88991,42.904415,2022,645_819
NH,val,-71.889725,44.0607,2024,634_861
NH,train,-71.88822,43.36647,2021,641_836
NH,val,-71.8882,42.9634,2023,645_821
NH,train,-71.88704,42.845566,2022,646_817
NH,val,-71.885,42.9546,2023,645_821
NH,val,-71.88296,42.949585,2022,645_821
NH,train,-71.879395,42.863327,2023,646_818
NH,train,-71.878105,43.445473,2024,640_839
NH,train,-71.87547,43.934395,2020,636_856
NH,train,-71.87512,42.997883,2022,645_823
NH,val,-71.87298,43.06286,2021,644_825
NH,train,-71.87131,43.67769,2020,638_847
NH,val,-71.868675,42.950565,2024,645_821
NH,train,-71.865456,42.883385,2021,646_819
NH,train,-71.86021,43.667595,2022,639_847
NH,train,-71.85792,42.98516,2024,645_822
NH,train,-71.85788,43.28796,2023,642_833
NH,train,-71.85268,43.80809,2024,638_852
NH,train,-71.84303,43.883602,2021,637_855
NH,val,-71.84284,43.743347,2023,639_850
NH,train,-71.83735,43.81038,2022,638_852
NH,val,-71.83123,44.023064,2023,636_860
NH,train,-71.82487,44.224358,2023,634_867
NH,train,-71.822235,43.96693,2024,637_858
NH,train,-71.82106,44.1895,2023,635_866
NH,train,-71.82044,43.903732,2021,638_856
NH,train,-71.81697,43.65538,2023,640_847
NH,train,-71.81194,44.230648,2023,635_867
NH,train,-71.80815,44.181553,2023,635_866
NH,train,-71.80418,43.01386,2022,646_824
NH,val,-71.79637,43.691975,2020,640_848
NH,train,-71.78915,43.84198,2022,639_854
NH,train,-71.78557,44.135227,2022,636_864
NH,train,-71.78483,43.230824,2022,645_832
NH,train,-71.78306,42.956047,2021,647_822
NH,train,-71.779434,42.916405,2020,648_820
NH,train,-71.77869,43.710377,2022,640_849
NH,train,-71.77555,44.22499,2023,636_867
NH,train,-71.77546,43.79263,2024,640_852
NH,train,-71.77529,44.214348,2023,636_867
NH,train,-71.7698,42.78725,2021,649_816
NH,train,-71.769295,44.216164,2024,636_867
NH,val,-71.76729,43.336636,2020,644_836
NH,train,-71.76704,44.05256,2023,638_861
NH,train,-71.76633,43.92757,2023,639_857
NH,val,-71.76519,43.34086,2021,644_836
NH,train,-71.76491,43.272038,2020,645_833
NH,train,-71.76372,42.78389,2024,650_816
NH,val,-71.76248,44.344536,2020,635_872
NH,train,-71.75665,43.198227,2022,646_831
NH,train,-71.75512,44.29437,2022,636_870
NH,train,-71.754776,43.317707,2022,645_835
NH,train,-71.75472,43.3182,2020,645_835
NH,train,-71.75446,43.316494,2020,645_835
NH,train,-71.75379,43.31658,2024,645_835
NH,train,-71.753555,43.31285,2023,645_835
NH,train,-71.751015,43.4237,2020,644_839
NH,train,-71.75022,44.179394,2024,637_866
NH,val,-71.74686,43.9573,2024,639_858
NH,train,-71.74647,44.100117,2023,638_863
NH,train,-71.74523,44.135715,2023,637_864
NH,train,-71.744865,43.424103,2023,644_839
NH,val,-71.74485,43.18717,2020,646_830
NH,train,-71.74425,44.277733,2024,636_870
NH,train,-71.743546,43.719185,2020,641_850
NH,train,-71.74332,43.277702,2024,645_834
NH,val,-71.74229,43.25647,2020,646_833
NH,train,-71.74181,43.423656,2022,644_839
NH,val,-71.74036,43.24997,2024,646_833
NH,val,-71.73958,43.253662,2020,646_833
NH,train,-71.733315,44.28068,2024,636_870
NH,train,-71.733284,42.99245,2021,648_823
NH,train,-71.73205,44.133564,2022,638_865
NH,train,-71.73102,44.18363,2022,637_866
NH,train,-71.7302,43.01347,2022,648_824
NH,train,-71.72647,43.84562,2023,641_854
NH,val,-71.72632,43.190002,2023,647_831
NH,val,-71.72562,43.942036,2024,640_858
NH,val,-71.724335,43.31436,2020,646_835
NH,val,-71.719604,43.300823,2024,646_835
NH,train,-71.71935,44.206203,2022,637_867
NH,train,-71.71919,44.033604,2024,639_861
NH,train,-71.7145,43.73364,2022,642_850
NH,train,-71.71387,43.625027,2023,643_846
NH,val,-71.713684,42.87143,2024,650_819
NH,val,-71.71263,42.871716,2024,650_819
NH,val,-71.70947,42.871334,2024,650_819
NH,val,-71.7083,42.877064,2024,650_819
NH,train,-71.70771,43.428307,2022,645_839
NH,train,-71.70701,44.133488,2023,638_865
NH,train,-71.706764,43.836456,2020,641_854
NH,val,-71.70661,44.164837,2022,638_866
NH,val,-71.70478,44.161133,2020,638_866
NH,val,-71.70208,44.181896,2023,638_866
NH,train,-71.70115,43.226368,2024,647_832
NH,train,-71.700294,43.229004,2020,647_832
NH,train,-71.70009,43.52694,2022,644_843
NH,val,-71.6987,44.156685,2023,638_866
NH,val,-71.69861,44.170776,2024,638_866
NH,train,-71.69468,42.7867,2020,651_816
NH,val,-71.69422,43.943047,2022,640_858
NH,train,-71.69371,43.730328,2024,642_850
NH,train,-71.687584,42.92303,2021,650_821
NH,train,-71.68704,44.09932,2024,639_864
NH,train,-71.686745,44.16836,2022,639_866
NH,train,-71.68579,42.91847,2024,650_821
NH,train,-71.67845,43.487972,2021,645_842
NH,val,-71.67777,43.112907,2023,649_828
NH,train,-71.66708,44.13728,2022,639_865
NH,val,-71.662254,43.06829,2023,650_827
NH,val,-71.6606,43.23858,2024,648_833
NH,train,-71.65731,44.240005,2024,639_869
NH,train,-71.65662,43.362385,2022,647_837
NH,val,-71.65621,43.099216,2021,649_828
NH,val,-71.6535,43.11234,2022,649_828
NH,val,-71.65197,43.236385,2023,648_833
NH,val,-71.65035,42.877422,2024,652_820
NH,train,-71.64683,43.784657,2022,643_853
NH,train,-71.64626,43.059464,2023,650_826
NH,val,-71.64352,44.2575,2023,639_870
NH,train,-71.63608,44.293262,2022,639_871
NH,train,-71.63436,42.936287,2023,652_822
NH,val,-71.63435,44.255028,2024,639_870
NH,train,-71.63159,43.865753,2023,643_856
NH,val,-71.630226,44.03766,2022,641_862
NH,train,-71.62932,43.784557,2023,644_853
NH,train,-71.6283,42.728477,2023,654_815
NH,train,-71.62751,44.20239,2023,640_868
NH,val,-71.624725,42.783936,2020,653_817
NH,val,-71.62457,42.782078,2024,653_817
NH,train,-71.62418,44.235218,2021,640_869
NH,train,-71.623726,43.204803,2024,649_832
NH,train,-71.62241,43.78307,2021,644_853
NH,train,-71.62165,43.44296,2021,647_840
NH,train,-71.61923,42.742912,2024,654_815
NH,train,-71.61613,43.440193,2022,647_840
NH,train,-71.61528,44.247044,2024,640_869
NH,train,-71.6142,43.691994,2020,645_849
NH,train,-71.61388,42.704956,2020,654_814
NH,val,-71.61271,43.615448,2024,646_847
NH,train,-71.60765,43.251255,2024,649_834
NH,train,-71.606544,42.730614,2024,654_815
NH,val,-71.60624,44.006756,2023,642_861
NH,train,-71.60564,43.26066,2024,649_834
NH,train,-71.60397,43.26992,2021,649_834
NH,train,-71.60091,43.19435,2021,650_832
NH,train,-71.5971,44.44046,2024,638_876
NH,train,-71.58833,43.90467,2023,644_857
NH,train,-71.584915,44.470657,2024,638_878
NH,train,-71.58363,42.815357,2021,654_818
NH,val,-71.58355,43.99456,2022,643_861
NH,train,-71.583374,43.74362,2022,645_851
NH,train,-71.58253,43.744686,2021,645_852
NH,train,-71.582085,43.9938,2022,643_860
NH,train,-71.581245,44.275566,2020,640_871
NH,train,-71.57734,43.40449,2024,649_839
NH,train,-71.57407,43.789417,2022,645_853
NH,train,-71.56936,44.477386,2024,639_878
NH,train,-71.566574,44.47482,2022,639_878
NH,train,-71.56349,44.257275,2024,641_870
NH,train,-71.56334,44.270035,2022,641_871
NH,train,-71.56172,44.275795,2022,641_871
NH,train,-71.55696,43.966553,2022,644_860
NH,train,-71.55648,43.789265,2024,645_853
NH,train,-71.55504,44.366447,2023,640_874
NH,train,-71.55316,43.679058,2022,647_849
NH,train,-71.55264,43.683628,2021,647_850
NH,train,-71.55244,44.261288,2021,641_870
NH,train,-71.54889,43.24164,2024,651_834
NH,train,-71.54589,44.36265,2020,640_874
NH,train,-71.53977,43.32491,2020,650_837
NH,train,-71.53972,44.358604,2022,641_874
NH,train,-71.53921,44.35911,2021,641_874
NH,train,-71.53867,44.33433,2022,641_873
NH,train,-71.53362,43.863106,2021,645_856
NH,train,-71.533104,43.86459,2020,645_856
NH,train,-71.53285,44.397564,2024,640_875
NH,train,-71.53165,43.44755,2021,649_841
NH,train,-71.531624,43.446194,2021,649_841
NH,train,-71.52938,43.351562,2023,650_838
NH,train,-71.52905,44.364475,2024,641_874
NH,val,-71.52803,43.292717,2022,651_836
NH,train,-71.527016,44.383034,2024,641_875
NH,train,-71.52553,44.35573,2022,641_874
NH,train,-71.52537,43.36542,2024,650_838
NH,train,-71.5249,44.320503,2020,641_873
NH,train,-71.52483,44.375877,2022,641_875
NH,train,-71.523796,44.32068,2020,641_873
NH,train,-71.51897,44.37371,2024,641_875
NH,val,-71.518776,44.534786,2024,639_880
NH,train,-71.51843,44.3762,2021,641_875
NH,train,-71.518166,44.391907,2024,641_875
NH,train,-71.51765,44.38289,2024,641_875
NH,train,-71.516106,44.272552,2023,642_871
NH,train,-71.51407,44.39502,2024,641_875
NH,train,-71.510506,44.470963,2024,640_878
NH,train,-71.5088,44.39704,2024,641_875
NH,train,-71.50686,44.351894,2020,641_874
NH,train,-71.50563,44.010223,2022,645_862
NH,train,-71.50279,44.37043,2024,641_875
NH,val,-71.50146,43.3404,2021,651_838
NH,val,-71.496994,43.91642,2024,646_858
NH,train,-71.49629,43.58529,2021,649_846
NH,train,-71.4959,43.94958,2024,646_859
NH,train,-71.4959,44.3708,2021,642_875
NH,train,-71.49564,44.288498,2023,642_872
NH,train,-71.49543,44.18342,2024,643_868
NH,val,-71.495056,43.24784,2021,652_834
NH,val,-71.494865,43.228786,2024,652_834
NH,train,-71.494514,44.195652,2023,643_868
NH,train,-71.493935,43.719646,2021,648_851
NH,train,-71.49365,44.39374,2024,641_875
NH,train,-71.49281,43.854233,2020,647_856
NH,train,-71.49062,44.394215,2020,641_875
NH,train,-71.49021,43.957058,2023,646_860
NH,train,-71.48998,44.34196,2021,642_874
NH,train,-71.489174,44.351562,2021,642_874
NH,train,-71.487114,44.2365,2023,643_870
NH,train,-71.485794,44.367996,2024,642_875
NH,val,-71.48526,44.869637,2024,637_893
NH,train,-71.48157,44.138954,2022,644_866
NH,val,-71.480354,43.812393,2020,647_855
NH,val,-71.47917,44.855236,2020,637_892
NH,train,-71.478836,45.073353,2020,635_900
NH,train,-71.47494,43.79979,2023,647_854
NH,train,-71.474174,44.369114,2024,642_875
NH,train,-71.47357,43.393475,2021,651_840
NH,train,-71.46553,44.475,2022,641_879
NH,train,-71.46354,43.106575,2024,654_829
NH,train,-71.45774,44.312916,2021,643_873
NH,val,-71.45717,43.880722,2024,647_857
NH,train,-71.45543,43.853306,2023,647_856
NH,val,-71.45088,43.882423,2024,647_857
NH,val,-71.44963,43.78349,2024,648_854
NH,val,-71.44929,43.78636,2022,648_854
NH,train,-71.4479,43.106876,2024,655_829
NH,train,-71.44653,44.99059,2022,637_897
NH,val,-71.445816,43.789997,2020,648_854
NH,val,-71.44297,43.78116,2024,648_854
NH,train,-71.44216,44.732124,2023,639_888
NH,train,-71.44106,43.101524,2021,655_829
NH,val,-71.439445,43.968403,2020,647_861
NH,train,-71.437355,44.195805,2024,645_869
NH,train,-71.43479,44.429707,2024,643_877
NH,train,-71.43361,44.259335,2024,644_871
NH,val,-71.42888,43.413784,2021,652_841
NH,train,-71.428085,44.253994,2022,644_871
NH,train,-71.423706,44.403004,2024,643_876
NH,train,-71.42169,44.402237,2022,643_876
NH,train,-71.42146,44.183678,2022,645_868
NH,train,-71.417046,44.43287,2020,643_877
NH,train,-71.41604,44.115128,2022,646_866
NH,train,-71.41526,44.50611,2024,642_880
NH,train,-71.412506,44.20356,2024,645_869
NH,val,-71.412254,44.21582,2024,645_870
NH,val,-71.4116,44.223778,2024,645_870
NH,train,-71.411575,44.641014,2020,641_885
NH,train,-71.41086,43.88826,2021,648_858
NH,train,-71.4101,44.785076,2022,640_890
NH,train,-71.40583,43.933887,2023,648_860
NH,val,-71.4048,44.601074,2021,642_884
NH,train,-71.40397,43.980015,2020,648_861
NH,train,-71.395195,44.223843,2020,646_870
NH,train,-71.39465,43.574265,2024,652_847
NH,train,-71.394165,43.06946,2021,657_829
NH,train,-71.393486,43.572426,2022,652_847
NH,train,-71.39277,43.997314,2021,648_862
NH,val,-71.38918,44.975548,2022,639_897
NH,train,-71.38855,44.356377,2024,644_875
NH,train,-71.3877,43.68066,2022,651_851
NH,train,-71.38761,44.070713,2020,647_865
NH,train,-71.38549,44.237297,2021,646_871
NH,train,-71.381386,43.954723,2024,648_860
NH,train,-71.38,43.57888,2021,652_847
NH,train,-71.37955,44.00615,2021,648_862
NH,val,-71.379395,43.83857,2021,650_856
NH,val,-71.378006,45.117146,2023,637_902
NH,train,-71.37775,43.950424,2024,649_860
NH,train,-71.37677,44.211197,2022,646_870
NH,train,-71.37547,44.203068,2022,646_869
NH,train,-71.37528,43.88766,2023,649_858
NH,train,-71.37311,43.92734,2022,649_860
NH,val,-71.371025,43.835514,2024,650_856
NH,val,-71.369934,44.271725,2020,646_872
NH,train,-71.36955,43.88758,2021,649_858
NH,train,-71.369064,44.355404,2021,645_875
NH,train,-71.36746,43.51551,2022,653_845
NH,train,-71.365814,45.080307,2022,638_901
NH,train,-71.361694,43.126045,2022,657_831
NH,train,-71.361435,43.767624,2024,651_854
NH,val,-71.360985,43.447388,2022,654_842
NH,train,-71.3609,44.3554,2024,645_875
NH,train,-71.359886,45.15297,2024,638_904
NH,train,-71.358795,43.093456,2020,657_830
NH,train,-71.35737,43.14944,2023,657_832
NH,train,-71.35052,44.06056,2020,648_864
NH,train,-71.345924,44.06427,2021,648_865
NH,val,-71.342186,44.28068,2024,646_872
NH,train,-71.338326,44.26962,2024,647_872
NH,train,-71.337814,44.30499,2024,646_873
NH,train,-71.3372,44.299397,2024,646_873
NH,val,-71.335884,43.840916,2022,651_857
NH,train,-71.33542,43.995815,2023,649_862
NH,val,-71.328995,44.61762,2021,643_885
NH,val,-71.32702,44.630245,2024,643_885
NH,train,-71.326096,44.82858,2022,642_892
NH,train,-71.325264,43.022278,2024,659_827
NH,train,-71.322945,44.037643,2020,649_864
NH,train,-71.32278,44.835064,2022,642_892
NH,train,-71.32271,44.34915,2020,646_875
NH,train,-71.322655,44.30124,2020,647_873
NH,train,-71.31981,44.85392,2020,641_893
NH,val,-71.31891,45.091156,2024,639_902
NH,train,-71.31826,44.17334,2024,648_869
NH,train,-71.31777,43.49221,2024,654_844
NH,train,-71.31753,44.392483,2023,646_877
NH,train,-71.31653,43.30816,2023,656_838
NH,val,-71.31571,45.104385,2024,639_902
NH,train,-71.31062,44.86901,2024,642_894
NH,val,-71.307274,43.518154,2024,655_845
NH,train,-71.305435,45.072792,2023,640_901
NH,train,-71.303566,44.598377,2024,644_884
NH,train,-71.30259,43.72684,2021,653_853
NH,train,-71.30053,43.714916,2023,653_852
NH,val,-71.29973,43.63988,2020,654_850
NH,train,-71.29821,43.72363,2020,653_853
NH,val,-71.29809,43.50465,2022,655_845
NH,train,-71.294464,44.52758,2024,645_882
NH,train,-71.29221,44.27298,2021,648_872
NH,train,-71.2915,44.06305,2024,650_865
NH,train,-71.289055,45.10402,2022,640_902
NH,train,-71.28615,44.08703,2020,650_866
NH,train,-71.28096,44.915237,2024,642_896
NH,train,-71.280914,44.914783,2024,642_896
NH,train,-71.279526,44.916832,2024,642_896
NH,val,-71.27923,43.50027,2021,655_845
NH,train,-71.2788,43.688965,2021,654_852
NH,train,-71.27631,44.847504,2023,643_893
NH,val,-71.27442,45.114212,2020,640_903
NH,train,-71.27338,43.954098,2020,651_861
NH,train,-71.27145,43.47709,2022,656_844
NH,val,-71.271,44.382786,2024,647_877
NH,train,-71.27065,44.77981,2024,643_891
NH,train,-71.2705,43.90434,2021,652_859
NH,train,-71.26495,44.83364,2023,643_893
NH,train,-71.26491,43.798008,2024,653_856
NH,train,-71.264046,45.103676,2024,640_902
NH,val,-71.26047,44.336422,2023,648_875
NH,train,-71.257416,45.102875,2021,641_902
NH,train,-71.25355,44.920086,2022,642_896
NH,val,-71.25152,43.12635,2021,660_832
NH,train,-71.248634,44.082253,2023,651_866
NH,train,-71.247856,45.109932,2023,641_903
NH,train,-71.247444,44.074993,2020,651_866
NH,train,-71.24526,44.581635,2024,646_884
NH,train,-71.242966,44.06519,2020,651_865
NH,val,-71.24093,44.23806,2021,649_872
NH,val,-71.23805,44.005405,2024,652_863
NH,train,-71.23779,45.119286,2020,641_903
NH,val,-71.237495,44.143906,2024,650_868
NH,train,-71.23728,45.119205,2020,641_903
NH,train,-71.236336,44.097294,2021,651_867
NH,train,-71.235725,44.613598,2020,646_885
NH,train,-71.23398,44.407787,2024,648_878
NH,train,-71.2261,43.16545,2024,660_833
NH,train,-71.225105,44.87163,2021,644_894
NH,train,-71.223335,44.572563,2024,647_884
NH,train,-71.21832,45.13204,2023,641_904
NH,train,-71.21706,44.31922,2024,649_875
NH,val,-71.2164,43.97512,2024,652_862
NH,train,-71.215775,44.14902,2022,651_869
NH,train,-71.21563,44.799294,2022,645_892
NH,train,-71.21534,44.61598,2023,646_885
NH,train,-71.214516,45.12266,2024,642_903
NH,train,-71.21419,45.24853,2023,640_908
NH,train,-71.21366,45.134018,2024,641_904
NH,train,-71.213615,44.134895,2023,651_868
NH,train,-71.21087,45.118454,2024,642_903
NH,train,-71.20916,44.615387,2023,647_885
NH,train,-71.20867,44.94462,2021,643_897
NH,train,-71.206,45.11763,2024,642_903
NH,train,-71.20575,44.39538,2022,649_877
NH,train,-71.20555,45.228462,2021,641_907
NH,train,-71.20415,44.376137,2023,649_877
NH,train,-71.20275,44.374615,2021,649_877
NH,val,-71.20234,43.031113,2024,662_828
NH,val,-71.202126,43.037,2022,662_829
NH,train,-71.20179,44.274788,2024,650_873
NH,train,-71.200035,43.20885,2024,660_835
NH,val,-71.19938,43.28313,2023,660_838
NH,val,-71.198524,43.03406,2020,662_829
NH,train,-71.19851,44.555126,2023,647_883
NH,train,-71.1984,44.215103,2021,651_871
NH,train,-71.198135,44.117477,2020,652_868
NH,train,-71.19615,44.21411,2021,651_871
NH,train,-71.19503,43.122135,2022,661_832
NH,val,-71.1948,43.032288,2022,662_829
NH,train,-71.19413,44.46341,2024,648_880
NH,train,-71.19299,45.19589,2023,641_906
NH,train,-71.19201,45.191147,2020,641_906
NH,train,-71.19184,44.3587,2022,649_876
NH,train,-71.19124,45.189358,2024,641_906
NH,train,-71.190674,44.585167,2022,647_884
NH,train,-71.1902,44.321545,2021,650_875
NH,train,-71.18991,43.426514,2022,658_843
NH,train,-71.18617,43.106133,2022,662_831
NH,train,-71.18597,44.79723,2023,645_892
NH,train,-71.185905,43.10739,2020,662_831
NH,train,-71.18462,44.2202,2020,651_871
NH,train,-71.18439,44.500492,2024,648_881
NH,val,-71.18321,43.844215,2020,655_858
NH,train,-71.18307,44.613235,2022,647_885
NH,train,-71.182945,44.31135,2021,650_875
NH,val,-71.18247,45.18444,2021,642_906
NH,val,-71.18161,45.181602,2023,642_906
NH,train,-71.18139,43.78919,2023,655_856
NH,val,-71.181244,45.18382,2022,642_906
NH,val,-71.18005,45.183025,2020,642_906
NH,train,-71.17905,43.09296,2024,662_831
NH,train,-71.17904,44.266945,2024,651_873
NH,train,-71.178986,43.474022,2023,658_845
NH,val,-71.17823,45.18211,2021,642_906
NH,train,-71.17788,43.119335,2022,662_832
NH,train,-71.177536,44.75287,2023,646_890
NH,train,-71.17707,44.70905,2022,646_889
NH,train,-71.1769,44.594196,2024,648_885
NH,train,-71.17668,44.161205,2024,652_869
NH,train,-71.1753,44.1591,2024,652_869
NH,train,-71.17527,44.152897,2024,652_869
NH,val,-71.174675,44.499424,2022,649_881
NH,train,-71.17409,44.137825,2023,652_868
NH,val,-71.173546,45.17364,2023,642_906
NH,train,-71.17243,44.196976,2020,651_871
NH,train,-71.172005,45.069218,2023,643_902
NH,train,-71.171616,44.141205,2020,652_869
NH,val,-71.17149,45.190205,2024,642_906
NH,val,-71.17113,43.277126,2021,660_838
NH,val,-71.17046,44.071228,2020,653_866
NH,train,-71.17038,43.828644,2024,655_857
NH,val,-71.16986,44.69808,2023,647_889
NH,val,-71.16947,45.19169,2023,642_906
NH,val,-71.168915,45.173847,2024,642_906
NH,val,-71.16681,45.212654,2024,642_907
NH,val,-71.16556,43.284424,2022,660_838
NH,val,-71.164955,44.803528,2022,646_892
NH,val,-71.16418,44.074642,2024,653_866
NH,train,-71.16355,44.41157,2020,650_878
NH,val,-71.162056,45.17986,2024,642_906
NH,train,-71.161674,44.370945,2023,650_877
NH,train,-71.16124,43.972157,2024,654_863
NH,train,-71.16117,44.148495,2021,652_869
NH,train,-71.15842,43.969826,2023,654_863
NH,train,-71.15825,44.148964,2021,652_869
NH,train,-71.1573,43.967804,2023,654_862
NH,val,-71.1545,44.786495,2020,646_892
NH,val,-71.15369,44.78911,2024,646_892
NH,train,-71.15283,44.42889,2023,650_879
NH,val,-71.15268,44.79503,2021,646_892
NH,train,-71.1517,43.971832,2023,654_863
NH,train,-71.15093,43.973293,2023,654_863
NH,train,-71.14965,43.97198,2023,654_863
NH,train,-71.148926,43.97049,2022,654_863
NH,train,-71.14789,43.97372,2022,654_863
NH,train,-71.145805,45.181202,2023,643_906
NH,train,-71.14435,44.738506,2022,647_890
NH,train,-71.14223,43.135235,2021,662_833
NH,train,-71.14146,43.876842,2021,655_859
NH,train,-71.13811,43.8764,2022,655_859
NH,train,-71.1369,44.442287,2021,650_880
NH,train,-71.13365,43.568962,2023,659_848
NH,train,-71.133606,44.83271,2022,646_894
NH,train,-71.130066,44.782566,2022,647_892
NH,train,-71.12999,43.570724,2024,659_848
NH,train,-71.12952,44.417545,2022,650_879
NH,val,-71.12881,44.875187,2024,646_895
NH,train,-71.127655,43.407017,2022,660_843
NH,train,-71.12453,44.853447,2023,646_894
NH,train,-71.1244,43.82152,2024,656_857
NH,val,-71.123795,45.078472,2024,644_903
NH,val,-71.12311,43.840595,2021,656_858
NH,train,-71.12184,43.278378,2021,662_838
NH,train,-71.119774,44.748837,2020,648_891
NH,train,-71.11965,44.06719,2024,654_866
NH,val,-71.119125,44.87755,2022,646_895
NH,train,-71.11821,45.145412,2020,644_905
NH,train,-71.11313,43.335667,2023,661_840
NH,train,-71.111435,44.747,2024,648_891
NH,train,-71.10901,43.25205,2020,662_837
NH,train,-71.10673,44.400146,2021,651_878
NH,val,-71.10547,44.04606,2021,655_866
NH,train,-71.10519,44.909966,2023,646_897
NH,val,-71.104546,44.00445,2023,655_864
NH,val,-71.102776,44.945152,2024,646_898
NH,train,-71.10176,43.305725,2022,662_839
NH,train,-71.10163,44.08323,2024,654_867
NH,train,-71.10004,44.810837,2020,647_893
NH,train,-71.09859,43.58129,2022,659_849
NH,val,-71.09346,45.16385,2024,644_906
NH,val,-71.09249,44.415176,2023,651_879
NH,val,-71.09241,44.428352,2024,651_879
NH,train,-71.09075,44.165657,2023,654_870
NH,train,-71.09047,44.922054,2021,647_897
NH,train,-71.08568,44.036255,2020,655_865
NH,train,-71.08311,44.68592,2020,649_889
NH,train,-71.081245,44.68842,2021,649_889
NH,train,-71.080605,44.688,2024,649_889
NH,val,-71.07861,44.298378,2022,653_875
NH,val,-71.07795,44.408165,2023,652_879
NH,train,-71.076584,42.948505,2021,666_826
NH,train,-71.07586,44.831726,2021,648_894
NH,train,-71.0715,44.00933,2020,656_865
NH,val,-71.071365,44.48391,2022,651_882
NH,val,-71.06976,43.8042,2024,658_857
NH,val,-71.06863,44.412483,2024,652_879
NH,train,-71.06632,44.209236,2024,654_872
NH,train,-71.06626,43.517498,2021,661_847
NH,train,-71.064926,43.58331,2022,660_849
NH,train,-71.062096,44.81979,2020,648_894
NH,train,-71.06183,44.83296,2021,648_894
NH,val,-71.059074,44.298985,2022,653_875
NH,train,-71.05843,44.863243,2024,648_895
NH,train,-71.0582,44.87997,2024,648_896
NH,val,-71.05762,43.35548,2020,663_841
NH,train,-71.0576,44.483772,2022,652_882
NH,train,-71.05638,43.08142,2021,665_831
NH,train,-71.054794,44.08787,2021,656_867
NH,train,-71.05144,44.801113,2021,649_893
NH,train,-71.05122,44.704006,2023,650_890
NH,train,-71.04598,42.867706,2021,668_824
NH,train,-71.045044,44.421116,2024,653_879
NH,train,-71.039314,44.536064,2020,652_884
NH,train,-71.03279,44.085552,2021,656_868
NH,val,-71.03014,44.509884,2020,652_883
NH,val,-71.02888,44.04473,2023,657_866
NH,train,-71.02794,43.076504,2023,666_831
NH,val,-71.02771,44.03497,2022,657_866
NH,val,-71.02693,44.03875,2023,657_866
NH,val,-71.02689,44.03935,2022,657_866
NH,train,-71.02335,44.089558,2020,656_868
NH,train,-71.01852,43.010223,2023,667_829
NH,train,-71.016785,44.238373,2022,655_873
NH,val,-71.01632,44.035625,2024,657_866
NH,train,-71.01152,43.342594,2022,664_841
NH,val,-71.01127,43.916218,2021,658_862
NH,val,-71.009056,43.67188,2021,661_853
NH,train,-71.00824,43.4565,2021,663_845
NH,train,-71.006096,43.162766,2023,666_835
NH,train,-70.99777,43.784977,2021,660_857
NH,train,-70.989784,43.78768,2021,660_857
NH,train,-70.9597,42.904736,2024,669_826
NH,train,-70.95876,43.254047,2024,666_838
NH,train,-70.94411,43.1226,2022,668_834
NH,train,-70.935974,43.109516,2021,668_833
NH,val,-70.8425,43.25387,2020,669_839
VT,train,-73.40987,43.58993,2024,599_834
VT,train,-73.40897,43.575462,2024,599_833
VT,val,-73.3808,43.8264,2023,598_843
VT,train,-73.34526,43.709785,2023,600_839
VT,train,-73.339424,44.69333,2024,591_874
VT,train,-73.32233,43.710167,2022,600_839
VT,train,-73.315544,44.746735,2024,591_876
VT,train,-73.3147,44.2053,2020,596_857
VT,train,-73.28815,44.54774,2021,594_869
VT,train,-73.28576,43.767933,2024,601_841
VT,train,-73.28482,44.032757,2023,599_851
VT,val,-73.2843,43.7365,2023,601_840
VT,train,-73.27777,44.533363,2023,594_869
VT,train,-73.274,44.05885,2021,599_852
VT,val,-73.26841,44.98191,2022,591_885
VT,val,-73.2679,44.9692,2022,591_885
VT,train,-73.26749,44.534172,2023,595_869
VT,train,-73.265076,42.890617,2024,609_810
VT,train,-73.25154,44.331955,2023,597_862
VT,val,-73.25014,42.867157,2020,610_809
VT,train,-73.2469,44.49106,2021,596_868
VT,train,-73.24656,43.518772,2024,604_832
VT,train,-73.241325,44.500088,2020,596_868
VT,train,-73.239006,43.2723,2023,606_824
VT,train,-73.23852,44.29227,2024,597_860
VT,train,-73.23771,43.313644,2020,606_825
VT,train,-73.235016,44.397606,2020,597_864
VT,train,-73.23501,42.960815,2023,609_812
VT,train,-73.233246,44.24917,2023,598_859
VT,train,-73.232765,44.249783,2024,598_859
VT,train,-73.23126,44.39293,2023,597_864
VT,train,-73.2309,44.970867,2020,592_885
VT,train,-73.2286,43.656933,2023,603_838
VT,train,-73.22799,42.93165,2024,610_811
VT,val,-73.2279,44.4453,2024,596_866
VT,train,-73.22594,43.556362,2021,604_834
VT,train,-73.22468,44.620426,2020,595_872
VT,train,-73.22098,44.37516,2024,597_864
VT,train,-73.218025,44.53733,2020,596_869
VT,train,-73.216,44.2784,2023,598_860
VT,train,-73.21544,43.71217,2023,603_840
VT,val,-73.21301,43.52876,2024,605_833
VT,train,-73.212296,43.43479,2023,606_830
VT,val,-73.21023,43.900425,2024,602_846
VT,train,-73.21017,43.452404,2021,606_830
VT,train,-73.20967,42.934464,2020,610_812
VT,train,-73.20706,44.95379,2024,592_884
VT,val,-73.20614,44.331024,2022,598_862
VT,val,-73.20501,43.530632,2021,605_833
VT,train,-73.19894,44.943726,2023,593_884
VT,val,-73.19559,42.86059,2022,611_809
VT,train,-73.19499,43.485493,2023,606_832
VT,val,-73.19305,44.03329,2020,601_851
VT,train,-73.189545,43.16911,2022,609_820
VT,train,-73.18929,43.00809,2024,610_814
VT,train,-73.188515,43.009804,2023,610_814
VT,train,-73.18823,43.512676,2024,606_833
VT,train,-73.18776,43.913864,2021,602_847
VT,val,-73.18567,43.604713,2021,605_836
VT,train,-73.1841,44.4794,2023,597_868
VT,train,-73.183754,43.017593,2024,610_815
VT,val,-73.18343,44.346844,2024,598_863
VT,train,-73.18242,43.01444,2021,610_815
VT,train,-73.17998,43.02192,2023,610_815
VT,train,-73.179436,43.02179,2024,610_815
VT,val,-73.17882,42.80993,2022,612_807
VT,val,-73.17457,42.971405,2022,611_813
VT,val,-73.17358,43.274174,2024,608_824
VT,train,-73.1727,43.514725,2023,606_833
VT,train,-73.1704,44.441963,2024,598_866
VT,val,-73.17036,42.7783,2024,613_806
VT,train,-73.16807,43.003597,2022,611_814
VT,train,-73.166885,44.35564,2021,599_863
VT,train,-73.16681,43.038803,2023,610_816
VT,train,-73.16397,43.998463,2020,602_850
VT,val,-73.16257,42.875717,2023,612_810
VT,train,-73.16188,43.45696,2024,607_831
VT,train,-73.160255,44.94246,2023,594_884
VT,train,-73.15974,44.959515,2021,594_885
VT,train,-73.15899,44.545834,2023,597_870
VT,val,-73.15833,44.916145,2022,594_883
VT,train,-73.15757,44.033184,2020,602_852
VT,train,-73.15374,44.599876,2024,597_872
VT,train,-73.15232,44.496662,2022,598_868
VT,train,-73.14726,44.417694,2022,599_866
VT,train,-73.14638,44.189857,2024,601_857
VT,train,-73.146286,44.190205,2021,601_857
VT,train,-73.14369,43.68541,2024,605_839
VT,train,-73.142395,44.153107,2024,601_856
VT,train,-73.14006,44.55181,2024,598_870
VT,train,-73.1397,43.241844,2022,609_823
VT,train,-73.13882,44.550625,2024,598_870
VT,train,-73.13254,42.871437,2024,613_810
VT,train,-73.13192,44.637287,2023,597_874
VT,train,-73.12858,44.209103,2023,601_858
VT,train,-73.12773,43.586353,2024,607_836
VT,train,-73.12663,44.308865,2023,600_862
VT,val,-73.124825,43.78361,2023,605_843
VT,train,-73.12362,44.341805,2024,600_863
VT,train,-73.123405,44.547455,2021,598_870
VT,train,-73.12213,43.582355,2022,607_836
VT,train,-73.12179,43.851254,2024,604_845
VT,train,-73.12161,42.814762,2024,614_808
VT,val,-73.119736,43.779526,2024,605_843
VT,train,-73.118935,44.5465,2022,598_870
VT,train,-73.11874,43.079796,2022,611_817
VT,train,-73.11873,42.850124,2020,613_809
VT,train,-73.11743,42.801235,2022,614_807
VT,train,-73.11716,44.545204,2022,598_870
VT,train,-73.11483,43.609337,2022,607_837
VT,train,-73.11444,43.97157,2023,604_850
VT,val,-73.113754,43.803932,2024,605_844
VT,train,-73.10654,43.14689,2022,611_820
VT,train,-73.105835,43.940693,2024,604_849
VT,train,-73.10313,44.341156,2023,601_863
VT,train,-73.100174,42.845905,2023,614_809
VT,train,-73.09943,43.778004,2021,606_843
VT,train,-73.09923,43.940514,2020,604_849
VT,train,-73.09644,43.16437,2022,611_821
VT,train,-73.09559,42.88788,2024,614_811
VT,train,-73.09427,44.298252,2024,601_862
VT,train,-73.09414,44.289005,2024,601_861
VT,train,-73.0923,42.895504,2020,614_811
VT,train,-73.092125,43.11364,2024,612_819
VT,train,-73.08974,44.383133,2021,601_865
VT,train,-73.08923,44.321133,2023,601_862
VT,train,-73.08777,43.14128,2021,612_820
VT,val,-73.087105,43.33839,2021,610_827
VT,train,-73.087074,44.5472,2024,599_871
VT,train,-73.08572,44.3032,2024,601_862
VT,train,-73.0857,42.87008,2020,614_810
VT,train,-73.08508,43.19538,2024,611_822
VT,train,-73.083694,44.320717,2022,601_862
VT,train,-73.08193,44.277542,2021,602_861
VT,train,-73.08005,43.14147,2023,612_820
VT,train,-73.07729,42.874504,2024,614_810
VT,val,-73.07616,43.332516,2024,610_827
VT,train,-73.07599,44.413734,2020,601_866
VT,train,-73.071594,42.978024,2022,613_814
VT,train,-73.07062,44.4128,2022,601_866
VT,val,-73.069565,43.235565,2024,611_823
VT,train,-73.0684,43.142086,2024,612_820
VT,train,-73.065765,44.398884,2023,601_865
VT,train,-73.065285,43.622784,2024,608_837
VT,train,-73.06523,44.402878,2022,601_866
VT,train,-73.06486,44.402752,2024,601_866
VT,train,-73.06469,43.978836,2023,605_850
VT,train,-73.06452,44.402477,2020,601_865
VT,train,-73.064224,44.994595,2021,596_887
VT,train,-73.062546,43.631504,2023,608_838
VT,train,-73.06101,44.630733,2024,599_874
VT,train,-73.0593,43.6129,2024,608_837
VT,train,-73.058395,44.305424,2021,602_862
VT,train,-73.05819,43.613087,2023,608_837
VT,train,-73.058075,43.451122,2020,610_831
VT,train,-73.05802,44.168213,2020,603_857
VT,train,-73.05763,42.938366,2023,614_813
VT,val,-73.05746,43.20654,2023,612_822
VT,train,-73.05725,44.070354,2020,604_854
VT,val,-73.056206,43.20426,2022,612_822
VT,train,-73.05582,44.796223,2021,598_880
VT,train,-73.05404,43.629898,2024,608_838
VT,train,-73.05334,44.31535,2022,602_862
VT,val,-73.05193,43.345253,2024,611_827
VT,train,-73.05081,43.73807,2024,607_842
VT,train,-73.050156,43.624706,2021,608_838
VT,val,-73.04997,43.324627,2020,611_827
VT,val,-73.04984,43.190228,2021,612_822
VT,train,-73.04773,44.154873,2020,604_857
VT,val,-73.04672,43.195957,2024,612_822
VT,train,-73.04588,43.703037,2022,608_840
VT,train,-73.04399,44.29914,2020,602_862
VT,train,-73.043945,44.1189,2022,604_855
VT,train,-73.03986,44.308395,2024,602_862
VT,val,-73.0382,44.324833,2024,602_863
VT,train,-73.03774,43.023216,2020,614_816
VT,val,-73.037445,44.32239,2020,602_863
VT,val,-73.03616,42.888165,2024,615_811
VT,val,-73.03519,44.297256,2024,603_862
VT,val,-73.03434,44.49103,2024,601_869
VT,train,-73.03404,43.973194,2021,606_850
VT,train,-73.03396,43.97366,2020,606_850
VT,val,-73.032616,44.32618,2024,602_863
VT,val,-73.03196,43.472305,2023,610_832
VT,train,-73.031845,44.995094,2020,597_887
VT,train,-73.031555,44.319897,2020,603_863
VT,val,-73.0311,44.338093,2022,602_863
VT,train,-73.03083,44.32216,2022,603_863
VT,train,-73.03038,44.126328,2020,604_856
VT,train,-73.0287,44.320656,2022,603_863
VT,train,-73.02811,42.837776,2020,616_809
VT,train,-73.02778,43.939438,2020,606_849
VT,train,-73.027596,44.360867,2020,602_864
VT,train,-73.02713,43.919186,2024,606_848
VT,train,-73.026924,43.058037,2020,614_817
VT,train,-73.02651,44.822662,2022,598_881
VT,val,-73.02649,44.305946,2024,603_862
VT,train,-73.0264,44.513863,2021,601_870
VT,val,-73.02637,44.091957,2024,605_855
VT,train,-73.025856,44.005764,2024,606_851
VT,train,-73.02585,43.95724,2024,606_850
VT,val,-73.02562,44.093266,2024,605_855
VT,train,-73.024666,43.312252,2020,612_826
VT,train,-73.0238,44.603794,2021,600_873
VT,val,-73.023445,43.27074,2020,612_825
VT,val,-73.02293,44.093422,2024,605_855
VT,train,-73.02285,44.517754,2023,601_870
VT,val,-73.01868,43.284164,2022,612_825
VT,train,-73.01855,43.07372,2024,614_818
VT,train,-73.01766,43.958717,2021,606_850
VT,train,-73.017105,43.077652,2022,614_818
VT,train,-73.016716,42.951817,2022,615_813
VT,train,-73.01637,44.602154,2022,600_873
VT,train,-73.01524,44.60171,2024,600_873
VT,train,-73.01211,44.69887,2024,600_877
VT,train,-73.011345,43.957924,2024,606_850
VT,train,-73.009674,43.323906,2023,612_827
VT,train,-73.00957,43.889893,2023,607_847
VT,train,-73.00944,43.05247,2020,614_817
VT,train,-73.00922,43.297512,2022,612_826
VT,train,-73.008736,43.90015,2024,607_848
VT,val,-73.008514,44.032192,2023,606_852
VT,train,-73.00847,43.38404,2021,611_829
VT,train,-73.00827,42.946747,2024,615_813
VT,val,-73.00776,44.476982,2021,602_869
VT,train,-73.00626,43.227913,2024,613_823
VT,train,-73.00552,43.95279,2024,606_850
VT,train,-73.00551,43.874065,2024,607_847
VT,train,-73.00516,43.98991,2024,606_851
VT,train,-73.00506,44.14412,2024,605_857
VT,train,-73.003296,44.451797,2024,602_868
VT,train,-73.00177,43.10233,2023,614_819
VT,val,-73.00164,43.928833,2023,607_849
VT,train,-73.0012,44.28502,2023,604_862
VT,train,-72.99866,44.50687,2024,602_870
VT,val,-72.99763,44.100132,2022,605_855
VT,train,-72.99662,43.842026,2020,608_846
VT,train,-72.99635,43.81788,2023,608_845
VT,train,-72.99555,44.345554,2024,603_864
VT,val,-72.99467,43.264935,2020,613_825
VT,val,-72.99435,44.823093,2023,599_881
VT,train,-72.994064,43.715218,2023,609_841
VT,train,-72.99303,43.33068,2024,612_827
VT,train,-72.99284,44.448967,2021,602_868
VT,train,-72.9925,44.447598,2022,602_868
VT,train,-72.99186,43.91017,2022,607_848
VT,train,-72.99124,44.444614,2022,602_867
VT,val,-72.99112,43.936172,2024,607_849
VT,train,-72.990074,43.318684,2024,613_827
VT,train,-72.99007,44.44686,2022,602_868
VT,val,-72.98712,43.36198,2020,612_828
VT,val,-72.98643,43.06199,2021,615_818
VT,train,-72.98615,43.946465,2024,607_850
VT,train,-72.98587,44.07094,2023,606_854
VT,train,-72.98573,43.025414,2020,615_816
VT,val,-72.98535,44.454098,2022,603_868
VT,train,-72.98494,42.94916,2023,616_814
VT,train,-72.98419,42.85148,2024,617_810
VT,train,-72.984146,44.04872,2024,606_853
VT,train,-72.983826,42.940247,2023,616_813
VT,train,-72.982994,42.761826,2024,618_807
VT,val,-72.980865,43.10677,2022,615_819
VT,val,-72.98026,44.493492,2023,602_869
VT,train,-72.97747,43.96145,2021,607_850
VT,train,-72.976234,43.20639,2020,614_823
VT,train,-72.974144,44.403618,2022,603_866
VT,train,-72.973175,44.322765,2024,604_863
VT,train,-72.97259,43.869328,2021,608_847
VT,val,-72.972534,43.106197,2024,615_819
VT,val,-72.9725,43.93904,2024,607_849
VT,train,-72.97214,44.47224,2024,603_869
VT,train,-72.9713,42.849697,2022,617_810
VT,train,-72.97037,43.898026,2021,608_848
VT,train,-72.96891,44.59273,2022,602_873
VT,train,-72.96711,43.39305,2020,612_830
VT,train,-72.96641,44.077953,2024,606_854
VT,val,-72.96536,44.14969,2022,606_857
VT,train,-72.964806,43.841835,2021,609_846
VT,train,-72.963776,44.354008,2022,604_864
VT,train,-72.96311,43.8468,2024,609_846
VT,train,-72.962975,44.269974,2020,605_861
VT,val,-72.9624,44.24409,2023,605_860
VT,train,-72.96235,44.470234,2020,603_869
VT,train,-72.96206,44.206364,2021,605_859
VT,val,-72.9619,44.036575,2024,607_853
VT,val,-72.96135,44.148693,2020,606_857
VT,train,-72.960815,43.927658,2023,608_849
VT,train,-72.96039,43.218273,2021,614_823
VT,train,-72.960365,43.27769,2022,614_826
VT,train,-72.96006,44.205654,2024,605_859
VT,train,-72.958984,44.270252,2023,605_861
VT,train,-72.95891,43.989388,2021,607_851
VT,val,-72.95854,44.44718,2020,603_868
VT,train,-72.957756,44.175854,2024,606_858
VT,train,-72.95762,43.933544,2023,608_849
VT,train,-72.95596,44.18001,2022,606_858
VT,train,-72.954575,44.181114,2024,606_858
VT,train,-72.95397,43.93521,2021,608_849
VT,train,-72.95294,43.045944,2022,616_817
VT,train,-72.95205,44.178635,2023,606_858
VT,train,-72.9518,42.9123,2023,617_812
VT,val,-72.951416,44.040646,2022,607_853
VT,val,-72.950966,43.647816,2024,611_839
VT,train,-72.95051,43.70281,2024,610_841
VT,train,-72.9497,43.54572,2024,612_835
VT,train,-72.94851,43.764782,2020,610_843
VT,train,-72.9485,44.1144,2024,607_856
VT,train,-72.9484,43.32702,2022,614_827
VT,val,-72.94811,43.95653,2024,608_850
VT,val,-72.947845,43.3681,2022,613_829
VT,train,-72.94729,43.938335,2023,608_849
VT,train,-72.9461,43.937748,2022,608_849
VT,val,-72.9459,43.962,2023,608_850
VT,val,-72.94489,44.609673,2020,602_874
VT,val,-72.9447,43.363884,2024,613_829
VT,train,-72.94339,43.54018,2024,612_835
VT,train,-72.94278,43.825294,2022,609_845
VT,train,-72.9427,43.802143,2024,609_845
VT,train,-72.942505,44.322475,2024,605_863
VT,train,-72.94198,44.638977,2020,602_875
VT,train,-72.9413,43.073215,2024,616_818
VT,train,-72.9413,43.541553,2024,612_835
VT,train,-72.94067,43.72687,2022,610_842
VT,train,-72.94038,44.544212,2023,603_871
VT,train,-72.93917,44.00064,2020,608_852
VT,train,-72.9388,44.1082,2024,607_856
VT,train,-72.9376,44.0204,2024,608_853
VT,train,-72.93617,43.28383,2024,614_826
VT,train,-72.93581,43.98665,2024,608_851
VT,train,-72.93387,43.53721,2023,612_835
VT,train,-72.9316,44.211018,2024,606_859
VT,train,-72.93098,43.881935,2020,609_848
VT,train,-72.93042,44.213726,2021,606_860
VT,train,-72.93034,44.16325,2024,607_858
VT,train,-72.93028,44.17964,2022,606_858
VT,train,-72.9302,44.1399,2024,607_857
VT,train,-72.93014,44.21431,2020,606_860
VT,train,-72.92972,43.38063,2024,614_829
VT,train,-72.929695,43.38035,2022,614_829
VT,train,-72.92967,44.330036,2023,605_864
VT,train,-72.9288,44.1599,2021,607_858
VT,val,-72.925735,43.253735,2024,615_825
VT,train,-72.9255,43.0859,2024,616_819
VT,train,-72.9249,43.419598,2024,613_831
VT,train,-72.9245,44.0365,2022,608_853
VT,train,-72.9244,44.19837,2021,606_859
VT,train,-72.92121,44.07829,2020,608_855
VT,val,-72.92083,43.34857,2020,614_828
VT,val,-72.920425,42.74901,2021,619_807
VT,train,-72.9192,44.43268,2020,604_868
VT,train,-72.91592,43.586143,2024,612_837
VT,train,-72.9148,42.887573,2023,618_812
VT,train,-72.914024,43.704784,2021,611_841
VT,train,-72.91363,43.564148,2023,612_836
VT,val,-72.91329,44.36044,2021,605_865
VT,train,-72.91266,42.901768,2024,618_812
VT,val,-72.91261,43.74118,2022,611_843
VT,train,-72.912384,43.696423,2021,611_841
VT,train,-72.9117,44.4027,2020,605_866
VT,val,-72.911385,44.51768,2021,604_871
VT,val,-72.9105,43.18346,2022,616_822
VT,train,-72.910225,43.5627,2021,612_836
VT,val,-72.90957,43.824135,2023,610_846
VT,train,-72.90918,43.56498,2023,612_836
VT,train,-72.908585,43.41417,2021,614_831
VT,train,-72.90754,43.103706,2024,617_820
VT,train,-72.90746,44.04565,2023,608_854
VT,train,-72.90705,43.56546,2023,613_836
VT,train,-72.90688,44.13149,2023,607_857
VT,train,-72.90648,42.777763,2022,620_808
VT,train,-72.906296,43.78329,2021,611_844
VT,train,-72.90587,44.67091,2022,603_876
VT,train,-72.90553,44.426346,2021,605_867
VT,train,-72.90553,44.669834,2022,603_876
VT,train,-72.90538,44.315563,2023,606_863
VT,train,-72.90537,44.26417,2020,606_862
VT,train,-72.90516,44.495842,2022,604_870
VT,train,-72.905106,44.13735,2022,607_857
VT,train,-72.90455,44.661663,2022,603_876
VT,train,-72.90382,44.665234,2024,603_876
VT,train,-72.9035,44.2228,2020,607_860
VT,val,-72.90346,43.841347,2020,610_846
VT,train,-72.903206,44.672626,2021,603_876
VT,val,-72.90206,44.516975,2022,604_871
VT,val,-72.90196,43.760044,2023,611_843
VT,train,-72.901825,43.7152,2024,611_842
VT,train,-72.90013,43.431133,2024,614_831
VT,train,-72.89996,44.419075,2022,605_867
VT,val,-72.89995,43.84567,2024,610_846
VT,train,-72.899414,43.677364,2024,612_840
VT,train,-72.89719,43.568413,2024,613_836
VT,train,-72.8967,44.671383,2024,603_876
VT,train,-72.895966,44.267597,2022,607_862
VT,val,-72.89589,44.843246,2022,601_882
VT,val,-72.88886,43.571945,2023,613_837
VT,val,-72.88471,44.530407,2024,604_871
VT,train,-72.88256,44.955013,2021,601_887
VT,train,-72.88178,44.303947,2020,607_863
VT,train,-72.87933,44.300446,2021,607_863
VT,train,-72.878624,44.661297,2023,603_876
VT,train,-72.87837,43.696014,2022,612_841
VT,train,-72.87817,43.292282,2024,616_827
VT,train,-72.87781,43.318684,2024,615_828
VT,train,-72.87743,44.0967,2022,609_856
VT,train,-72.87658,44.099445,2024,609_856
VT,val,-72.87656,43.61952,2022,613_838
VT,train,-72.87532,44.952347,2024,601_887
VT,train,-72.87494,44.21117,2024,608_860
VT,train,-72.87489,42.769913,2023,620_808
VT,train,-72.874245,43.99117,2023,610_852
VT,train,-72.87352,44.41948,2022,606_867
VT,train,-72.8725,44.59572,2020,604_874
VT,train,-72.871376,44.18321,2021,608_859
VT,train,-72.87082,43.18682,2024,617_823
VT,train,-72.87062,44.22712,2024,608_860
VT,train,-72.87052,44.59844,2020,604_874
VT,train,-72.8704,43.307903,2022,616_827
VT,train,-72.86479,43.269527,2024,616_826
VT,train,-72.863556,44.41648,2020,606_867
VT,train,-72.86345,43.22815,2022,617_824
VT,train,-72.86333,44.311543,2020,607_863
VT,train,-72.8622,44.4337,2020,606_868
VT,train,-72.86209,43.898605,2021,611_849
VT,train,-72.86026,43.253746,2023,617_825
VT,train,-72.8594,44.499844,2023,605_870
VT,train,-72.85825,43.849606,2023,611_847
VT,train,-72.85763,43.545456,2022,614_836
VT,train,-72.85704,43.3479,2020,616_829
VT,val,-72.855064,43.267414,2022,617_826
VT,train,-72.85493,44.42935,2022,606_868
VT,train,-72.85421,44.561775,2023,605_873
VT,train,-72.854164,44.227585,2020,608_861
VT,train,-72.85218,43.10177,2022,618_820
VT,val,-72.85013,43.275032,2022,617_826
VT,train,-72.84882,44.252064,2024,608_861
VT,train,-72.84856,44.222176,2020,608_860
VT,train,-72.84811,44.222195,2024,608_860
VT,val,-72.84576,43.518345,2021,615_835
VT,train,-72.8452,43.291004,2021,617_827
VT,train,-72.84497,44.505337,2024,606_871
VT,train,-72.84469,44.092937,2022,609_856
VT,train,-72.844574,44.248276,2024,608_861
VT,train,-72.84292,44.57514,2020,605_873
VT,train,-72.84289,44.52902,2021,606_871
VT,train,-72.842026,44.21739,2020,608_860
VT,train,-72.838104,43.33581,2020,616_828
VT,train,-72.83714,44.215607,2022,608_860
VT,val,-72.83587,44.42611,2022,607_868
VT,val,-72.83453,44.43613,2022,607_868
VT,train,-72.83442,43.54654,2024,615_836
VT,train,-72.833435,44.79414,2024,603_881
VT,val,-72.83285,44.41483,2022,607_867
VT,val,-72.832115,44.40703,2020,607_867
VT,train,-72.830734,43.63503,2023,614_839
VT,train,-72.83004,43.549164,2023,615_836
VT,train,-72.82895,43.97083,2020,611_851
VT,train,-72.828354,44.220432,2023,609_860
VT,train,-72.8264,44.5424,2024,606_872
VT,train,-72.8263,44.5192,2024,606_871
VT,train,-72.82613,44.08139,2021,610_855
VT,train,-72.8251,44.5047,2023,606_871
VT,train,-72.8241,44.4781,2021,606_870
VT,train,-72.82182,44.623074,2022,605_875
VT,train,-72.821686,44.261173,2024,608_862
VT,train,-72.820786,44.22292,2024,609_861
VT,train,-72.8206,43.6044,2024,614_838
VT,train,-72.81924,43.959545,2023,611_851
VT,train,-72.81906,43.683346,2024,614_841
VT,train,-72.81799,44.017937,2021,611_853
VT,train,-72.81708,44.632946,2021,605_875
VT,train,-72.81693,44.357677,2021,608_865
VT,train,-72.8166,43.96749,2020,611_851
VT,train,-72.816,43.968,2022,611_851
VT,train,-72.815674,43.8959,2021,612_849
VT,train,-72.8128,43.6738,2020,614_841
VT,train,-72.81183,44.638958,2024,605_876
VT,train,-72.811,43.963,2022,611_851
VT,train,-72.81069,43.56245,2020,615_837
VT,train,-72.80984,44.54319,2021,606_872
VT,train,-72.80961,44.54296,2022,606_872
VT,train,-72.80919,43.82263,2020,613_846
VT,train,-72.80587,43.484467,2022,616_834
VT,train,-72.80464,44.054142,2021,611_855
VT,train,-72.80459,43.578674,2023,615_837
VT,train,-72.80192,43.46726,2024,616_833
VT,val,-72.801735,43.149582,2023,619_822
VT,val,-72.801186,43.78434,2024,613_845
VT,val,-72.80003,43.40231,2022,617_831
VT,train,-72.79837,44.51952,2023,607_871
VT,train,-72.79773,44.530537,2021,607_872
VT,train,-72.79672,42.852695,2024,622_811
VT,val,-72.79655,43.306988,2023,618_828
VT,val,-72.79312,43.364944,2021,617_830
VT,train,-72.79026,43.17953,2022,619_823
VT,train,-72.78786,44.238037,2024,610_861
VT,train,-72.787796,43.43089,2024,617_832
VT,train,-72.786,44.409,2023,608_868
VT,val,-72.78399,44.819576,2022,604_882
VT,val,-72.78321,44.150105,2021,610_858
VT,train,-72.78059,44.159576,2020,610_859
VT,train,-72.778915,43.33369,2022,618_829
VT,train,-72.777954,44.537678,2022,607_872
VT,train,-72.77654,44.543156,2022,607_872
VT,val,-72.77579,43.871456,2021,613_848
VT,val,-72.775085,44.551903,2022,607_873
VT,val,-72.77438,44.55597,2024,607_873
VT,train,-72.772804,44.372135,2024,609_866
VT,val,-72.77224,43.870426,2021,613_848
VT,val,-72.77201,44.155712,2020,611_858
VT,train,-72.77164,44.36571,2020,609_866
VT,train,-72.771545,43.962055,2021,612_851
VT,train,-72.76962,44.371586,2021,609_866
VT,train,-72.76548,43.22316,2024,619_825
VT,train,-72.76485,44.3915,2024,609_867
VT,train,-72.75968,44.78186,2023,605_881
VT,train,-72.75668,44.2603,2021,610_862
VT,train,-72.7545,43.620785,2024,616_839
VT,train,-72.75202,43.920464,2022,613_850
VT,train,-72.75152,44.261387,2023,610_862
VT,train,-72.75091,44.21682,2020,611_861
VT,train,-72.75026,44.252686,2020,610_862
VT,train,-72.74992,43.410286,2024,618_832
VT,train,-72.74925,43.407795,2024,618_832
VT,train,-72.749115,44.57134,2020,608_874
VT,train,-72.747246,43.354336,2023,619_830
VT,val,-72.74434,43.400944,2021,618_831
VT,train,-72.74257,44.430237,2022,609_869
VT,train,-72.741425,44.763195,2020,606_881
VT,train,-72.74115,44.439873,2023,609_869
VT,train,-72.74087,44.345554,2021,610_866
VT,train,-72.734985,43.980568,2020,613_852
VT,train,-72.7321,44.407654,2024,609_868
VT,train,-72.73158,44.49418,2020,609_871
VT,train,-72.731476,44.201767,2022,611_860
VT,train,-72.7303,43.186234,2020,621_824
VT,train,-72.729385,44.29654,2020,611_864
VT,train,-72.728485,43.739986,2024,616_844
VT,train,-72.72766,43.187412,2020,621_824
VT,train,-72.7276,44.380863,2024,610_867
VT,train,-72.7268,44.672363,2024,607_877
VT,train,-72.72332,44.440567,2024,609_869
VT,val,-72.72329,44.398785,2022,610_868
VT,train,-72.722496,43.16255,2023,621_823
VT,train,-72.72238,44.69146,2021,607_878
VT,train,-72.722084,44.455364,2020,609_870
VT,train,-72.72195,43.057896,2024,622_819
VT,train,-72.72141,43.85253,2022,615_848
VT,train,-72.721016,43.743046,2020,616_844
VT,train,-72.72101,43.162468,2024,621_823
VT,train,-72.72084,43.161938,2022,621_823
VT,train,-72.71913,43.729786,2024,616_843
VT,train,-72.71768,44.463783,2021,609_870
VT,train,-72.71737,44.54124,2024,609_873
VT,train,-72.716385,42.833195,2024,624_811
VT,train,-72.714905,43.462948,2020,618_834
VT,train,-72.714035,42.83273,2022,624_811
VT,train,-72.71175,44.45902,2020,610_870
VT,train,-72.70958,44.07618,2023,613_856
VT,train,-72.7055,44.33998,2022,611_866
VT,train,-72.70509,44.316856,2021,611_865
VT,train,-72.700226,44.3225,2021,611_865
VT,train,-72.6993,43.85593,2021,615_848
VT,train,-72.69851,43.851303,2020,615_848
VT,train,-72.69824,44.529175,2022,609_872
VT,train,-72.69351,43.52371,2024,618_836
VT,val,-72.69259,44.888775,2024,606_885
VT,train,-72.69117,43.857063,2021,615_848
VT,train,-72.68692,44.3335,2024,611_865
VT,train,-72.685715,44.461967,2021,610_870
VT,train,-72.684456,43.19686,2024,622_824
VT,train,-72.684006,43.42244,2020,620_833
VT,train,-72.68304,43.5346,2024,619_837
VT,train,-72.681625,43.460358,2024,619_834
VT,train,-72.6814,44.406883,2021,611_868
VT,train,-72.6789,44.761536,2022,608_881
VT,train,-72.67835,44.412117,2021,611_868
VT,train,-72.67653,44.413784,2024,611_868
VT,train,-72.67552,44.405743,2021,611_868
VT,train,-72.67551,44.531715,2020,610_873
VT,train,-72.67538,44.413216,2022,611_868
VT,train,-72.67523,44.351788,2020,611_866
VT,train,-72.67498,44.140392,2024,613_859
VT,train,-72.67438,44.64014,2022,609_877
VT,train,-72.673294,44.65594,2024,609_877
VT,train,-72.67209,44.655407,2024,609_877
VT,train,-72.6713,42.94499,2021,624_815
VT,train,-72.67128,44.408325,2022,611_868
VT,train,-72.670425,44.448277,2021,611_870
VT,train,-72.66666,43.294834,2023,621_828
VT,train,-72.666306,43.012814,2023,624_818
VT,val,-72.665596,43.458664,2020,620_834
VT,train,-72.6626,44.695038,2020,609_879
VT,val,-72.6608,44.480915,2020,611_871
VT,train,-72.6596,43.177284,2023,622_824
VT,train,-72.65903,44.43753,2024,611_869
VT,train,-72.64989,43.17098,2022,623_824
VT,train,-72.64898,44.76188,2020,608_881
VT,train,-72.64714,44.437794,2023,611_869
VT,train,-72.64623,43.187435,2023,623_824
VT,val,-72.64617,44.38807,2023,612_868
VT,val,-72.64524,44.395267,2022,612_868
VT,val,-72.64462,44.424152,2021,612_869
VT,train,-72.64417,44.763184,2024,609_881
VT,val,-72.64384,44.43378,2021,612_869
VT,val,-72.6424,44.4992,2022,611_872
VT,train,-72.64238,43.000744,2022,625_818
VT,train,-72.640564,43.170902,2022,623_824
VT,train,-72.64041,44.93469,2023,607_887
VT,train,-72.64029,43.17151,2021,623_824
VT,train,-72.64027,44.935696,2024,607_887
VT,train,-72.6402,43.173504,2023,623_824
VT,train,-72.64002,44.371967,2024,612_867
VT,train,-72.639435,43.171585,2020,623_824
VT,train,-72.63918,43.78362,2020,618_846
VT,train,-72.638855,43.812107,2021,617_847
VT,train,-72.63764,43.172104,2022,623_824
VT,train,-72.63687,44.565784,2024,610_874
VT,train,-72.63611,44.042934,2021,615_855
VT,train,-72.635735,43.84959,2020,617_848
VT,train,-72.634476,43.507664,2023,620_836
VT,val,-72.63409,44.474083,2024,611_871
VT,val,-72.62958,44.251396,2024,614_863
VT,train,-72.629196,44.47065,2024,612_871
VT,train,-72.628815,43.67021,2024,619_842
VT,train,-72.628494,44.75762,2024,609_881
VT,train,-72.628365,43.30177,2023,622_829
VT,train,-72.6254,44.329155,2020,613_866
VT,train,-72.62512,44.84227,2021,608_884
VT,val,-72.624176,42.892536,2020,626_814
VT,train,-72.62392,43.34378,2020,622_830
VT,train,-72.62343,43.105827,2022,624_822
VT,train,-72.62334,42.957535,2021,625_816
VT,val,-72.6221,44.50429,2023,611_872
VT,val,-72.62149,44.429127,2022,612_869
VT,train,-72.62017,44.791924,2021,609_882
VT,train,-72.61997,43.201355,2020,623_825
VT,train,-72.61989,43.683613,2021,619_842
VT,train,-72.61666,42.827793,2021,627_812
VT,val,-72.615486,43.146305,2020,624_823
VT,train,-72.6144,42.841103,2021,627_812
VT,train,-72.61377,43.50093,2024,621_836
VT,train,-72.61257,42.96277,2024,626_816
VT,train,-72.61244,44.18666,2020,615_861
VT,val,-72.61226,44.430855,2020,612_869
VT,val,-72.61077,44.07281,2023,616_857
VT,train,-72.608635,43.68334,2022,619_842
VT,train,-72.60841,44.9961,2022,607_890
VT,train,-72.60785,42.9559,2023,626_816
VT,train,-72.60536,43.47073,2024,621_835
VT,train,-72.60349,43.193226,2022,624_825
VT,train,-72.60346,44.197712,2024,615_861
VT,train,-72.60315,44.920204,2022,608_887
VT,train,-72.59906,42.954754,2024,626_816
VT,train,-72.59714,44.748375,2023,610_881
VT,train,-72.59629,43.09187,2024,625_821
VT,val,-72.595985,43.004208,2024,626_818
VT,val,-72.5956,43.00443,2024,626_818
VT,val,-72.59203,44.023514,2024,617_855
VT,train,-72.59156,44.740894,2023,610_881
VT,train,-72.59145,44.44299,2024,613_870
VT,train,-72.59137,42.916946,2023,627_815
VT,val,-72.59111,43.94008,2021,617_852
VT,train,-72.58966,44.382324,2022,613_868
VT,train,-72.58784,44.178513,2023,615_860
VT,train,-72.58755,44.336838,2023,614_866
VT,train,-72.587395,44.76431,2022,610_882
VT,train,-72.58691,44.17846,2024,615_860
VT,train,-72.58619,42.831413,2022,628_812
VT,train,-72.58586,42.83099,2022,628_812
VT,train,-72.58583,42.8324,2021,628_812
VT,train,-72.58581,42.83206,2024,628_812
VT,train,-72.58525,42.831955,2022,628_812
VT,train,-72.58496,42.83384,2023,628_812
VT,train,-72.584915,43.18186,2020,624_825
VT,train,-72.58401,43.18174,2024,624_825
VT,val,-72.58361,43.89393,2023,618_850
VT,train,-72.58268,44.316177,2020,614_865
VT,train,-72.58222,44.36963,2023,614_867
VT,train,-72.58171,43.454525,2021,622_834
VT,train,-72.5791,43.63218,2024,620_841
VT,train,-72.5779,44.2676,2023,615_864
VT,train,-72.577896,43.447132,2021,622_834
VT,val,-72.57787,43.006042,2024,626_818
VT,train,-72.57437,44.14883,2021,616_859
VT,val,-72.572945,43.005936,2023,626_818
VT,train,-72.57125,44.24702,2020,615_863
VT,train,-72.56874,43.465862,2020,622_835
VT,train,-72.56842,43.448246,2020,622_834
VT,train,-72.5684,42.985813,2022,627_818
VT,train,-72.56713,43.044243,2021,626_820
VT,train,-72.56646,42.8579,2022,628_813
VT,train,-72.56597,42.819828,2020,628_812
VT,train,-72.56512,43.618492,2024,621_840
VT,train,-72.56401,44.1184,2021,616_858
VT,train,-72.56363,43.616283,2021,621_840
VT,train,-72.56319,44.794697,2020,610_883
VT,train,-72.5629,43.324524,2020,624_830
VT,train,-72.56157,44.254463,2023,615_863
VT,train,-72.561226,43.741234,2020,620_845
VT,train,-72.55972,43.417446,2022,623_833
VT,train,-72.55635,44.281494,2023,615_864
VT,train,-72.555595,44.30169,2023,615_865
VT,train,-72.5553,43.14456,2024,625_823
VT,train,-72.55493,44.02054,2020,618_855
VT,train,-72.55233,43.142685,2023,626_823
VT,train,-72.55101,44.77345,2020,611_882
VT,train,-72.55028,43.3192,2020,624_830
VT,train,-72.54883,43.64442,2020,621_841
VT,train,-72.54795,43.636696,2024,621_841
VT,val,-72.54753,43.711586,2022,621_844
VT,train,-72.546684,44.85023,2023,610_885
VT,train,-72.54665,44.45475,2022,614_871
VT,train,-72.54545,42.738976,2023,629_809
VT,train,-72.54331,44.634575,2022,612_877
VT,train,-72.54287,43.622635,2022,621_841
VT,val,-72.542725,43.24195,2020,625_827
VT,train,-72.5424,44.30778,2024,615_865
VT,train,-72.54211,43.062077,2024,627_821
VT,train,-72.54158,43.92053,2021,619_851
VT,train,-72.54145,44.4431,2020,614_870
VT,train,-72.53985,43.31294,2022,624_830
VT,train,-72.53668,43.044865,2024,627_820
VT,val,-72.53639,43.228577,2020,625_827
VT,train,-72.535675,43.633434,2024,622_841
VT,train,-72.53517,44.11865,2020,617_859
VT,train,-72.53345,44.87395,2024,610_886
VT,train,-72.53332,43.11781,2024,626_823
VT,train,-72.531944,43.12031,2024,626_823
VT,train,-72.531784,44.64909,2024,612_878
VT,train,-72.52938,44.40024,2020,615_869
VT,train,-72.52881,43.63327,2023,622_841
VT,val,-72.52573,43.31094,2021,625_830
VT,train,-72.52565,44.924156,2024,610_888
VT,train,-72.52562,43.132263,2024,626_823
VT,train,-72.52557,43.043568,2021,627_820
VT,train,-72.52512,44.31817,2020,616_866
VT,train,-72.52414,43.220272,2021,626_826
VT,train,-72.52393,42.986935,2024,628_818
VT,train,-72.5217,42.983284,2022,628_818
VT,train,-72.52157,43.305946,2022,625_829
VT,train,-72.52102,44.493896,2024,614_872
VT,train,-72.520966,44.360672,2021,615_867
VT,train,-72.520706,43.847477,2024,620_849
VT,train,-72.519424,43.201546,2020,626_826
VT,train,-72.51784,44.332146,2020,616_866
VT,train,-72.51713,44.425953,2020,615_870
VT,val,-72.51584,43.338737,2023,625_831
VT,train,-72.51408,43.24626,2020,626_827
VT,train,-72.51375,44.918358,2022,610_888
VT,val,-72.513695,44.639973,2021,613_878
VT,train,-72.5132,44.329346,2024,616_866
VT,train,-72.511665,43.43695,2023,624_834
VT,train,-72.508354,44.39102,2024,615_869
VT,train,-72.50804,44.97502,2020,610_890
VT,train,-72.50771,43.41652,2024,624_834
VT,train,-72.50628,43.128914,2024,627_823
VT,val,-72.5054,44.274117,2021,617_864
VT,train,-72.50493,43.619976,2021,622_841
VT,train,-72.5045,43.613453,2023,623_841
VT,train,-72.504295,44.38972,2023,615_869
VT,train,-72.50428,44.986668,2020,610_890
VT,train,-72.50327,44.283264,2021,616_865
VT,train,-72.50324,42.766296,2020,630_810
VT,train,-72.50314,43.621235,2023,623_841
VT,train,-72.50064,44.90839,2024,611_887
VT,train,-72.50052,44.33199,2022,616_867
VT,train,-72.50006,43.610203,2020,623_841
VT,train,-72.499565,44.328083,2020,616_866
VT,train,-72.49831,43.38389,2023,625_832
VT,train,-72.49773,44.1,2024,618_858
VT,train,-72.49756,44.20609,2021,617_862
VT,train,-72.497025,44.903183,2023,611_887
VT,train,-72.49629,44.21076,2023,617_862
VT,val,-72.49206,44.731586,2024,613_881
VT,train,-72.49205,44.08757,2024,619_858
VT,train,-72.490906,44.230385,2022,617_863
VT,train,-72.49046,44.50202,2023,615_873
VT,train,-72.4876,43.59669,2022,623_840
VT,train,-72.48732,43.58285,2021,623_840
VT,train,-72.48715,44.99987,2023,610_891
VT,train,-72.48541,44.09106,2020,619_858
VT,val,-72.48389,44.42811,2024,616_870
VT,train,-72.48218,44.09439,2022,619_858
VT,train,-72.48196,44.325,2024,617_866
VT,train,-72.481834,43.543163,2023,624_838
VT,train,-72.48161,44.543484,2024,615_874
VT,train,-72.4812,44.08977,2024,619_858
VT,train,-72.480774,44.83042,2024,612_885
VT,train,-72.48055,43.542,2020,624_838
VT,val,-72.48043,44.121525,2022,619_859
VT,train,-72.47927,43.54108,2022,624_838
VT,train,-72.47924,44.08773,2024,619_858
VT,val,-72.47888,43.160904,2024,627_824
VT,train,-72.478004,43.753002,2024,622_846
VT,train,-72.47756,44.32819,2021,617_867
VT,train,-72.477005,44.28844,2023,617_865
VT,train,-72.476265,44.289833,2020,617_865
VT,train,-72.47422,44.1472,2022,618_860
VT,train,-72.473946,43.16054,2021,627_825
VT,train,-72.473885,44.857964,2021,612_886
VT,train,-72.47243,44.312782,2022,617_866
VT,train,-72.47191,43.3708,2020,626_832
VT,train,-72.4697,44.265232,2021,618_864
VT,train,-72.46723,44.885403,2024,612_887
VT,train,-72.46606,43.543385,2020,624_838
VT,train,-72.462166,44.333042,2024,617_867
VT,train,-72.461555,44.34087,2022,617_867
VT,train,-72.45992,43.694714,2021,623_844
VT,train,-72.45871,44.343334,2023,617_867
VT,train,-72.45803,44.046345,2020,620_857
VT,train,-72.45789,44.34254,2022,617_867
VT,train,-72.45716,43.688416,2020,623_844
VT,train,-72.4565,43.355988,2023,626_832
VT,train,-72.455696,44.552376,2024,615_875
VT,train,-72.45565,44.479736,2021,616_872
VT,train,-72.45548,44.34567,2022,617_867
VT,val,-72.45518,44.50771,2020,616_873
VT,train,-72.4542,43.4444,2023,625_835
VT,train,-72.45377,43.352875,2023,626_832
VT,train,-72.453064,44.34701,2024,617_867
VT,train,-72.4527,43.43976,2023,625_835
VT,train,-72.45267,44.34591,2020,617_867
VT,train,-72.45253,43.35574,2024,626_832
VT,train,-72.45236,43.44466,2020,625_835
VT,train,-72.45137,43.35676,2020,626_832
VT,train,-72.45101,43.356354,2023,626_832
VT,val,-72.449295,43.082157,2024,629_822
VT,train,-72.448074,43.356216,2023,626_832
VT,train,-72.44783,43.83588,2024,622_849
VT,train,-72.44664,43.178577,2023,628_825
VT,train,-72.443214,44.686436,2021,614_880
VT,train,-72.44312,43.835514,2021,622_849
VT,train,-72.44293,43.698605,2022,623_844
VT,train,-72.44149,44.59661,2022,615_876
VT,train,-72.43412,44.59088,2024,615_876
VT,train,-72.43252,43.44457,2024,626_835
VT,val,-72.431915,44.273945,2023,618_865
VT,train,-72.42945,43.493874,2021,626_837
VT,train,-72.42615,44.352184,2021,618_868
VT,train,-72.42511,43.778168,2024,623_847
VT,train,-72.4248,43.903904,2020,622_852
VT,train,-72.42307,44.565098,2022,616_875
VT,train,-72.423,44.060684,2024,621_857
VT,train,-72.41883,43.770596,2022,623_847
VT,train,-72.4185,44.31655,2023,618_867
VT,val,-72.41722,44.65842,2020,615_879
VT,train,-72.415794,43.96545,2024,622_854
VT,train,-72.41177,43.644733,2023,625_842
VT,train,-72.409195,44.599716,2024,616_877
VT,train,-72.40891,43.79525,2021,623_848
VT,train,-72.4088,44.33829,2020,618_867
VT,train,-72.40662,44.341106,2022,618_868
VT,train,-72.40249,43.952038,2021,622_854
VT,train,-72.398766,44.349537,2024,619_868
VT,train,-72.39698,44.338448,2024,619_867
VT,train,-72.394005,43.745594,2020,624_846
VT,val,-72.39341,44.487225,2024,617_873
VT,val,-72.39202,44.367718,2020,619_869
VT,train,-72.38972,44.32565,2020,619_867
VT,train,-72.3889,44.18375,2023,620_862
VT,train,-72.38756,43.753513,2021,624_846
VT,train,-72.38697,44.183105,2022,620_862
VT,train,-72.3842,43.5933,2023,626_841
VT,train,-72.38392,44.277344,2020,620_865
VT,val,-72.38343,43.977783,2021,622_855
VT,train,-72.38226,43.86471,2020,623_851
VT,train,-72.38223,44.232838,2021,620_864
VT,train,-72.3818,44.515118,2020,617_874
VT,train,-72.38112,43.595383,2024,626_841
VT,train,-72.381065,43.593773,2024,626_841
VT,train,-72.377304,43.593704,2022,626_841
VT,train,-72.37662,43.857956,2024,624_850
VT,val,-72.375626,44.38974,2024,619_869
VT,train,-72.37419,44.214268,2020,620_863
VT,train,-72.37388,43.861706,2020,624_850
VT,train,-72.37357,44.489143,2021,618_873
VT,val,-72.373245,43.86487,2022,624_851
VT,train,-72.370995,43.92179,2021,623_853
VT,train,-72.37073,44.230003,2022,620_864
VT,train,-72.36831,43.822178,2023,624_849
VT,train,-72.36823,43.91938,2024,623_853
VT,train,-72.36818,43.91854,2022,623_853
VT,val,-72.36761,43.866516,2024,624_851
VT,val,-72.36711,44.64936,2020,617_879
VT,train,-72.36548,44.485943,2021,618_873
VT,val,-72.365364,44.304337,2023,620_866
VT,val,-72.36486,44.0116,2021,623_856
VT,train,-72.362236,44.513084,2023,618_874
VT,val,-72.36068,43.738735,2024,625_846
VT,train,-72.35946,44.690304,2021,616_880
VT,train,-72.35945,44.691208,2021,616_880
VT,train,-72.35942,44.69003,2021,616_880
VT,train,-72.359344,44.68297,2020,617_880
VT,val,-72.35915,43.862717,2023,624_851
VT,train,-72.356514,43.82747,2022,624_849
VT,val,-72.35598,44.165615,2024,621_862
VT,train,-72.35566,44.693615,2023,617_881
VT,train,-72.35206,43.838383,2020,624_850
VT,train,-72.351875,43.83884,2022,624_850
VT,train,-72.35174,44.23603,2022,621_864
VT,val,-72.35078,43.929295,2022,624_853
VT,train,-72.35032,43.80006,2022,625_848
VT,train,-72.34801,44.700264,2021,617_881
VT,val,-72.347046,43.864445,2024,624_851
VT,train,-72.346634,43.80564,2022,625_849
VT,val,-72.34642,43.736736,2020,626_846
VT,train,-72.34602,43.805805,2022,625_849
VT,val,-72.34557,43.928257,2022,624_853
VT,val,-72.34526,43.73644,2020,626_846
VT,train,-72.3436,44.04315,2024,623_857
VT,train,-72.34204,43.630566,2023,627_842
VT,train,-72.339264,44.183628,2024,622_862
VT,val,-72.338615,43.737305,2020,626_846
VT,val,-72.33819,43.9399,2024,624_854
VT,val,-72.33312,44.545345,2021,618_875
VT,train,-72.33305,43.906353,2023,624_852
VT,train,-72.33256,43.71629,2023,626_845
VT,train,-72.33118,44.742985,2021,617_882
VT,train,-72.329735,43.89248,2023,625_852
VT,train,-72.32645,43.708317,2023,626_845
VT,val,-72.3264,44.192467,2021,622_863
VT,val,-72.325356,44.20634,2021,622_863
VT,train,-72.325195,44.44364,2024,620_872
VT,train,-72.32388,44.82394,2022,616_885
VT,train,-72.32259,43.876163,2023,625_851
VT,train,-72.320946,43.699436,2024,627_845
VT,train,-72.32013,43.709995,2020,626_845
VT,val,-72.319496,44.32031,2022,621_867
VT,train,-72.315735,44.24547,2021,622_865
VT,train,-72.31319,44.44558,2023,620_872
VT,val,-72.31216,44.298492,2022,621_867
VT,train,-72.30876,44.687428,2024,618_881
VT,val,-72.30818,44.313816,2023,621_867
VT,val,-72.3066,44.29363,2024,621_866
VT,val,-72.298485,44.376053,2023,621_869
VT,train,-72.29622,43.743816,2022,627_847
VT,train,-72.2956,44.020546,2020,624_857
VT,train,-72.29519,44.019608,2024,624_857
VT,train,-72.2947,44.2963,2022,622_867
VT,val,-72.2938,44.670162,2023,618_880
VT,val,-72.292786,44.670605,2020,618_880
VT,val,-72.2903,44.6114,2022,619_878
VT,train,-72.28947,44.308903,2024,622_867
VT,train,-72.28848,44.806065,2024,617_885
VT,val,-72.288315,44.2802,2021,622_866
VT,val,-72.2802,44.2653,2021,622_866
VT,train,-72.27879,43.821407,2020,626_850
VT,train,-72.27787,44.357044,2021,622_869
VT,train,-72.2776,44.298702,2022,622_867
VT,train,-72.27728,44.54652,2024,620_876
VT,train,-72.27727,44.546154,2023,620_876
VT,train,-72.27529,44.55052,2020,620_876
VT,train,-72.27524,44.529545,2024,620_875
VT,train,-72.27474,44.545444,2023,620_876
VT,val,-72.272354,44.27747,2023,622_866
VT,train,-72.271286,44.397915,2024,621_870
VT,train,-72.26781,44.288345,2021,622_867
VT,train,-72.26672,44.418777,2021,621_871
VT,train,-72.25801,44.44135,2022,621_872
VT,train,-72.25758,44.006252,2022,625_856
VT,train,-72.25645,44.00797,2023,625_856
VT,train,-72.2542,44.008842,2023,625_857
VT,train,-72.253204,44.005196,2023,625_856
VT,train,-72.25202,43.862255,2024,627_851
VT,train,-72.251976,44.007393,2023,625_857
VT,val,-72.25166,43.8201,2024,627_850
VT,val,-72.25108,44.24581,2021,623_865
VT,train,-72.250916,44.00512,2022,626_856
VT,train,-72.24953,44.006058,2023,626_856
VT,train,-72.248474,44.28704,2024,623_867
VT,train,-72.24843,44.00505,2023,626_856
VT,train,-72.247734,44.006023,2023,626_856
VT,train,-72.24611,44.006393,2023,626_857
VT,train,-72.24469,44.43639,2022,622_872
VT,train,-72.23882,44.429173,2021,622_872
VT,train,-72.23196,43.91729,2024,627_853
VT,train,-72.23112,44.42479,2022,622_872
VT,train,-72.225204,43.82394,2023,628_850
VT,train,-72.22507,44.42311,2021,622_872
VT,val,-72.22423,44.312477,2023,623_868
VT,train,-72.22163,44.426704,2022,622_872
VT,train,-72.22114,44.499767,2022,622_874
VT,val,-72.21116,43.851387,2023,628_851
VT,train,-72.19726,44.99871,2023,618_893
VT,train,-72.19268,44.424545,2021,623_872
VT,train,-72.19262,44.359776,2023,624_870
VT,train,-72.1891,44.505566,2022,623_875
VT,train,-72.18643,44.981552,2024,618_892
VT,train,-72.18618,44.184174,2020,626_863
VT,train,-72.18369,43.99742,2024,627_857
VT,train,-72.18229,44.53315,2022,622_876
VT,train,-72.180695,43.92803,2024,628_854
VT,train,-72.17893,44.54076,2021,622_876
VT,train,-72.17869,44.51868,2022,623_875
VT,val,-72.17016,44.038063,2023,627_858
VT,train,-72.16307,43.9608,2022,628_855
VT,train,-72.15877,43.987907,2022,628_856
VT,train,-72.1562,44.074177,2024,627_860
VT,train,-72.15597,44.67753,2021,622_881
VT,train,-72.15335,44.0724,2024,627_859
VT,train,-72.1532,44.073456,2023,627_860
VT,train,-72.152,44.676445,2024,622_881
VT,train,-72.15009,44.678345,2020,622_881
VT,train,-72.14942,44.430256,2023,624_872
VT,train,-72.148766,44.49986,2024,624_875
VT,val,-72.14409,44.05906,2021,628_859
VT,train,-72.1398,44.88738,2021,620_889
VT,train,-72.13795,44.275574,2023,626_867
VT,train,-72.1347,44.436546,2024,625_873
VT,train,-72.13451,43.94504,2021,629_855
VT,train,-72.130455,44.273193,2023,626_867
VT,train,-72.12874,44.256454,2022,626_866
VT,train,-72.11454,44.497437,2022,624_875
VT,train,-72.10428,44.624466,2022,624_880
VT,train,-72.103584,44.438248,2022,625_873
VT,train,-72.09886,44.437218,2021,625_873
VT,train,-72.09407,44.73262,2024,623_884
VT,val,-72.089645,44.411896,2022,626_872
VT,train,-72.08297,44.76281,2022,623_885
VT,train,-72.08076,44.1577,2023,629_863
VT,train,-72.06868,44.737587,2024,623_884
VT,train,-72.06684,44.297756,2024,628_868
VT,train,-72.06585,44.77964,2022,623_886
VT,train,-72.065506,44.706337,2023,624_883
VT,train,-72.05437,44.495632,2024,626_875
VT,train,-72.0538,44.7127,2024,624_883
VT,train,-72.05299,44.41051,2022,627_872
VT,train,-72.0315,44.7297,2021,624_884
VT,train,-72.02846,44.75342,2020,624_885
VT,train,-72.02597,44.756596,2022,624_885
VT,train,-72.01434,44.75947,2020,625_885
VT,train,-72.000854,44.76366,2020,625_885
VT,train,-71.99679,44.89084,2022,624_890
VT,val,-71.99652,44.33297,2021,629_870
VT,train,-71.990616,44.80384,2020,625_887
VT,train,-71.988304,44.76627,2024,625_886
VT,train,-71.97629,44.51579,2024,628_877
VT,train,-71.97202,44.61516,2020,627_880
VT,train,-71.96405,44.726307,2024,626_884
VT,train,-71.96219,44.339367,2020,630_870
VT,train,-71.94797,44.82857,2020,626_888
VT,train,-71.94662,44.628883,2021,628_881
VT,train,-71.94033,44.92064,2021,625_891
VT,train,-71.93908,44.87588,2022,625_890
VT,val,-71.9317,44.70668,2023,627_884
VT,val,-71.9312,44.408134,2024,630_873
VT,val,-71.93085,44.706463,2023,627_884
VT,val,-71.91812,44.515434,2021,629_877
VT,train,-71.91592,44.350212,2023,631_871
VT,val,-71.915535,44.508347,2023,629_877
VT,train,-71.91499,44.58339,2023,629_879
VT,val,-71.91287,44.517113,2023,629_877
VT,train,-71.9124,44.957333,2020,625_893
VT,train,-71.908905,44.861107,2020,626_889
VT,train,-71.89492,44.5708,2023,629_879
VT,val,-71.89088,44.599655,2020,629_880
VT,train,-71.88373,44.342674,2023,632_871
VT,train,-71.88293,44.82951,2020,627_889
VT,train,-71.88123,44.91418,2022,627_892
VT,val,-71.8811,44.82768,2024,627_888
VT,train,-71.88009,44.595337,2022,630_880
VT,train,-71.86368,44.481194,2020,631_876
VT,train,-71.86123,44.34689,2024,632_871
VT,train,-71.856476,44.832207,2023,628_889
VT,val,-71.85567,44.81742,2021,628_888
VT,train,-71.855,44.7933,2022,628_887
VT,train,-71.85059,44.47933,2023,631_876
VT,train,-71.84648,44.78514,2020,629_887
VT,train,-71.84462,44.936794,2021,627_893
VT,train,-71.84295,44.538773,2023,631_878
VT,train,-71.831726,44.803566,2021,629_888
VT,train,-71.82511,44.642857,2024,631_882
VT,train,-71.81846,44.727753,2024,630_885
VT,train,-71.81758,44.53291,2024,632_878
VT,train,-71.81544,44.528545,2020,632_878
VT,train,-71.804924,44.53225,2022,632_878
VT,train,-71.80248,44.607082,2020,631_881
VT,train,-71.79904,44.534275,2024,632_878
VT,train,-71.7948,44.53372,2021,632_878
VT,train,-71.79304,44.4466,2024,633_875
VT,val,-71.791046,44.55782,2023,632_879
VT,val,-71.78992,44.53519,2024,632_879
VT,train,-71.785995,44.65384,2023,631_883
VT,train,-71.783264,44.51598,2021,633_878
VT,val,-71.78206,44.5581,2024,632_879
VT,val,-71.7806,44.426723,2020,634_875
VT,train,-71.780205,44.550777,2024,633_879
VT,train,-71.7795,44.546474,2024,633_879
VT,val,-71.7736,44.78038,2020,631_887
VT,train,-71.77162,44.66493,2022,632_883
VT,train,-71.77049,44.66299,2023,632_883
VT,train,-71.77047,44.663536,2022,632_883
VT,train,-71.7644,44.835613,2024,630_890
VT,train,-71.76262,44.835842,2021,630_890
VT,train,-71.75942,44.822754,2024,631_889
VT,train,-71.75914,44.78357,2021,631_888
VT,train,-71.75853,44.786747,2023,631_888
VT,val,-71.757256,44.773346,2021,631_887
VT,train,-71.755936,44.779354,2023,631_888
VT,train,-71.755516,44.780113,2020,631_888
VT,train,-71.749756,44.843338,2024,631_890
VT,train,-71.74203,44.70992,2022,632_885
VT,train,-71.73941,44.579502,2024,633_880
VT,train,-71.73941,44.764008,2024,632_887
VT,train,-71.7394,44.967545,2021,630_894
VT,train,-71.73692,44.803204,2023,631_889
VT,train,-71.73667,44.578648,2021,633_880
VT,train,-71.73446,44.75778,2020,632_887
VT,train,-71.7319,44.8203,2024,631_889
VT,train,-71.72931,44.75932,2022,632_887
VT,train,-71.72326,44.442787,2023,635_876
VT,val,-71.715,44.8276,2024,632_890
VT,train,-71.70996,44.75747,2024,632_887
VT,train,-71.70975,44.757866,2021,632_887
VT,train,-71.70382,44.681835,2021,633_884
VT,train,-71.70235,44.561134,2023,634_880
VT,train,-71.700935,44.563267,2023,634_880
VT,train,-71.70085,44.801205,2022,632_889
VT,train,-71.6698,44.822983,2024,633_890
VT,train,-71.668816,44.82127,2021,633_890
VT,train,-71.62586,44.94179,2024,633_894
VT,train,-71.62255,44.7979,2021,634_889
VT,train,-71.61734,44.556343,2020,637_880
VT,val,-71.59373,44.66838,2022,636_885
VT,val,-71.58726,44.831875,2024,635_891
VT,train,-71.57804,44.89822,2024,634_893
VT,train,-71.57183,44.56932,2022,638_881
VT,train,-71.55058,44.99446,2024,634_897
